lat,lon,name,category,address
13.0402539,80.2437255,Residency Towers,Residency,", Chennai"
13.0340003,80.2677522,Adyar Ananda Bhavan,Residential Apartment,"RK Mutt Road, Chennai"
13.0367415,80.2672996,Sangeetha Residency,Residency,", Chennai"
13.0294193,80.2495759,Park Sheraton Residency,Residency,", Chennai"
13.0494945,80.1998165,Majestic Apartments,Apartment Complex,", Chennai"
13.047776,80.2195109,Jains Antariksha,Residential Apartment,", Chennai"
13.0277093,80.242885,Bajaj Apartments,Apartment Complex,", Chennai"
13.0215091,80.2469945,Kottur Manor,Residential Apartment,", Chennai"
13.0201377,80.2472348,Kottur Villa,Residential Apartment,", Chennai"
13.0481292,80.1960279,Balaji Apt,Residential Apartment,", Chennai"
13.0176791,80.2626581,Ramaniyam Towers,Residential Apartment,", Chennai"
12.9267346,80.1981403,Animal Housing,Housing Colony,", Chennai"
13.0192477,80.2457679,Anmol Gardens,Residential Apartment,"Naidu Street, Chennai"
12.8991253,80.1737736,Miranda residence,Residency,", Chennai"
13.0463439,80.190746,Jains Ashraya Phase - 3 Apartment,Apartment Complex,", Chennai"
13.0461972,80.1899198,Ceebros Gardens Apartment,Apartment Complex,", Chennai"
12.9229827,80.1964733,"Casa Grande, Riviera Apartments",Apartment Complex,", Chennai"
12.9450618,80.1386821,Viswamelu Avenue,Residential Apartment,"Chitlapakkam Main Road, Chennai"
12.9658226,80.192483,Charukesi Apartments,Apartment Complex,", Chennai"
12.9643134,80.1956426,Krishna Sagar Apartments,Apartment Complex,", Chennai"
12.9710645,80.215736,Sagar Vaibhav Flats,Apartment Complex,", Chennai"
13.0347217,80.2163029,Pink Fitness Center,Residential Apartment,", Chennai"
12.9793974,80.2304209,Krav Maga Training,Residential Apartment,", Chennai"
12.912313,80.18652,Tulip apartments,Apartment Complex,", Chennai"
12.913498,80.188647,Harini flats,Apartment Complex,", Chennai"
12.913441,80.188781,Raja flats,Apartment Complex,", Chennai"
12.9586279,80.1945788,Sree Vari Foundation,Residential Apartment,"Madurakali Nagar, Chennai"
13.0896131,80.2619241,Shankeshwara Apartments,Apartment Complex,"Kalathiyappan Street, Chennai"
13.0298672,80.2421319,Unnamed Apartment,Apartment Complex,"Pasumpon Muthuramalingar Thever Salai, Chennai"
12.82083,80.229935,Oaktree apartments,Apartment Complex,", Chennai"
12.939232,80.1462628,Ruby Enclave,Residential Apartment,", Chennai"
12.9782518,80.2664893,Ceebros,Residential Apartment,", Chennai"
12.9659219,80.1925125,Jumbo Srivatsa,Residential Apartment,"Venkatesa Perumal 2nd Street, Chennai City Corporation Limits"
12.9301324,80.2042232,Flamingo Apartment,Apartment Complex,"kannabiran koil street, Chennai"
12.9241623,80.1400108,Sri Dhayala Nivas Apartments,Apartment Complex,"Santhanalakshmi Street, Chennai"
13.038527,80.2575692,Palaniswami Apartments,Apartment Complex,"Luz Church Road, Chennai"
13.0756884,80.2379085,Praveen's VAJRA,Residential Apartment,", Chennai"
12.9985465,80.2375364,G6 Block,Residential Apartment,", Chennai"
13.0429249,80.2359621,LIC Housing Finance Ltd,Housing Colony,", Chennai"
12.8971818,80.2217417,Cetral park-west,Residential Apartment,", Chennai"
13.0261068,80.2170163,SUNSHINE APARTMENT ,Apartment Complex,"West Jones Road, Chennai"
12.9737682,80.1395429,Vigneshwara Apartments,Apartment Complex,"Pillayar Kovil 2nd street, Chennai"
13.0907028,80.1818978,Royal Villas Serviced Apartments,Apartment Complex,"Olympic Colony, Padi, chennai"
13.1268612,80.1936536,Alliance Orchid Springss,Residential Apartment,"Water Canal Road, Before DRJ Hospital,, Near Anna Nagar, Korattur Tank, Korattur, chennai"
12.9616626,80.2125895,Doshi Symphony Apartments,Apartment Complex,"Ram nagar 6th Main Road, Ram Nagar South, Madipakkam"
13.0284132,80.2498901,Kings Service Apartment,Apartment Complex,"Chamiers Road, Chennai"
13.0295451,80.2147304,lotus apartments,Apartment Complex,"3rd St, Ragavan Colony, Mettuppalayam, Ashok Nagar, Chennai, Chennai"
12.9582448,80.2452773,Gharanah Service Apartments,Apartment Complex,"Rajiv Gandhi IT Expressway, chennai"
13.1184851,80.1567302,Vijaya Shanthi Apartment,Apartment Complex,"Kalli Kuppam Rd, Venkatapuram, Ambattur, Chennai, Tamil Nadu 600053"
12.9913522,80.256218,Anand Apartments,Apartment Complex,"Anand Apartments, 50, Dr Muthu Lakshmi Rd, L.I.C Colony, Thiruvanmiyu, Chennai"
13.0054065,80.2496492,NPL'S Service Apartments,Apartment Complex,"4th Main Road, Kasthuriba Nagar, Adyar, Kasturba Nagar, Adyar,, chennai"
13.0090434,80.2569631,Rams Apartment,Apartment Complex,"Gandhi Nagar 4th Main Road, Chennai"
12.9981066,80.2075646,Sri Mahalakshmi Apartments,Apartment Complex,"City Link Road, N.G.O. Colony, Ganesh Nagar, Adambakkam, chennai"
12.8988605,80.2351777,Kurinchi Gloxinia Apartment,Apartment Complex,"KTK Town, Shollinganallur, Chennai"
13.028598,80.1327487,Uranus Apartments,Apartment Complex,", Chennai"
13.0285601,80.1327152,Uranus Apartments,Apartment Complex,", Chennai"
13.0731091,80.2009166,Emirates Residency,Residency,", Chennai"
13.0862218,80.1927611,Five Star Apartments,Apartment Complex,", Chennai"
12.9369378,80.2059477,Mapleton Apartments,Apartment Complex,", Chennai"
12.8874528,80.2080531,Perumbakkam Slum Relocation Apartment,Apartment Complex,"Perumbakkam, Chennai"
12.9985264,80.205595,Bambooz Residency,Residency,"Muthyal Street, Chennai"
12.9292322,80.1929128,E14,Residential Apartment,", Chennai"
12.929444,80.1929209,E5,Residential Apartment,", Chennai"
12.9293446,80.1922262,E4,Residential Apartment,", Chennai"
12.9292976,80.1920143,E3,Residential Apartment,", Chennai"
12.9293054,80.1917836,E1,Residential Apartment,", Chennai"
12.9296139,80.1918024,E2,Residential Apartment,", Chennai"
12.9292191,80.193224,E13,Residential Apartment,", Chennai"
12.9294466,80.1932186,E6,Residential Apartment,", Chennai"
12.9294492,80.1935297,E7,Residential Apartment,", Chennai"
12.9292087,80.19357,E12,Residential Apartment,", Chennai"
12.9292008,80.1938677,E11,Residential Apartment,", Chennai"
12.9311988,80.1962851,Unnamed Apartment,Apartment Complex,", Chennai"
13.1673439,80.2596814,Unnamed Apartment,Apartment Complex,", Chennai"
13.0518707,80.2482874,Season Residences,Residency,", Chennai"
13.0313299,80.2126808,MIG 120 Flats,Apartment Complex,"11th Avenue, Ashok Nagar, சென்னை - Chennai"
13.0468013,80.2454468,Rams Apartment,Apartment Complex,"Doctor Shivaji Ganesan Road, Chennai"
13.0342648,80.2181325,Rams Maruthi Flats,Apartment Complex,"Ram Colony Street, Chennai"
13.0762896,80.2713462,ARZ Residence - HQ,Residency,", Chennai"
13.0883017,80.1784121,Golden Flats,Apartment Complex,", Chennai"
13.0270224,80.2107828,Royal Residency,Residency,"S.V. Chidambaram Salai, Chennai"
13.0997196,80.1570857,Sri Harini Apartment,Apartment Complex,"Longford Street, VGN Park, Ambattur, Chennai, Chennai"
12.9463284,80.182239,MF VRUKSHA,Residential Apartment,"Medavakkam Main Road, CHENNAI"
12.9459879,80.1818221,MF VRUKSHA,Residential Apartment,"Medavakkam Main Road, CHENNAI"
12.9462811,80.1817406,MF VRUKSHA,Residential Apartment,"Medavakkam Main Road, CHENNAI"
12.9000105,80.177116,Annai Avantika Apartments,Apartment Complex,"Anjaneyar koil street, Vengaivasal, Chennai"
13.0860577,80.1816788,Orchard Westend Apartments,Apartment Complex,"Arasar Street, Velammal School Road, Mogappair East., Chennai"
13.0448669,80.2407673,The Residency,Residency,", Chennai"
13.0523555,80.248955,Gemini parsn apartments,Apartment Complex,", Chennai"
12.9664865,80.2618513,YogaVahini,Residential Apartment,"19th St, Venkateswara Nagar, Kottivakkam, Chennai"
12.9221546,80.1551536,Durga Homes(Ganesan.N),Residential Apartment,"2nd Cross St, Sembakkam,, Rajakilpakkam"
13.0153145,80.1541598,Orchid Apartments,Apartment Complex,"Orchid Street, Chennai"
13.0048157,80.2512032,Jothi Apartments,Apartment Complex,", Chennai"
12.9980198,80.2072705,Mahalakshmi Apartments,Apartment Complex,", Chennai"
12.9535267,80.1486366,VRIKSHAH ENCLAVE,Residential Apartment,"Vishwanathan St, Radha Nagar, Chrompet, Chennai"
13.1260622,80.2016153,Aakash enclave,Residential Apartment,", Chennai"
13.1246747,80.2016559,Athiar court,Residential Apartment,", Chennai"
12.9805996,80.2089452,Geethalaya Appartments,Residential Apartment,", Chennai"
12.9965718,80.2061712,The Grove Apartments,Apartment Complex,"City Link Road, Chennai"
13.0285784,80.1327691,Uranus Apartments,Apartment Complex,", Chennai"
12.8075874,80.2153819,Pride Towers by Pacifica,Residential Apartment,", Chennai"
12.8079429,80.2274831,"Godrej Azure, Chennai",Residential Apartment,", Chennai"
12.9584754,80.1267658,Baashyaam Navaratna,Residential Apartment,", Chennai"
13.1056768,80.1241013,Harini home,Residential Apartment,"Third Street, Chennai"
12.9949745,80.2600433,"Sivagami Flats, Block B",Apartment Complex,", Chennai"
12.9949769,80.2598376,"Sivagami Flats, Block A",Apartment Complex,", Chennai"
13.0514359,80.2430825,Trident Flats,Apartment Complex,", Chennai"
13.0342322,80.2564647,Residency Builders,Residency,", Chennai"
12.9807835,80.1643354,Grace Residency Airport,Residency,", Chennai"
12.8786189,80.2161601,Nest Apartment,Apartment Complex,", Chennai"
13.0714464,80.1687899,DABC Abhinayam Phase 1,Residential Apartment,", Chennai"
13.0714353,80.1687918,DABC Abhinayam Phase-1,Residential Apartment,", Chennai"
12.9433599,80.2108153,Grand Residency,Residency,", Chennai"
13.0045178,80.2513542,Swarna Sudarshan Serviced Apartments @ Adyar (Unit of Prohotel),Apartment Complex,", Chennai"
13.1171095,80.1330851,Rc adena apartments,Apartment Complex,"Nethaji Street, chennai"
13.0925009,80.1924716,ONGC Housing Unit,Housing Colony,"Anna Nagar West Extension, Chennai"
13.0434384,80.1367542,Dura Housing,Housing Colony,"A. N. Elumalai Salai, Iyyapanthangal, Chennai"
13.0368321,80.1665,Magnolia Apartments,Apartment Complex,", Chennai"
13.0154142,80.2287148,Central Warehousing Corporation Regional Office,Housing Colony,", Chennai"
12.9944347,80.2550322,Baashyam Pluto,Residential Apartment,"LB Road, Chennai"
13.054386,80.2684764,Unnamed Apartment,Apartment Complex,", Chennai"
13.0990871,80.142533,"Tamilnadu Housing Board Road, Ayapakkam",Housing Colony,", Chennai"
13.1059962,80.1367762,Tamilnadu Housing Board Road,Housing Colony,", Chennai"
13.0440162,80.2497944,Southern Railway Quarters,Residential Apartment,", Chennai"
13.040668,80.2527932,Aashiana,Residential Apartment,", Chennai"
13.0408343,80.2537645,Unnamed Apartment,Apartment Complex,", Chennai"
13.0420771,80.249358,Post and Telegraph Colony,Housing Colony,", Chennai"
13.0786485,80.2783601,Unnamed Apartment,Apartment Complex,", Chennai"
13.0159112,80.271382,Rani Meyammai Towers,Residential Apartment,", Chennai"
12.9711427,80.1881756,Abhilash Apartments,Apartment Complex,", Chennai"
13.060204,80.264739,Unnamed Apartment,Apartment Complex,", Chennai"
12.991759,80.2540771,CPWD Quarters,Residential Apartment,", Chennai"
13.0750067,80.2529694,Presidency Girls HSS,Residency,", Chennai"
13.0687038,80.2631735,Police Quarters,Residential Apartment,", Chennai"
13.1284489,80.2723551,Unnamed Apartment,Apartment Complex,", Chennai"
13.1286208,80.267941,Unnamed Apartment,Apartment Complex,", Chennai"
12.9878717,80.2376917,Sindhu,Residential Apartment,", Chennai"
13.010643,80.2578149,Malligaipoo Nagar Slum,Residential Apartment,", Chennai"
13.0501397,80.2106524,Appaswamy Trellis,Residential Apartment,", Chennai"
13.0638593,80.2534831,Cochin House Police Quarters,Residential Apartment,", Chennai"
13.1043248,80.2594367,North Town - Ananda,Residential Apartment,", Chennai"
13.2525881,80.2790722,NCTPS Quarters,Residential Apartment,", Chennai"
12.9456596,80.1387663,Home Finders court,Residential Apartment,", Chennai"
13.0309773,80.2026398,Nu Tech Indira,Residential Apartment,", Chennai"
13.0130321,80.1840822,Wood Creek County,Residential Apartment,", Chennai"
13.0229337,80.2004314,Unnamed Apartment,Apartment Complex,", Chennai"
13.0275647,80.2026906,New Flats,Apartment Complex,", Chennai"
13.0156505,80.209642,Unnamed Apartment,Apartment Complex,", Chennai"
13.0331596,80.2052568,Unnamed Apartment,Apartment Complex,", Chennai"
13.0098201,80.2004931,Police Commissioner of Chennai Office,Residential Apartment,", Chennai"
12.8756044,80.2103099,TNSCB Semmanchery,Residential Apartment,", Chennai"
13.0354306,80.2658159,TNSCB,Residential Apartment,", Chennai"
13.0228347,80.270015,Rohini Gardens Police Quarters,Residential Apartment,", Chennai"
13.0491209,80.1986859,Shyamala Gardens - Ceebros,Residential Apartment,", Chennai"
13.0501861,80.1949042,Kences Retreat - Jains,Residential Apartment,", Chennai"
13.048832,80.1958447,Rajparis Apt,Residential Apartment,", Chennai"
13.0380625,80.2670251,Luz Golden Enclave,Residential Apartment,", Chennai"
12.9967229,80.2658574,Reserve Bank Staff Quarters,Residential Apartment,", Chennai"
13.0802967,80.260077,YWCA,Residential Apartment,", Chennai"
12.9449494,80.1395823,Alsa block 1,Residential Apartment,", Chennai"
12.9450366,80.1393489,alsa block 2,Residential Apartment,", Chennai"
12.944724,80.1392266,alsa block 3,Residential Apartment,", Chennai"
13.035232,80.2743899,CID Quarters,Residential Apartment,", Chennai"
12.9458259,80.1390519,Unnamed Apartment,Apartment Complex,", Chennai"
12.9460294,80.138527,Unnamed Apartment,Apartment Complex,", Chennai"
12.9471683,80.1383096,Unnamed Apartment,Apartment Complex,", Chennai"
12.9457504,80.1415097,Unnamed Apartment,Apartment Complex,", Chennai"
12.9442778,80.1394802,Unnamed Apartment,Apartment Complex,", Chennai"
12.947176,80.1376006,Unnamed Apartment,Apartment Complex,", Chennai"
13.0484082,80.2074693,Unnamed Apartment,Apartment Complex,", Chennai"
13.1071168,80.2815502,Railway Quarters,Residential Apartment,", Chennai"
13.0509844,80.2704305,Post & Telegraph Quarters,Residential Apartment,", Chennai"
13.0953557,80.267114,TNSCB Colony,Housing Colony,", Chennai"
13.0981071,80.2637889,TNSCB Colony,Housing Colony,", Chennai"
13.1065293,80.2654331,TNSCB Colony,Housing Colony,", Chennai"
13.0958244,80.2608379,Unnamed Apartment,Apartment Complex,", Chennai"
13.0946753,80.2491859,TNSCB Colony,Housing Colony,", Chennai"
13.1027136,80.2401685,ICF Quarters,Residential Apartment,", Chennai"
13.0990878,80.2384177,Sunnyvale Apartments,Apartment Complex,", Chennai"
13.0982568,80.2185046,ICF Colony East,Housing Colony,", Chennai"
13.10127,80.2258232,ICF Colony North,Housing Colony,", Chennai"
13.1009467,80.2114767,ICF Colony West,Housing Colony,", Chennai"
13.1011309,80.2166033,ICF Colony North,Housing Colony,", Chennai"
13.0945225,80.2195646,Royal Enclave,Residential Apartment,", Chennai"
12.9892738,80.2588797,Atrium Apartments,Apartment Complex,", Chennai"
12.9897322,80.2552577,Sanjeevani Apartments,Apartment Complex,", Chennai"
12.9791607,80.2660944,Sri Aditya Apartments,Apartment Complex,"4th Seaward Rd, Chennai"
12.9792261,80.2646919,Laxmima Apartments,Apartment Complex,", Chennai"
12.9793367,80.2642753,Century Anchorage,Residential Apartment,", Chennai"
12.9758803,80.1539589,Veteran Lines,Residential Apartment,", Chennai"
13.0473018,80.2306288,Income Tax Quarters,Residential Apartment,"Bazullah Road, Chennai"
13.0472508,80.2310087,Nabard Quarters,Residential Apartment,"Bazullah Road, Chennai"
13.0495689,80.2056409,Unnamed Apartment,Apartment Complex,", Chennai"
12.9296818,80.2398258,Kannagi Nagar TNSCB Flats,Apartment Complex,", Chennai"
13.0709491,80.1640258,Unnamed Apartment,Apartment Complex,", Chennai"
13.0678089,80.1702223,Jains Nakshatra,Residential Apartment,", Chennai"
13.0710618,80.1677812,Unnamed Apartment,Apartment Complex,", Chennai"
13.0381084,80.2670224,LUZ GOLDEN ENCLAVE,Residential Apartment,", Chennai"
12.960247,80.2129969,Unnamed Apartment,Apartment Complex,", Chennai"
12.9601348,80.2133228,Unnamed Apartment,Apartment Complex,", Chennai"
12.960466,80.2133694,Unnamed Apartment,Apartment Complex,", Chennai"
12.9603809,80.212705,Unnamed Apartment,Apartment Complex,", Chennai"
12.960056,80.2139947,Unnamed Apartment,Apartment Complex,", Chennai"
12.9603277,80.2140977,Unnamed Apartment,Apartment Complex,", Chennai"
13.0938526,80.2744632,Unnamed Apartment,Apartment Complex,", Chennai"
13.0739225,80.2868049,Unnamed Apartment,Apartment Complex,", Chennai"
13.0728122,80.2862351,Unnamed Apartment,Apartment Complex,", Chennai"
13.0207638,80.2508801,Unnamed Apartment,Apartment Complex,", Chennai"
13.0174929,80.2215054,Unnamed Apartment,Apartment Complex,", Chennai"
13.0176127,80.224072,Maraimalai Adigal Palam,Residential Apartment,", Chennai"
12.8359824,80.2322425,Hiranandani,Residential Apartment,"Rajiv Gandhi Salai, Egattur, Chennai"
12.9678338,80.2643688,Kottivakkam Kuppam,Residential Apartment,", Chennai"
12.9539288,80.2619925,Neelankarai Kuppam,Residential Apartment,", Chennai"
12.961107,80.2624958,Pallavakkam Kuppam,Residential Apartment,", Chennai"
12.9851739,80.2686181,Thiruvanmiyur Kuppam,Residential Apartment,", Chennai"
12.9626829,80.2472888,Thiruvalluvar Nagar,Residential Apartment,", Chennai"
12.9677541,80.2536185,Prithvi Apartments,Apartment Complex,", Chennai"
12.9706981,80.2481831,Vijay Shanti Apartments,Apartment Complex,", Chennai"
12.9778156,80.2507559,Navratna Apartments,Apartment Complex,", Chennai"
12.9742899,80.2524891,Elango Nagar,Residential Apartment,", Chennai"
12.9766484,80.2521421,Ramalinga Nagar,Residential Apartment,", Chennai"
12.9618393,80.250428,Unnamed Apartment,Apartment Complex,", Chennai"
12.9688358,80.2523353,Unnamed Apartment,Apartment Complex,", Chennai"
12.976679,80.2535414,Unnamed Apartment,Apartment Complex,", Chennai"
12.9720189,80.2618307,Unnamed Apartment,Apartment Complex,", Chennai"
12.9673754,80.2599627,Unnamed Apartment,Apartment Complex,", Chennai"
12.9762165,80.2482735,Judge's Colony,Housing Colony,", Chennai"
12.9768377,80.244635,Venkateshwara Nagar Colony,Housing Colony,", Chennai"
12.9692136,80.2463241,Govindaswamy Nagar,Residential Apartment,", Chennai"
12.9788667,80.2499956,MGR Nagar,Residential Apartment,", Chennai"
12.9687089,80.2450267,Govindaswamy Nagar,Residential Apartment,", Chennai"
12.967687,80.247867,Homestead Apartments,Apartment Complex,", Chennai"
12.9743434,80.2647072,Kurinji Apartments,Apartment Complex,", Chennai"
12.9770201,80.2633198,Sea Breeze Apartments,Apartment Complex,", Chennai"
12.9690521,80.2597875,Unnamed Apartment,Apartment Complex,", Chennai"
12.9649975,80.2348311,Green Acres,Residential Apartment,", Chennai"
12.9805967,80.2509477,Unnamed Apartment,Apartment Complex,", Chennai"
12.988999,80.1806412,Unnamed Apartment,Apartment Complex,", Chennai"
13.0998081,80.18046,Unnamed Apartment,Apartment Complex,", Chennai"
13.0891154,80.2045408,CRQ and Postal Quarters,Residential Apartment,", Chennai"
12.9117036,80.1620913,LCS Prabupuri,Residential Apartment,", Chennai"
12.9679834,80.2360234,Lake Views Appartments,Residential Apartment,", Chennai"
13.0399072,80.2569888,Unnamed Apartment,Apartment Complex,", Chennai"
13.0405361,80.2571727,Unnamed Apartment,Apartment Complex,", Chennai"
13.0390588,80.2545452,Unnamed Apartment,Apartment Complex,", Chennai"
13.0400268,80.2535853,Unnamed Apartment,Apartment Complex,", Chennai"
13.0399632,80.25425,Unnamed Apartment,Apartment Complex,", Chennai"
13.0408229,80.2544604,Unnamed Apartment,Apartment Complex,", Chennai"
13.0411935,80.2542034,Unnamed Apartment,Apartment Complex,", Chennai"
13.0406458,80.254305,Unnamed Apartment,Apartment Complex,", Chennai"
13.0399843,80.2549676,Unnamed Apartment,Apartment Complex,", Chennai"
13.0404903,80.2557075,Unnamed Apartment,Apartment Complex,", Chennai"
13.0411864,80.2545822,Unnamed Apartment,Apartment Complex,", Chennai"
13.0394664,80.2553518,Unnamed Apartment,Apartment Complex,", Chennai"
13.0419583,80.250791,Unnamed Apartment,Apartment Complex,", Chennai"
13.0411235,80.2514574,Unnamed Apartment,Apartment Complex,", Chennai"
13.0404186,80.2512167,Unnamed Apartment,Apartment Complex,", Chennai"
13.0420011,80.2514211,Unnamed Apartment,Apartment Complex,", Chennai"
13.0416984,80.2514261,Unnamed Apartment,Apartment Complex,", Chennai"
13.0434322,80.2553449,Unnamed Apartment,Apartment Complex,", Chennai"
13.03989,80.2521997,Unnamed Apartment,Apartment Complex,", Chennai"
13.0454484,80.2549005,Unnamed Apartment,Apartment Complex,", Chennai"
13.0398184,80.2511076,Unnamed Apartment,Apartment Complex,", Chennai"
13.0396861,80.2499142,Unnamed Apartment,Apartment Complex,", Chennai"
13.0415183,80.2570337,Unnamed Apartment,Apartment Complex,", Chennai"
13.0391867,80.2509728,Unnamed Apartment,Apartment Complex,", Chennai"
13.0407952,80.2499328,Unnamed Apartment,Apartment Complex,", Chennai"
13.0452322,80.2556009,Unnamed Apartment,Apartment Complex,", Chennai"
13.0417003,80.2552964,Unnamed Apartment,Apartment Complex,", Chennai"
13.0398875,80.2544316,Unnamed Apartment,Apartment Complex,", Chennai"
13.0436044,80.2522958,Unnamed Apartment,Apartment Complex,", Chennai"
13.0424304,80.2531588,Unnamed Apartment,Apartment Complex,", Chennai"
13.0441849,80.2585724,Unnamed Apartment,Apartment Complex,", Chennai"
13.0437853,80.2577353,Unnamed Apartment,Apartment Complex,", Chennai"
13.0424342,80.2579128,Unnamed Apartment,Apartment Complex,", Chennai"
13.025131,80.1838683,Home Finder's Estate,Residential Apartment,"Valluvar Salai, Chennai"
13.0504793,80.2491565,Unnamed Apartment,Apartment Complex,", Chennai"
13.0462197,80.2474371,Unnamed Apartment,Apartment Complex,", Chennai"
13.0457967,80.2512968,Unnamed Apartment,Apartment Complex,", Chennai"
13.0385588,80.2450989,Unnamed Apartment,Apartment Complex,", Chennai"
13.0406515,80.2485993,Unnamed Apartment,Apartment Complex,", Chennai"
13.0409309,80.2465852,Unnamed Apartment,Apartment Complex,", Chennai"
13.0012394,80.2652676,CPWD Quarters (Old),Residential Apartment,", Chennai"
12.9450226,80.1385396,Viswamelu Avenue,Residential Apartment,", Chennai"
13.0218555,80.2681071,Karpagam Avenue,Residential Apartment,", Chennai"
12.9710695,80.2157129,Sagar Vaibhav Flats,Apartment Complex,"6th Main Road Ram Nagar (N) Extn, Chennai"
12.9773533,80.2202089,Alacrity Prakriti,Residential Apartment,", Chennai"
12.9711963,80.2226581,Shivago castle,Residential Apartment,", Chennai"
12.9715089,80.2228991,Kirti Flats,Apartment Complex,"Bethel Avenue Main Road, Chennai"
12.9717208,80.2221808,Paramount towers,Residential Apartment,", Chennai"
13.0656767,80.1530527,Unnamed Apartment,Apartment Complex,", Chennai"
12.9617233,80.1223207,Unnamed Apartment,Apartment Complex,", Chennai"
12.9367003,80.1753714,Antony Apartments,Apartment Complex,"Balakrishnan Street, Nanmangalam, Chennai, Chennai"
13.0082061,80.2365969,Vice Chancellor's Residence,Residency,", Chennai"
13.0455276,80.2631218,Unnamed Apartment,Apartment Complex,", Chennai"
12.977756,80.2216151,Ceebros Green Park,Residential Apartment,", Chennai"
12.9687724,80.2204849,Shanmugha Apartments,Apartment Complex,", Chennai"
12.9688167,80.2197788,Nathan Subramaniam Colony,Housing Colony,"Nathan Subramaniam Colony, Chennai"
13.0779649,80.2145005,Sri Ram Flats,Apartment Complex,", Chennai"
13.0338029,80.2727141,Postal Colony,Housing Colony,", Chennai"
13.0351937,80.26901,Unnamed Apartment,Apartment Complex,", Chennai"
13.0360204,80.2683828,Unnamed Apartment,Apartment Complex,", Chennai"
13.0310759,80.2768291,Unnamed Apartment,Apartment Complex,", Chennai"
13.0328067,80.2781778,Unnamed Apartment,Apartment Complex,", Chennai"
13.0309144,80.267717,Unnamed Apartment,Apartment Complex,", Chennai"
13.0295055,80.2670673,Unnamed Apartment,Apartment Complex,", Chennai"
13.0298481,80.2676568,Unnamed Apartment,Apartment Complex,", Chennai"
13.0328907,80.2696513,Unnamed Apartment,Apartment Complex,", Chennai"
13.0298173,80.2671074,Unnamed Apartment,Apartment Complex,", Chennai"
13.0355014,80.2669861,Unnamed Apartment,Apartment Complex,", Chennai"
13.0160945,80.2682305,Unnamed Apartment,Apartment Complex,", Chennai"
13.0186652,80.2714254,Unnamed Apartment,Apartment Complex,", Chennai"
13.0165372,80.270701,Unnamed Apartment,Apartment Complex,", Chennai"
13.0199486,80.27286,Unnamed Apartment,Apartment Complex,", Chennai"
13.0196822,80.2723343,Unnamed Apartment,Apartment Complex,", Chennai"
13.0199888,80.2699272,Unnamed Apartment,Apartment Complex,", Chennai"
13.018136,80.2737111,Ceebros One 74,Residential Apartment,"Adyar Seaface, Satyadev Avenue, Chennai"
13.0200026,80.2676743,Unnamed Apartment,Apartment Complex,", Chennai"
13.0168463,80.2716657,Unnamed Apartment,Apartment Complex,", Chennai"
13.0189707,80.2692815,Unnamed Apartment,Apartment Complex,", Chennai"
13.0187228,80.2776639,Unnamed Apartment,Apartment Complex,", Chennai"
13.0194745,80.2764086,Unnamed Apartment,Apartment Complex,", Chennai"
13.0186603,80.2772031,Unnamed Apartment,Apartment Complex,", Chennai"
13.0187315,80.2766857,Unnamed Apartment,Apartment Complex,", Chennai"
13.0206145,80.2770441,Unnamed Apartment,Apartment Complex,", Chennai"
13.0364156,80.2565384,Asta Arise,Residential Apartment,", Chennai"
13.0351591,80.2582164,Unnamed Apartment,Apartment Complex,", Chennai"
13.0363628,80.2576802,Unnamed Apartment,Apartment Complex,", Chennai"
13.0405141,80.2623118,Unnamed Apartment,Apartment Complex,", Chennai"
13.04186,80.2619801,Unnamed Apartment,Apartment Complex,", Chennai"
13.0325647,80.2565249,Unnamed Apartment,Apartment Complex,", Chennai"
13.0418717,80.2603479,Unnamed Apartment,Apartment Complex,", Chennai"
13.0420389,80.2596907,Unnamed Apartment,Apartment Complex,", Chennai"
13.0405286,80.2661797,Unnamed Apartment,Apartment Complex,", Chennai"
13.0360078,80.254379,Unnamed Apartment,Apartment Complex,", Chennai"
13.0406428,80.2649091,Unnamed Apartment,Apartment Complex,", Chennai"
13.0656118,80.2538523,Unnamed Apartment,Apartment Complex,", Chennai"
13.0583248,80.249707,Unnamed Apartment,Apartment Complex,", Chennai"
13.0248927,80.2417236,Unnamed Apartment,Apartment Complex,", Chennai"
13.0268205,80.2471807,Unnamed Apartment,Apartment Complex,", Chennai"
13.0226741,80.2433876,Unnamed Apartment,Apartment Complex,", Chennai"
13.066344,80.2816039,Unnamed Apartment,Apartment Complex,", Chennai"
13.030673,80.2789937,Unnamed Apartment,Apartment Complex,", Chennai"
13.038803,80.2795797,Unnamed Apartment,Apartment Complex,", Chennai"
13.037911,80.279738,Unnamed Apartment,Apartment Complex,", Chennai"
13.0342074,80.2793254,Unnamed Apartment,Apartment Complex,", Chennai"
13.0292362,80.2775279,Unnamed Apartment,Apartment Complex,", Chennai"
13.0361719,80.2795741,Unnamed Apartment,Apartment Complex,", Chennai"
13.0381738,80.2791163,Unnamed Apartment,Apartment Complex,", Chennai"
13.0330673,80.2652485,Unnamed Apartment,Apartment Complex,", Chennai"
13.0330312,80.2657946,Unnamed Apartment,Apartment Complex,", Chennai"
13.0333832,80.265288,Unnamed Apartment,Apartment Complex,", Chennai"
13.0369822,80.2788,Unnamed Apartment,Apartment Complex,", Chennai"
13.0388279,80.2638513,Unnamed Apartment,Apartment Complex,", Chennai"
13.0386192,80.2640267,Unnamed Apartment,Apartment Complex,", Chennai"
13.0405003,80.2618198,Unnamed Apartment,Apartment Complex,", Chennai"
13.0342014,80.2669694,Unnamed Apartment,Apartment Complex,", Chennai"
13.0294712,80.2381089,Tamil Nadu Housing Board,Housing Colony,", Chennai"
13.018811,80.2337271,Unnamed Apartment,Apartment Complex,", Chennai"
13.0491283,80.2523022,Unnamed Apartment,Apartment Complex,", Chennai"
13.0656937,80.2751715,Unnamed Apartment,Apartment Complex,", Chennai"
13.0603716,80.2736673,Muragesa Naicker Mansion,Residential Apartment,", Chennai"
13.008468,80.2475525,Housing Board,Housing Colony,", Chennai"
13.0142677,80.2419929,NITTTR Staff Quarters,Residential Apartment,", Chennai"
13.0335715,80.241862,Unnamed Apartment,Apartment Complex,", Chennai"
13.0194647,80.2214967,Unnamed Apartment,Apartment Complex,", Chennai"
13.0277703,80.2245159,Unnamed Apartment,Apartment Complex,", Chennai"
13.0170383,80.2227214,Unnamed Apartment,Apartment Complex,", Chennai"
13.0341974,80.2294187,Unnamed Apartment,Apartment Complex,", Chennai"
13.0329664,80.2295041,Unnamed Apartment,Apartment Complex,", Chennai"
13.0258415,80.2165959,Sunshine Apartments,Apartment Complex,", Chennai"
13.0256227,80.2170604,indus amber,Residential Apartment,", Chennai"
13.0066562,80.2244994,Raj Bhavan,Residential Apartment,", Chennai"
13.0362038,80.2437662,Unnamed Apartment,Apartment Complex,", Chennai"
13.009925,80.2216646,Unnamed Apartment,Apartment Complex,", Chennai"
13.0322614,80.2462875,Unnamed Apartment,Apartment Complex,", Chennai"
13.0160608,80.2247705,Monte Carlo,Residential Apartment,"Anna Salai (Mount Road), Chennai"
13.032207,80.2468735,Unnamed Apartment,Apartment Complex,", Chennai"
13.0162857,80.2251165,Unnamed Apartment,Apartment Complex,", Chennai"
13.0128467,80.225385,Unnamed Apartment,Apartment Complex,", Chennai"
13.0130484,80.2259999,Unnamed Apartment,Apartment Complex,", Chennai"
13.010902,80.2218702,Unnamed Apartment,Apartment Complex,", Chennai"
13.0737332,80.2650402,Police Quarters,Residential Apartment,", Chennai"
13.0734836,80.2621616,Judge's Quarters,Residential Apartment,", Chennai"
13.041157,80.2130724,Unnamed Apartment,Apartment Complex,", Chennai"
13.0393214,80.2157007,Unnamed Apartment,Apartment Complex,", Chennai"
13.0222758,80.2136529,Unnamed Apartment,Apartment Complex,", Chennai"
13.0629403,80.2580641,Unnamed Apartment,Apartment Complex,", Chennai"
13.0639308,80.2402864,Unnamed Apartment,Apartment Complex,", Chennai"
13.0879599,80.2492147,TVH Lumbini Square,Residential Apartment,", Chennai"
13.0173513,80.2539345,Unnamed Apartment,Apartment Complex,", Chennai"
13.0175174,80.2581563,Unnamed Apartment,Apartment Complex,", Chennai"
13.0182351,80.255708,Unnamed Apartment,Apartment Complex,", Chennai"
13.0168732,80.2559561,Unnamed Apartment,Apartment Complex,", Chennai"
13.0166052,80.2554551,Unnamed Apartment,Apartment Complex,", Chennai"
13.0159952,80.2579506,Unnamed Apartment,Apartment Complex,", Chennai"
13.0227304,80.2579269,Unnamed Apartment,Apartment Complex,", Chennai"
13.0593482,80.2308398,Unnamed Apartment,Apartment Complex,", Chennai"
13.0650565,80.2317185,Unnamed Apartment,Apartment Complex,", Chennai"
13.0612785,80.2143606,Unnamed Apartment,Apartment Complex,", Chennai"
13.069958,80.2223789,Unnamed Apartment,Apartment Complex,", Chennai"
13.0603775,80.2550107,Unnamed Apartment,Apartment Complex,", Chennai"
13.1056731,80.2772579,Unnamed Apartment,Apartment Complex,", Chennai"
13.1126327,80.289423,Unnamed Apartment,Apartment Complex,", Chennai"
13.1092714,80.2832236,Unnamed Apartment,Apartment Complex,", Chennai"
13.1219311,80.2876138,Unnamed Apartment,Apartment Complex,", Chennai"
13.1222803,80.2971294,Unnamed Apartment,Apartment Complex,", Chennai"
13.1234914,80.2956192,Unnamed Apartment,Apartment Complex,", Chennai"
13.1219225,80.2969329,Unnamed Apartment,Apartment Complex,", Chennai"
13.12224,80.2958332,Unnamed Apartment,Apartment Complex,", Chennai"
13.1209414,80.2970308,Unnamed Apartment,Apartment Complex,", Chennai"
13.1082055,80.2829571,Unnamed Apartment,Apartment Complex,", Chennai"
13.1061405,80.2433183,Unnamed Apartment,Apartment Complex,", Chennai"
13.1056466,80.2546342,Unnamed Apartment,Apartment Complex,", Chennai"
13.1165705,80.2498684,Unnamed Apartment,Apartment Complex,", Chennai"
13.1149716,80.260676,Unnamed Apartment,Apartment Complex,", Chennai"
13.1121317,80.254559,Unnamed Apartment,Apartment Complex,", Chennai"
13.0923207,80.2463403,Unnamed Apartment,Apartment Complex,", Chennai"
13.0937387,80.2461533,Unnamed Apartment,Apartment Complex,", Chennai"
13.0895097,80.2505194,Unnamed Apartment,Apartment Complex,", Chennai"
13.0791405,80.2365119,Unnamed Apartment,Apartment Complex,", Chennai"
13.0886546,80.2070624,Unnamed Apartment,Apartment Complex,", Chennai"
13.1194696,80.2455148,Unnamed Apartment,Apartment Complex,", Chennai"
13.1111383,80.2541777,Unnamed Apartment,Apartment Complex,", Chennai"
13.1150173,80.2726189,Unnamed Apartment,Apartment Complex,", Chennai"
13.0420408,80.2304012,Ramakrishna Mission Boys Hostel,Residential Apartment,", Chennai"
13.0347724,80.2440306,Unnamed Apartment,Apartment Complex,", Chennai"
13.0342167,80.2431063,Unnamed Apartment,Apartment Complex,", Chennai"
13.0656161,80.2582427,Presidency Club,Residency,", Chennai"
13.0525678,80.2489491,Unnamed Apartment,Apartment Complex,", Chennai"
13.0524208,80.2486976,Unnamed Apartment,Apartment Complex,", Chennai"
13.1350269,80.289435,Unnamed Apartment,Apartment Complex,", Chennai"
13.1432106,80.2909223,Unnamed Apartment,Apartment Complex,", Chennai"
13.1362482,80.2894836,Unnamed Apartment,Apartment Complex,", Chennai"
13.1367553,80.2913774,Unnamed Apartment,Apartment Complex,", Chennai"
13.1355266,80.2880423,Unnamed Apartment,Apartment Complex,", Chennai"
13.1358517,80.2916296,Unnamed Apartment,Apartment Complex,", Chennai"
13.1418156,80.2906444,Unnamed Apartment,Apartment Complex,", Chennai"
13.1425045,80.2933066,Unnamed Apartment,Apartment Complex,", Chennai"
13.1369378,80.2895737,Unnamed Apartment,Apartment Complex,", Chennai"
13.1399445,80.2926396,Unnamed Apartment,Apartment Complex,", Chennai"
13.0816564,80.1955858,Metrozone,Residential Apartment,", Thirumangalam, Chennai"
13.0840695,80.1930921,Annai Flats,Apartment Complex,", Chennai"
12.9797179,80.1886499,Indus Flats,Apartment Complex,", Chennai"
12.9812307,80.1888072,Best Homes Best Orchard,Residential Apartment,", Chennai"
12.9802752,80.1883358,Unnamed Apartment,Apartment Complex,", Chennai"
12.9799994,80.1883239,Unnamed Apartment,Apartment Complex,", Chennai"
12.9798564,80.18836,Unnamed Apartment,Apartment Complex,", Chennai"
12.9808503,80.1891215,Unnamed Apartment,Apartment Complex,", Chennai"
12.9818179,80.1885424,Unnamed Apartment,Apartment Complex,", Chennai"
12.9816656,80.1885249,Unnamed Apartment,Apartment Complex,", Chennai"
12.9815271,80.1885128,Unnamed Apartment,Apartment Complex,", Chennai"
12.9814099,80.1885058,Reena's fashions,Residential Apartment,", Chennai"
12.9811273,80.1884887,Radha Silk Emporium,Residential Apartment,", Chennai"
12.9809861,80.1884779,Unnamed Apartment,Apartment Complex,", Chennai"
12.9808423,80.1884565,Unnamed Apartment,Apartment Complex,", Chennai"
12.9794952,80.2638481,Premier Grihalakshmi,Residential Apartment,", Chennai"
13.0456076,80.2427048,Rishikesh Apartments,Apartment Complex,"Gopathi Narayanaswami Chetty Road, chennai"
13.0915228,80.2162364,Gateway Manor,Residential Apartment,"17th Street, Q Block, Anna Nagar, Chennai"
13.0862998,80.2336119,Suprabhat Apartments,Apartment Complex,", Chennai"
12.8709427,80.2056928,DLF Garden City,Residential Apartment,"Chemencheri, Chennai"
12.8731341,80.2051952,DLF Garden City,Residential Apartment,"Chemencheri, Chennai"
13.0545962,80.2613135,Meridian Heights,Residential Apartment,", Chennai"
13.0750228,80.2594407,Unnamed Apartment,Apartment Complex,", Chennai"
13.0588407,80.2801659,Unnamed Apartment,Apartment Complex,", Chennai"
13.0274275,80.2775773,Unnamed Apartment,Apartment Complex,", Chennai"
13.0627339,80.2751126,Polic Quarters,Residential Apartment,", Chennai"
13.0240731,80.2395477,Unnamed Apartment,Apartment Complex,", Chennai"
13.0255238,80.2615973,Unnamed Apartment,Apartment Complex,", Chennai"
13.0241789,80.2409626,Unnamed Apartment,Apartment Complex,", Chennai"
13.0765265,80.2608455,Unnamed Apartment,Apartment Complex,", Chennai"
13.0752527,80.2448979,Unnamed Apartment,Apartment Complex,", Chennai"
13.0776208,80.2521969,Unnamed Apartment,Apartment Complex,", Chennai"
13.0749677,80.2435485,Unnamed Apartment,Apartment Complex,", Chennai"
13.0028876,80.131298,"Akash Nagar, Thandalam",Residential Apartment,", Chennai"
13.1509787,80.3006554,Horizon Apartments,Apartment Complex,"Thiruvottriyur High Rd, Chennai"
12.9949485,80.255245,Prime Terrace,Residential Apartment,"LB Road, Chennai"
12.9878224,80.2567441,Guhaas,Residential Apartment,", Chennai"
13.2775028,80.259009,Unnamed Apartment,Apartment Complex,", Chennai"
12.9836048,80.2172635,SIS Meridian,Residential Apartment,", Chennai"
12.923132,80.1980662,Velumani Apartments,Apartment Complex,"Jayachandran Nagar, Chennai"
13.0779576,80.2572661,Railway Quaters,Residential Apartment,"EVR Periyar Salai (Poonamallee High Road), Egmore, Chennai"
12.9301479,80.2044917,Flamingo Apartment,Apartment Complex,", Chennai"
13.0626086,80.2069035,Y2 Block,Residential Apartment,"SAF Games Village, Koyambedu, Chennai"
13.0622069,80.2068899,Y3 Block,Residential Apartment,"SAF Games Village, Koyambedu, Chennai"
13.0624503,80.2072554,Y1 Block,Residential Apartment,"SAF Games Village, Koyambedu, Chennai"
13.0620362,80.2072481,X1 Block,Residential Apartment,"SAF Games Village, Koyambedu, Chennai"
13.0617156,80.2068677,Z Block,Residential Apartment,"SAF Games Village, Koyambedu, Chennai"
13.0613867,80.2068312,X2 Block,Residential Apartment,"SAF Games Village, Koyambedu, Chennai"
13.0664149,80.2084375,A1 Block,Residential Apartment,"SAF Games Village, Koyambedu, Chennai"
13.0629654,80.2074513,C15,Residential Apartment,"SAF Games Village, Chennai"
13.0646698,80.2079025,SAF Games Village,Residential Apartment,"Koyambedu, Chennai"
13.0638409,80.2077532,B10,Residential Apartment,", Chennai"
13.0641293,80.2074708,B11,Residential Apartment,", Chennai"
13.0644249,80.2074822,B12,Residential Apartment,", Chennai"
13.0647517,80.2078099,B13,Residential Apartment,", Chennai"
13.0650825,80.2078039,B14,Residential Apartment,", Chennai"
13.0654886,80.2075227,B15,Residential Apartment,", Chennai"
13.0657698,80.2078384,B16,Residential Apartment,", Chennai"
13.0627389,80.2082539,B18,Residential Apartment,", Chennai"
13.0635698,80.2082944,B7,Residential Apartment,", Chennai"
13.0632837,80.2085668,B8,Residential Apartment,", Chennai"
13.0630176,80.2082745,B9,Residential Apartment,", Chennai"
13.0661033,80.2072506,C1,Residential Apartment,", Chennai"
13.0635203,80.2074271,C10,Residential Apartment,", Chennai"
13.0632888,80.2071122,C11,Residential Apartment,", Chennai"
13.063486,80.2077582,C12,Residential Apartment,", Chennai"
13.0632308,80.2074521,C13,Residential Apartment,", Chennai"
13.0629513,80.207739,C14,Residential Apartment,", Chennai"
13.0658367,80.207531,C2,Residential Apartment,", Chennai"
13.0655661,80.2072251,C3,Residential Apartment,", Chennai"
13.0652566,80.2072067,C4,Residential Apartment,", Chennai"
13.065066,80.2075007,C5,Residential Apartment,", Chennai"
13.0648159,80.2075056,C6,Residential Apartment,", Chennai"
13.0645461,80.2071736,C7,Residential Apartment,", Chennai"
13.0640499,80.2071467,C8,Residential Apartment,", Chennai"
13.0638315,80.207441,C9,Residential Apartment,", Chennai"
13.0638479,80.2083138,B6,Residential Apartment,"SAF Games Village, Chennai"
13.0639289,80.208649,B5,Residential Apartment,"SAF Games Village, Chennai"
13.064262,80.2086719,B4,Residential Apartment,", Chennai"
13.0646043,80.2086879,B3,Residential Apartment,", Chennai"
13.0649322,80.2087027,B2,Residential Apartment,", Chennai"
13.0653581,80.2083822,B1,Residential Apartment,", Chennai"
13.0660282,80.2087899,A2 Block,Residential Apartment,", Chennai"
13.0657383,80.2083986,A3 Block,Residential Apartment,", Chennai"
13.0664182,80.2089708,Unnamed Apartment,Apartment Complex,", Chennai"
12.9376804,80.1335619,Sriram Colony,Housing Colony,", Chennai"
13.0218853,80.2624357,Subiksha Arudhura,Residential Apartment,"Srinivasa Road, Chennai"
13.0754848,80.1901988,GT Cholayil Residency,Residency,", Chennai"
13.007706,80.2189186,Sical Race View Apartments,Apartment Complex,"Race Course Road, Chennai"
13.0138138,80.155226,Malles AV Garden,Residential Apartment,", Chennai"
13.0138021,80.1548736,Emerald Row houses,Residential Apartment,", Chennai"
12.8332284,80.2297822,Imperial Towers,Residential Apartment,"Rajiv Gandhi Salai, Egattur, Chennai"
12.9389781,80.1424683,Sarvalakshmi Homes,Residential Apartment,"Srinivasa Nagar, Hasthinapuram, Chennai"
12.924259,80.1395234,Sanskrutti Apartments,Apartment Complex,"Santhanalakshmi Street, Chennai"
12.9238747,80.1377059,Jains Abhisek,Residential Apartment,"Velachery - Tambaram Main Road, Chennai"
12.9236583,80.1370386,PACE Adarsa Apartments,Apartment Complex,"Velachery - Tambaram Main Road, Chennai"
13.0024157,80.2584944,Unnamed Apartment,Apartment Complex,", Chennai"
12.9238834,80.1845056,BHEL Nagar,Residential Apartment,", Chennai"
12.9830032,80.1923756,Sri Vari Apartments,Apartment Complex,"1st Main Road, Chennai"
12.9042612,80.1836467,PARSN Renascence,Residential Apartment,", Chennai"
12.9308566,80.1749025,Rane Nagar,Residential Apartment,", Chennai"
13.0269263,80.2383532,Unnamed Apartment,Apartment Complex,", Chennai"
13.0223298,80.2228898,Easwar Apartments,Apartment Complex,"Karaneeswar Koil Street, saidapet"
13.022427,80.2228889,Nanda Flats,Apartment Complex,", Chennai"
13.0215005,80.2225914,Unnamed Apartment,Apartment Complex,"Karaneeswar Koil Street, Chennai"
13.0213653,80.222573,Unnamed Apartment,Apartment Complex,"Karaneeswar Koil Street, Chennai"
13.0217032,80.2225754,Trishul,Residential Apartment,"Karaneeswar Koil Street, Chennai"
13.0216027,80.2225906,Unnamed Apartment,Apartment Complex,"Karaneeswar Koil Street, Chennai"
13.0214871,80.2227742,Mahalakshmi Flats,Apartment Complex,"Karaneeswar Koil Street, Chennai"
13.0214882,80.2228056,Unnamed Apartment,Apartment Complex,"Karaneeswar Koil Street, Chennai"
13.0213266,80.2227612,Unnamed Apartment,Apartment Complex,"Karaneeswar Koil Street, Chennai"
13.0214059,80.2227748,Unnamed Apartment,Apartment Complex,"Karaneeswar Koil Street, Chennai"
13.0215667,80.2228063,Unnamed Apartment,Apartment Complex,"Karaneeswar Koil Street, Chennai"
13.0216325,80.2228166,Unnamed Apartment,Apartment Complex,"Karaneeswar Koil Street, Chennai"
13.0214372,80.2223235,Mehar Bhavan,Residential Apartment,"Karaneeswar Koil Street, Saidapet"
13.0214678,80.2224422,Suganthi,Residential Apartment,"Brahmin street, Saidapet"
13.021612,80.2191067,Arun,Residential Apartment,"Kothawal Chawadi Street, Chennai"
13.0216037,80.2192141,Mahalakshmi,Residential Apartment,"Kothawal Chawadi Street, Chennai"
13.0236161,80.2228722,Unnamed Apartment,Apartment Complex,", Chennai"
13.0211578,80.2187952,Unnamed Apartment,Apartment Complex,", Chennai"
13.0244795,80.2212242,Hussain Mansion,Residential Apartment,"Tank Square Street, West Saidapet, Chennai"
13.0253192,80.2223079,Mathangi,Residential Apartment,"Jones Road, Chennai"
13.02535,80.222429,Mahalakshmi,Residential Apartment,"Jones Road, Chennai"
12.910926,80.1754552,Nalini's,Residential Apartment,", Chennai"
13.0216024,80.2160858,Dakshina Kudil,Residential Apartment,"West Perumal Koil Mada Street, Chennai"
13.0213027,80.2192153,Mahalakshmi,Residential Apartment,", Chennai"
13.0212057,80.218518,Unnamed Apartment,Apartment Complex,", Chennai"
13.0227322,80.2161919,Suprabhath,Residential Apartment,", Chennai"
13.0217233,80.2176618,Bora Enclave,Residential Apartment,", Chennai"
13.0211519,80.2218188,Balaji Complex,Residential Apartment,"Brahmin street, Saidapet"
13.0216639,80.2216806,Hari Om,Residential Apartment,", Chennai"
13.0214771,80.2222229,Mehar Dharshan Apartments,Apartment Complex,"Brahmin street, Saidapet"
13.0210088,80.2218113,Balaji Complex,Residential Apartment,"Brahmin street, Saidapet"
13.0219379,80.2223518,Sena Shanmuga,Residential Apartment,"Vadhyar Subbraya mudali street, Saidapet"
13.0197598,80.2207714,Anugraha,Residential Apartment,"Alandur Road, Saidapet"
13.0193324,80.2200635,Gandhothri,Residential Apartment,"Alandur Road, Chennai"
13.021867,80.2193089,Indraprastha,Residential Apartment,"Mosque Street, Chennai"
13.0217786,80.2193198,Kamakshi,Residential Apartment,"Mosque Street, Chennai"
13.0196892,80.2196776,Mathangi,Residential Apartment,"Alandur Road, Chennai"
13.0193477,80.2201793,Yamunodhri,Residential Apartment,"Alandur Road, Chennai"
13.0196852,80.219779,Unnamed Apartment,Apartment Complex,"Alandur Road, Chennai"
13.0191704,80.2202487,Unnamed Apartment,Apartment Complex,"Alandur Road, Chennai"
13.0199199,80.221235,SNR Flats,Apartment Complex,"alandur Road, Chennai"
13.0223273,80.2164198,Kamalam,Residential Apartment,"West Perumal Koil Mada Street, Chennai"
13.0223299,80.2167223,Unnamed Apartment,Apartment Complex,"Perumal Koil Street, Chennai"
13.0223958,80.2167084,Unnamed Apartment,Apartment Complex,", Chennai"
13.0225642,80.2194582,Hari Om,Residential Apartment,", Chennai"
13.0229116,80.220081,Mahalakshmi,Residential Apartment,"Subramania Swamy Koil Street, Chennai"
13.022972,80.2193831,Classic Flats,Apartment Complex,", Chennai"
13.0230564,80.2194584,Unnamed Apartment,Apartment Complex,", Chennai"
13.0228484,80.219399,Vijay - Grahalakshmi,Residential Apartment,"Jayaram Street, Chennai"
13.0251081,80.2281089,Mc Gill Golden Flats,Apartment Complex,"Jones Road, Chennai"
13.0364054,80.2214991,Unnamed Apartment,Apartment Complex,"Ramakrishnapuram 1st Street, Chennai"
13.0364278,80.2213915,Unnamed Apartment,Apartment Complex,"Ramakrishnapuram 1st Street, Chennai"
13.0194516,80.2230297,Unnamed Apartment,Apartment Complex,"Abdul Razzak Street, Chennai"
13.0188763,80.2226076,Skyline Castle,Residential Apartment,"Abdul Razzak Street, Chennai"
13.0190486,80.2228238,Mahalakshmi,Residential Apartment,"Abdul Razzak Street,Saidapet, Chennai"
13.0191484,80.2233073,Mahalakshmi,Residential Apartment,"Abdul Razzak Street, Chennai"
13.0198795,80.2236242,Unnamed Apartment,Apartment Complex,", Chennai"
13.0192158,80.22229,Unnamed Apartment,Apartment Complex,"Abdul Razzak Street, Chennai"
13.0189476,80.222972,Unnamed Apartment,Apartment Complex,"Abdul Razzak Street, Chennai"
13.0188193,80.2228659,Unnamed Apartment,Apartment Complex,"Abdul Razzak Street, Chennai"
13.0189282,80.2235351,Unnamed Apartment,Apartment Complex,", Chennai"
13.0198534,80.2228923,Unnamed Apartment,Apartment Complex,", Chennai"
13.0229164,80.2197302,Unnamed Apartment,Apartment Complex,"Jayaram Street, Chennai"
13.0232645,80.2194843,Unnamed Apartment,Apartment Complex,", Chennai"
13.0196157,80.2143135,Parsan Nagar,Residential Apartment,"Hospital Road, Chennai"
13.0201053,80.2146752,Unnamed Apartment,Apartment Complex,", Chennai"
13.0202355,80.2147233,Unnamed Apartment,Apartment Complex,", Chennai"
13.0838554,80.2308775,Police Quarters,Residential Apartment,", Chennai"
13.0353784,80.2210328,Unnamed Apartment,Apartment Complex,", Chennai"
13.0356871,80.2220209,Unnamed Apartment,Apartment Complex,", Chennai"
13.0355136,80.2219815,Unnamed Apartment,Apartment Complex,", Chennai"
13.0352368,80.2210161,Unnamed Apartment,Apartment Complex,", Chennai"
13.0317917,80.2186632,kala flats,Apartment Complex,"11th Avenue, chennai"
13.0317868,80.218843,Unnamed Apartment,Apartment Complex,", Chennai"
13.0311512,80.2171862,Unnamed Apartment,Apartment Complex,", Chennai"
13.0366441,80.2213337,Unnamed Apartment,Apartment Complex,", Chennai"
13.036618,80.2214375,Unnamed Apartment,Apartment Complex,", Chennai"
13.1172482,80.1451211,Fortune Harmony,Residential Apartment,", Chennai"
13.1242836,80.1978557,Unnamed Apartment,Apartment Complex,", Chennai"
13.1242836,80.1979291,Unnamed Apartment,Apartment Complex,", Chennai"
13.1242833,80.197791,Unnamed Apartment,Apartment Complex,", Chennai"
13.1229694,80.2218686,47,Residential Apartment,"3rd Street, Chennai"
13.0769663,80.238329,The Peninsula,Residential Apartment,", Chennai"
13.0774135,80.23976,Unnamed Apartment,Apartment Complex,", Chennai"
13.0863899,80.1793259,Unnamed Apartment,Apartment Complex,", Chennai"
13.0860945,80.1816393,Unnamed Apartment,Apartment Complex,"Arasar street, Chennai"
13.0863887,80.1816482,Unnamed Apartment,Apartment Complex,"Arasar street, Chennai"
13.0866656,80.1816378,Unnamed Apartment,Apartment Complex,"Arasar street, Chennai"
13.0845148,80.175021,Unnamed Apartment,Apartment Complex,", Chennai"
13.0862614,80.1791119,Unnamed Apartment,Apartment Complex,", Chennai"
13.0858615,80.1816736,Unnamed Apartment,Apartment Complex,"Arasar street, Chennai"
13.0864706,80.1791088,Unnamed Apartment,Apartment Complex,", Chennai"
13.0848602,80.1769728,The Iolite Icon,Residential Apartment,", Chennai"
13.0867408,80.1793049,Unnamed Apartment,Apartment Complex,", Chennai"
13.0813844,80.2141515,Unnamed Apartment,Apartment Complex,", Chennai"
13.0840486,80.1920853,PINE A|B,Residential Apartment,", Chennai"
13.081539,80.1917014,Pace Adhija,Residential Apartment,"Padikuppam Road, Thirumangalam, Chennai"
13.0794293,80.2497404,Arihant Orchid Apartment,Apartment Complex,", Chennai"
13.1269619,80.2009185,Team house,Residential Apartment,", Chennai"
13.0851761,80.2638322,Shatrunjay Apartments,Apartment Complex,"Vepery High Road, Chennai"
13.069472,80.2541246,Pantheon Apartments,Apartment Complex,", Chennai"
13.0707737,80.2518057,Unnamed Apartment,Apartment Complex,", Chennai"
13.0703236,80.2519281,Unnamed Apartment,Apartment Complex,", Chennai"
13.070948,80.2517802,Unnamed Apartment,Apartment Complex,", Chennai"
13.137257,80.1562143,Balaji Homes,Residential Apartment,", Chennai"
13.0790485,80.1642754,Unnamed Apartment,Apartment Complex,", Chennai"
13.0832537,80.2579497,Ridhi Sidhi Apartment,Apartment Complex,", Chennai"
13.055363,80.2461278,Hayagreeva,Residential Apartment,", Chennai"
13.053768,80.1208424,Radiance Royale - A Block,Residential Apartment,"Poonamalle Bypass Road, Chennai"
13.0538848,80.2468894,Lachsan Enclave,Residential Apartment,", Chennai"
13.0542083,80.2472378,Kanakadhra,Residential Apartment,"Doctor Thirumurthy Nagar 1st Street, Chennai"
13.0538728,80.2466948,T. K. R. Flats,Apartment Complex,", Chennai"
13.0912593,80.2134055,Hexr Factory Immersive Tech Pvt Ltd,Residential Apartment,", Chennai"
13.0805731,80.2412533,Samarpan,Residential Apartment,", Chennai"
13.0805682,80.24153,Landon Towers,Residential Apartment,"Landons Road, Chennai"
13.0805692,80.2417623,Ananda Apartments,Apartment Complex,", Chennai"
12.9815663,80.188868,Sri Rajarajeswari Apartment,Apartment Complex,"20th Street, Lakshmi Nagar, Nanganallur, Chennai"
13.0304485,80.2758866,Unnamed Apartment,Apartment Complex,", Chennai"
13.0304431,80.275718,Unnamed Apartment,Apartment Complex,", Chennai"
13.0784553,80.1470357,Unnamed Apartment,Apartment Complex,", Chennai"
13.0786534,80.1470523,Unnamed Apartment,Apartment Complex,", Chennai"
13.0866177,80.1651774,Unnamed Apartment,Apartment Complex,", Chennai"
13.0845417,80.1745198,Unnamed Apartment,Apartment Complex,", Chennai"
13.0841926,80.1621475,Unnamed Apartment,Apartment Complex,", Chennai"
13.085115,80.1627058,Unnamed Apartment,Apartment Complex,", Chennai"
13.0841981,80.1637904,Annal Apartments,Apartment Complex,"Annamalai Avenue, Chennai"
13.0864537,80.1645769,Unnamed Apartment,Apartment Complex,", Chennai"
13.0844043,80.1621887,Unnamed Apartment,Apartment Complex,", Chennai"
13.0369223,80.2795328,A,Residential Apartment,", Chennai"
13.0360066,80.2794718,D,Residential Apartment,", Chennai"
13.0364907,80.279276,E,Residential Apartment,", Chennai"
13.036665,80.279673,B,Residential Apartment,", Chennai"
13.0362294,80.2796193,C,Residential Apartment,", Chennai"
13.1222937,80.1495746,Aarti Sivaraman Apartments,Apartment Complex,"Old Township Road, Chennai"
13.0457844,80.1860713,Promodham-Sri Padmavathi Homes,Residential Apartment,"Second Main Road, Chennai"
13.0455669,80.1860882,Unnamed Apartment,Apartment Complex,"Second Main Road, Chennai"
13.0672761,80.2727424,Apple Residence,Residency,", Chennai"
13.0317219,80.2331261,V.S.C. Apartments,Apartment Complex,", Chennai"
13.0306567,80.2754802,Unnamed Apartment,Apartment Complex,", Chennai"
13.0105081,80.2024718,Unnamed Apartment,Apartment Complex,", Chennai"
13.0104963,80.2026189,Unnamed Apartment,Apartment Complex,", Chennai"
13.0104775,80.2029033,Unnamed Apartment,Apartment Complex,", Chennai"
13.0100242,80.2026278,Unnamed Apartment,Apartment Complex,", Chennai"
13.0101472,80.2026348,Unnamed Apartment,Apartment Complex,", Chennai"
12.9978792,80.1986376,Priyam Apartments,Apartment Complex,", Chennai"
13.1180751,80.2123425,Soorya Apartments,Apartment Complex,", Chennai"
13.0209052,80.1829317,Unnamed Apartment,Apartment Complex,", Chennai"
13.0209603,80.1826085,Unnamed Apartment,Apartment Complex,", Chennai"
13.0122461,80.1804446,Saraswathi Castle,Residential Apartment,"River View Avenue, Chennai"
13.0206677,80.1825106,Unnamed Apartment,Apartment Complex,", Chennai"
13.065916,80.2503035,Unnamed Apartment,Apartment Complex,", Chennai"
13.0658596,80.2509982,Unnamed Apartment,Apartment Complex,", Chennai"
13.0655612,80.2514758,Unnamed Apartment,Apartment Complex,", Chennai"
13.0242491,80.2548717,Shree Apartments,Apartment Complex,"RA Puram 7th Main Road, Chennai"
13.023724,80.2547938,Jains Garnet Grace,Residential Apartment,"RA Puram 1st Cross Street, Chennai"
13.0835481,80.1759421,Unnamed Apartment,Apartment Complex,", Chennai"
13.0133584,80.2415303,kurinji flats,Apartment Complex,", Chennai"
13.0621026,80.2366828,Unnamed Apartment,Apartment Complex,", Chennai"
12.9974929,80.237006,F3,Residential Apartment,", Chennai"
13.026291,80.216595,Unnamed Apartment,Apartment Complex,", Chennai"
13.0262194,80.2170229,Unnamed Apartment,Apartment Complex,", Chennai"
13.0104848,80.2027543,Unnamed Apartment,Apartment Complex,", Chennai"
13.0105176,80.2023368,Unnamed Apartment,Apartment Complex,", Chennai"
13.0098547,80.2026036,Unnamed Apartment,Apartment Complex,", Chennai"
13.0179074,80.2612693,Unnamed Apartment,Apartment Complex,", Chennai"
13.0261001,80.2652423,Unnamed Apartment,Apartment Complex,", Chennai"
13.0153039,80.2291372,Ranganayaki Towers,Residential Apartment,", Chennai"
13.0152753,80.2293064,Sri Krishna Kuteeram,Residential Apartment,", Chennai"
13.0439911,80.1463196,Unnamed Apartment,Apartment Complex,", Chennai"
13.0443675,80.1462996,Unnamed Apartment,Apartment Complex,", Chennai"
13.042674,80.149117,Unnamed Apartment,Apartment Complex,", Chennai"
13.0063352,80.2490678,Unnamed Apartment,Apartment Complex,", Chennai"
13.0154249,80.227941,Prashanthi Nilayam,Residential Apartment,", Chennai"
13.0163064,80.2282141,New VishwaShanthi Apartments,Apartment Complex,"LDG Road, chennai"
13.0153387,80.2289744,Lakshan,Residential Apartment,", Chennai"
13.0154224,80.2284754,Harinivas,Residential Apartment,", Chennai"
13.015593,80.227954,Dual's Aditya,Residential Apartment,", Chennai"
13.0158969,80.2283953,Chith Kala Apartments,Apartment Complex,", Chennai"
13.0214056,80.2685551,Lexington Terrace,Residential Apartment,"Karpagam Avenue, Chennai"
13.0647387,80.2527855,Unnamed Apartment,Apartment Complex,", Chennai"
13.0645277,80.2529655,Unnamed Apartment,Apartment Complex,", Chennai"
13.0145804,80.1561376,Uma Sudhan Dev Apartments,Apartment Complex,", Chennai"
13.0156781,80.1542381,Unnamed Apartment,Apartment Complex,", Chennai"
13.0649187,80.2526295,Unnamed Apartment,Apartment Complex,", Chennai"
13.0136305,80.156345,RSD'S Adarsh,Residential Apartment,", Chennai"
13.0637788,80.2536275,Unnamed Apartment,Apartment Complex,", Chennai"
13.063586,80.2537874,Unnamed Apartment,Apartment Complex,", Chennai"
13.0156755,80.153994,Unnamed Apartment,Apartment Complex,", Chennai"
12.9838824,80.2573439,Unnamed Apartment,Apartment Complex,", Chennai"
12.9842693,80.2573923,Unnamed Apartment,Apartment Complex,", Chennai"
12.9843132,80.2579695,Unnamed Apartment,Apartment Complex,", Chennai"
12.9835241,80.2573183,Unnamed Apartment,Apartment Complex,", Chennai"
12.9797856,80.2586895,Unnamed Apartment,Apartment Complex,", Chennai"
12.9847464,80.2579561,Unnamed Apartment,Apartment Complex,", Chennai"
12.979746,80.2589076,Unnamed Apartment,Apartment Complex,", Chennai"
12.9604923,80.1206088,Unnamed Apartment,Apartment Complex,", Chennai"
12.9607393,80.1198596,Unnamed Apartment,Apartment Complex,", Chennai"
12.9606579,80.1201253,Unnamed Apartment,Apartment Complex,", Chennai"
12.9605727,80.1203814,Unnamed Apartment,Apartment Complex,", Chennai"
13.0374922,80.2315893,Sarojini Appartment,Residential Apartment,"Sarojini Street, Chennai"
13.0379202,80.2282034,RAMS FLATS,Apartment Complex,"Rameswaram Street, chennai-17"
12.9605137,80.1215547,Unnamed Apartment,Apartment Complex,", Chennai"
12.9612755,80.1217801,Unnamed Apartment,Apartment Complex,", Chennai"
12.9612176,80.1210708,Unnamed Apartment,Apartment Complex,", Chennai"
12.961028,80.1216941,Unnamed Apartment,Apartment Complex,", Chennai"
12.9609849,80.1209778,Unnamed Apartment,Apartment Complex,", Chennai"
12.9615224,80.1218718,Unnamed Apartment,Apartment Complex,", Chennai"
12.9607848,80.1216023,Unnamed Apartment,Apartment Complex,", Chennai"
12.9625611,80.1215047,Unnamed Apartment,Apartment Complex,", Chennai"
12.9614653,80.1211837,Unnamed Apartment,Apartment Complex,", Chennai"
12.9628175,80.1215974,Unnamed Apartment,Apartment Complex,", Chennai"
12.9594063,80.1210966,Unnamed Apartment,Apartment Complex,", Chennai"
12.961773,80.1219618,Unnamed Apartment,Apartment Complex,", Chennai"
12.9630426,80.1216703,Unnamed Apartment,Apartment Complex,", Chennai"
12.9617247,80.121289,Unnamed Apartment,Apartment Complex,", Chennai"
12.9598369,80.1212702,Unnamed Apartment,Apartment Complex,", Chennai"
12.9623546,80.1220499,Unnamed Apartment,Apartment Complex,", Chennai"
12.9602989,80.1214617,Unnamed Apartment,Apartment Complex,", Chennai"
12.9620361,80.1213415,Unnamed Apartment,Apartment Complex,", Chennai"
12.9600569,80.1213711,Unnamed Apartment,Apartment Complex,", Chennai"
12.9621037,80.122035,Unnamed Apartment,Apartment Complex,", Chennai"
12.9622991,80.1214286,Unnamed Apartment,Apartment Complex,", Chennai"
13.0752075,80.1785426,Unnamed Apartment,Apartment Complex,", Chennai"
13.0772311,80.1742201,Unnamed Apartment,Apartment Complex,", Chennai"
12.9591828,80.1470347,KGEYES Ashtoria,Residential Apartment,"Station Border Road, Chromepet"
13.0752868,80.1798992,Lake Garden Flats,Apartment Complex,", Chennai"
13.0681147,80.1619582,Unnamed Apartment,Apartment Complex,", Chennai"
13.0366049,80.1521642,Unnamed Apartment,Apartment Complex,", Chennai"
12.9801711,80.2214585,Unnamed Apartment,Apartment Complex,", Chennai"
12.9740673,80.1909979,ML Residency,Residency,", Chennai"
12.9798783,80.2214687,Unnamed Apartment,Apartment Complex,", Chennai"
12.9742697,80.1906984,Kathirkamam Apartments,Apartment Complex,", Chennai"
12.9771003,80.2238416,C Block CEE DEE YES Velachery Enclave,Residential Apartment,", Chennai"
12.9770689,80.224041,B Block CEE DEE YES Velachery Enclave,Residential Apartment,", Chennai"
12.9772862,80.2240551,A Block CEE DEE YES Velachery Enclave,Residential Apartment,", Chennai"
13.0289566,80.1859331,R.K. Green House Apartments,Apartment Complex,", Chennai"
13.028806,80.1860236,R.K. Green House Apartments,Apartment Complex,", Chennai"
13.0288361,80.1859138,R.K. Green House Apartments,Apartment Complex,", Chennai"
13.0289439,80.1860425,R.K. Green House Apartments,Apartment Complex,", Chennai"
13.0411585,80.2389614,Urvashi Residency,Residency,"Raja Badar Street, Chennai"
12.9806562,80.2178415,Dev Apartments,Apartment Complex,", Chennai"
12.9789423,80.2177583,vasanth Apartments,Apartment Complex,"Velachery Bypass Road, Chennai"
12.9783554,80.2171986,Unnamed Apartment,Apartment Complex,", Chennai"
12.9783606,80.217469,Unnamed Apartment,Apartment Complex,", Chennai"
13.0098438,80.1899815,Unnamed Apartment,Apartment Complex,", Chennai"
13.0097921,80.1902424,Unnamed Apartment,Apartment Complex,", Chennai"
13.0101512,80.1900471,Unnamed Apartment,Apartment Complex,", Chennai"
13.0103119,80.1900649,Unnamed Apartment,Apartment Complex,", Chennai"
13.0101039,80.1903138,Unnamed Apartment,Apartment Complex,", Chennai"
13.0100481,80.1905749,Unnamed Apartment,Apartment Complex,", Chennai"
13.0097418,80.1905115,Unnamed Apartment,Apartment Complex,", Chennai"
13.0096876,80.1899466,Unnamed Apartment,Apartment Complex,", Chennai"
13.0097374,80.1896884,Unnamed Apartment,Apartment Complex,", Chennai"
13.0096337,80.1902138,Unnamed Apartment,Apartment Complex,", Chennai"
13.0095844,80.1904789,Unnamed Apartment,Apartment Complex,", Chennai"
13.0109708,80.1887268,Unnamed Apartment,Apartment Complex,", Chennai"
13.0145065,80.1925921,Unnamed Apartment,Apartment Complex,", Chennai"
13.0106885,80.1899109,Unnamed Apartment,Apartment Complex,", Chennai"
13.0106246,80.1902621,Unnamed Apartment,Apartment Complex,", Chennai"
13.0110942,80.1894975,Unnamed Apartment,Apartment Complex,", Chennai"
13.0107807,80.1894276,Unnamed Apartment,Apartment Complex,", Chennai"
13.0105559,80.1906132,Unnamed Apartment,Apartment Complex,", Chennai"
13.0109355,80.1903183,Unnamed Apartment,Apartment Complex,", Chennai"
13.0108662,80.1906647,Unnamed Apartment,Apartment Complex,", Chennai"
13.011001,80.1899679,Unnamed Apartment,Apartment Complex,", Chennai"
13.0106429,80.1909357,Unnamed Apartment,Apartment Complex,", Chennai"
13.0102149,80.1906079,Unnamed Apartment,Apartment Complex,", Chennai"
13.010253,80.1903329,Unnamed Apartment,Apartment Complex,", Chennai"
12.9783622,80.2173492,Unnamed Apartment,Apartment Complex,", Chennai"
12.964402,80.1593998,Block 4,Residential Apartment,", Chennai"
12.9643132,80.1596389,Block 5,Residential Apartment,", Chennai"
12.9645113,80.1591887,Block 3,Residential Apartment,", Chennai"
12.964609,80.1588988,Block 2,Residential Apartment,", Chennai"
13.0649754,80.1531143,Unnamed Apartment,Apartment Complex,", Chennai"
13.0667934,80.1533141,Unnamed Apartment,Apartment Complex,", Chennai"
13.0667599,80.1526916,Unnamed Apartment,Apartment Complex,", Chennai"
13.0667929,80.1524006,Unnamed Apartment,Apartment Complex,", Chennai"
13.0644778,80.1528353,Unnamed Apartment,Apartment Complex,", Chennai"
13.0671759,80.1536889,Unnamed Apartment,Apartment Complex,", Chennai"
13.0668011,80.1522392,Unnamed Apartment,Apartment Complex,", Chennai"
13.0667925,80.1535148,Unnamed Apartment,Apartment Complex,", Chennai"
13.0667979,80.1537027,Unnamed Apartment,Apartment Complex,", Chennai"
13.0652371,80.152791,Unnamed Apartment,Apartment Complex,", Chennai"
13.0645494,80.1524912,Unnamed Apartment,Apartment Complex,", Chennai"
13.0667386,80.153042,Unnamed Apartment,Apartment Complex,", Chennai"
13.0115524,80.1950329,Unnamed Apartment,Apartment Complex,", Chennai"
13.0118726,80.1947002,Unnamed Apartment,Apartment Complex,", Chennai"
13.0115214,80.1946238,Unnamed Apartment,Apartment Complex,", Chennai"
13.0113825,80.1950008,Unnamed Apartment,Apartment Complex,", Chennai"
13.0116957,80.1946533,Unnamed Apartment,Apartment Complex,", Chennai"
13.0109761,80.19506,Unnamed Apartment,Apartment Complex,", Chennai"
13.0111451,80.1950949,Unnamed Apartment,Apartment Complex,", Chennai"
13.0113527,80.1945936,Unnamed Apartment,Apartment Complex,", Chennai"
13.0632919,80.1524996,Unnamed Apartment,Apartment Complex,", Chennai"
13.0630717,80.152504,Unnamed Apartment,Apartment Complex,", Chennai"
13.0704017,80.1600272,B Block,Residential Apartment,", Chennai"
13.0672065,80.152731,Unnamed Apartment,Apartment Complex,", Chennai"
13.0671956,80.1529374,Unnamed Apartment,Apartment Complex,", Chennai"
13.06721,80.1534094,Unnamed Apartment,Apartment Complex,", Chennai"
13.067351,80.1512951,Unnamed Apartment,Apartment Complex,", Chennai"
13.0705292,80.1596938,C Block,Residential Apartment,", Chennai"
13.0635325,80.1525131,Unnamed Apartment,Apartment Complex,", Chennai"
13.0671519,80.1524062,Unnamed Apartment,Apartment Complex,", Chennai"
13.070403,80.1602897,A Block,Residential Apartment,", Chennai"
13.0672013,80.15312,Unnamed Apartment,Apartment Complex,", Chennai"
12.9765595,80.2216088,LCS Homes,Residential Apartment,", Chennai"
12.9837528,80.2592081,Unnamed Apartment,Apartment Complex,", Chennai"
12.9830012,80.1807301,Ananda Bhairavi Apartments,Apartment Complex,", Chennai"
13.0153651,80.1987436,Unnamed Apartment,Apartment Complex,"4th Cross Street, Chennai"
12.9580027,80.1268405,Bashyam Navaratna Apartments,Apartment Complex,"Tiruneermalai Main Road, Chennai"
13.0071972,80.2456317,Unnamed Apartment,Apartment Complex,", Chennai"
13.0198273,80.1807433,Jains Avantika,Residential Apartment,", Chennai"
13.0170547,80.1530106,Rajasri Apartments,Apartment Complex,"Krishna Street, Chennai"
12.9813718,80.2661735,Unnamed Apartment,Apartment Complex,", Chennai"
12.9807598,80.265952,Unnamed Apartment,Apartment Complex,", Chennai"
12.9811284,80.2661079,Unnamed Apartment,Apartment Complex,", Chennai"
12.9815274,80.2619439,Unnamed Apartment,Apartment Complex,", Chennai"
12.9722894,80.18978,Unnamed Apartment,Apartment Complex,"பாலாஜி நகர் 10வது தெரு, Chennai"
12.9724869,80.1894382,Salma Amar Enclave,Residential Apartment,", Chennai"
13.0699949,80.169362,Unnamed Apartment,Apartment Complex,", Chennai"
13.070099,80.16672,Unnamed Apartment,Apartment Complex,", Chennai"
13.0727357,80.1679385,Unnamed Apartment,Apartment Complex,", Chennai"
13.0734175,80.1560583,AKS Serenity C Block,Residential Apartment,", Chennai"
13.0708973,80.1694543,Unnamed Apartment,Apartment Complex,", Chennai"
13.0728979,80.1561327,AKS Serenity A Block,Residential Apartment,", Chennai"
13.0690482,80.1685222,Unnamed Apartment,Apartment Complex,", Chennai"
13.0695328,80.1695515,Unnamed Apartment,Apartment Complex,", Chennai"
13.0691791,80.1661399,Unnamed Apartment,Apartment Complex,", Chennai"
13.069766,80.1672778,Unnamed Apartment,Apartment Complex,", Chennai"
13.0736801,80.15609,AKS Serenity D Block,Residential Apartment,", Chennai"
13.0739377,80.15606,AKS Serenity E Block,Residential Apartment,", Chennai"
13.0575064,80.2288876,Arunodhaya Apartment,Apartment Complex,", Chennai"
13.0190009,80.2474088,Pragati Apartments,Apartment Complex,", Chennai"
13.019135,80.2460868,Kottur Terrace,Residential Apartment,", Chennai"
13.0194422,80.2463266,Anmol Crest,Residential Apartment,", Chennai"
13.0188386,80.2464174,Sai Niketan,Residential Apartment,", Chennai"
13.0192146,80.2470867,Ashok Tapasvi,Residential Apartment,", Chennai"
13.0196002,80.2460602,Pearl Apartments,Apartment Complex,", Chennai"
13.0189387,80.2462108,Ashirwad Apartments,Apartment Complex,", Chennai"
13.0470485,80.233751,Dwaraka apartments,Apartment Complex,", Chennai"
12.9819132,80.2663855,Unnamed Apartment,Apartment Complex,", Chennai"
12.9826714,80.2666617,Unnamed Apartment,Apartment Complex,", Chennai"
12.9825382,80.2668047,Unnamed Apartment,Apartment Complex,", Chennai"
12.9817602,80.2665598,Unnamed Apartment,Apartment Complex,", Chennai"
12.9821419,80.2664815,Unnamed Apartment,Apartment Complex,", Chennai"
12.9821523,80.2619523,Unnamed Apartment,Apartment Complex,", Chennai"
12.981947,80.2666656,Unnamed Apartment,Apartment Complex,", Chennai"
13.0136643,80.130684,Lena flat,Apartment Complex,"purushothaman nagar periyapanicherry, chennai"
12.982878,80.2663889,Unnamed Apartment,Apartment Complex,", Chennai"
12.9826969,80.2662358,Unnamed Apartment,Apartment Complex,", Chennai"
12.9823665,80.2666214,Unnamed Apartment,Apartment Complex,", Chennai"
12.9962444,80.212092,Lakshmi Griha Apartments,Apartment Complex,", Chennai"
12.9966121,80.2135116,Race View Apartment,Apartment Complex,", Chennai"
13.0473876,80.25524,Floral Park,Residential Apartment,", Chennai"
12.9980073,80.2069513,Unnamed Apartment,Apartment Complex,", Chennai"
13.0670671,80.169708,Unnamed Apartment,Apartment Complex,", Chennai"
13.0671052,80.1699538,Unnamed Apartment,Apartment Complex,", Chennai"
13.067304,80.1704539,Unnamed Apartment,Apartment Complex,", Chennai"
13.0673246,80.1707069,Unnamed Apartment,Apartment Complex,", Chennai"
13.0679108,80.169715,Unnamed Apartment,Apartment Complex,", Chennai"
13.0674239,80.1697728,Unnamed Apartment,Apartment Complex,", Chennai"
13.068564,80.1701788,Unnamed Apartment,Apartment Complex,", Chennai"
13.0681468,80.1696843,Unnamed Apartment,Apartment Complex,", Chennai"
13.0676784,80.1697459,Unnamed Apartment,Apartment Complex,", Chennai"
13.068513,80.1708031,Unnamed Apartment,Apartment Complex,", Chennai"
13.0681503,80.1705544,Block A,Residential Apartment,", Chennai"
13.0684894,80.170551,Unnamed Apartment,Apartment Complex,", Chennai"
13.0678984,80.1705876,Unnamed Apartment,Apartment Complex,", Chennai"
13.0676639,80.170611,Unnamed Apartment,Apartment Complex,", Chennai"
13.0685189,80.1698389,Unnamed Apartment,Apartment Complex,", Chennai"
13.068483,80.1695963,Unnamed Apartment,Apartment Complex,", Chennai"
13.0759933,80.1653098,Unnamed Apartment,Apartment Complex,", Chennai"
13.0757823,80.1623329,Unnamed Apartment,Apartment Complex,", Chennai"
13.0754894,80.1649725,Unnamed Apartment,Apartment Complex,", Chennai"
13.0762931,80.1653554,Unnamed Apartment,Apartment Complex,", Chennai"
13.0755165,80.1623579,Unnamed Apartment,Apartment Complex,", Chennai"
13.0757213,80.1652639,Unnamed Apartment,Apartment Complex,", Chennai"
13.0762679,80.1650528,Unnamed Apartment,Apartment Complex,", Chennai"
13.0757529,80.1650136,Unnamed Apartment,Apartment Complex,", Chennai"
13.0754362,80.1652093,Unnamed Apartment,Apartment Complex,", Chennai"
13.0761369,80.1648589,Unnamed Apartment,Apartment Complex,", Chennai"
13.0779478,80.1646768,Unnamed Apartment,Apartment Complex,", Chennai"
13.0710466,80.1632013,Unnamed Apartment,Apartment Complex,", Chennai"
13.071485,80.1632525,Unnamed Apartment,Apartment Complex,", Chennai"
13.0739724,80.1646565,Unnamed Apartment,Apartment Complex,", Chennai"
13.0761309,80.1642273,Unnamed Apartment,Apartment Complex,", Chennai"
13.0742786,80.1650932,Unnamed Apartment,Apartment Complex,", Chennai"
13.0739618,80.1651203,Unnamed Apartment,Apartment Complex,", Chennai"
13.0684039,80.1701986,Unnamed Apartment,Apartment Complex,", Chennai"
13.0741408,80.164311,Unnamed Apartment,Apartment Complex,", Chennai"
13.070396,80.1628771,Unnamed Apartment,Apartment Complex,", Chennai"
13.0701641,80.1631632,Unnamed Apartment,Apartment Complex,", Chennai"
13.0706167,80.1631905,Unnamed Apartment,Apartment Complex,", Chennai"
13.0698865,80.1628927,Unnamed Apartment,Apartment Complex,", Chennai"
13.0744817,80.1651155,Unnamed Apartment,Apartment Complex,", Chennai"
13.0755334,80.1647938,Unnamed Apartment,Apartment Complex,", Chennai"
13.0758369,80.1648167,Unnamed Apartment,Apartment Complex,", Chennai"
12.9569097,80.2383234,Doshi Oriana Apartment Block 2,Apartment Complex,"Janaki Raman Nagar Rd, Perungudi"
12.9569027,80.2385929,Doshi Oriana Apartment Block 1,Apartment Complex,"Janaki Raman Nagar Rd, Perungudi"
12.9621906,80.2428834,Plaza Court Apartments,Apartment Complex,", Chennai"
13.0159813,80.240236,University Of Madras Vice Chancellor Residence,Residency,"Surya Nagar, Kotturpuram, Chennai"
13.0759803,80.165768,Unnamed Apartment,Apartment Complex,", Chennai"
13.0103137,80.2030263,Unnamed Apartment,Apartment Complex,", Chennai"
12.9879646,80.2226464,Unnamed Apartment,Apartment Complex,", Chennai"
12.9877974,80.2228151,Unnamed Apartment,Apartment Complex,", Chennai"
12.9885465,80.2218855,Unnamed Apartment,Apartment Complex,", Chennai"
12.9882543,80.2219875,Unnamed Apartment,Apartment Complex,", Chennai"
12.9814423,80.2208813,Sakthi Elegance Apartments,Apartment Complex,"Velachery Main Road, Chennai"
12.9884989,80.2220625,Unnamed Apartment,Apartment Complex,", Chennai"
12.9881103,80.2223355,Unnamed Apartment,Apartment Complex,", Chennai"
12.9548457,80.2083627,Arasan Apartments,Apartment Complex,", Chennai"
13.006345,80.2500421,Unnamed Apartment,Apartment Complex,", Chennai"
13.006389,80.2509843,Unnamed Apartment,Apartment Complex,", Chennai"
13.0063437,80.2493295,Unnamed Apartment,Apartment Complex,", Chennai"
13.0063724,80.2502684,Unnamed Apartment,Apartment Complex,", Chennai"
12.9310567,80.1893481,Isha Yara,Residential Apartment,", Chennai"
12.9308318,80.188944,Isha Yara,Residential Apartment,", Chennai"
12.9310818,80.1889649,Isha Yara,Residential Apartment,", Chennai"
12.9308187,80.1893199,Isha Yara,Residential Apartment,", Chennai"
12.931319,80.1889927,Isha Yara,Residential Apartment,", Chennai"
13.0483902,80.1970252,Ys Enclave office,Residential Apartment,"Arcot Road, Chennai"
12.9915618,80.19885,Unnamed Apartment,Apartment Complex,", Chennai"
12.9755406,80.2645835,Unnamed Apartment,Apartment Complex,", Chennai"
12.975563,80.2655707,Unnamed Apartment,Apartment Complex,", Chennai"
12.9755306,80.2648374,Unnamed Apartment,Apartment Complex,", Chennai"
12.9757051,80.2630122,Unnamed Apartment,Apartment Complex,", Chennai"
12.9761258,80.2626066,Unnamed Apartment,Apartment Complex,", Chennai"
12.9754862,80.2653234,Unnamed Apartment,Apartment Complex,", Chennai"
12.976143,80.2633651,SPL Bay Brease,Residential Apartment,", Chennai"
12.975968,80.2654006,Unnamed Apartment,Apartment Complex,", Chennai"
12.9758218,80.2627425,Unnamed Apartment,Apartment Complex,", Chennai"
12.9760425,80.264586,Unnamed Apartment,Apartment Complex,", Chennai"
12.9761643,80.2630955,Vinay Vihar,Residential Apartment,", Chennai"
12.9759827,80.265275,Unnamed Apartment,Apartment Complex,", Chennai"
12.9759701,80.2655881,Unnamed Apartment,Apartment Complex,", Chennai"
13.0497495,80.1908821,Balambal Apartments,Apartment Complex,", Chennai"
13.01357,80.1455299,Unnamed Apartment,Apartment Complex,", Chennai"
13.0134371,80.1454482,Unnamed Apartment,Apartment Complex,", Chennai"
13.0134388,80.1453882,Unnamed Apartment,Apartment Complex,", Chennai"
13.0134315,80.1453084,Unnamed Apartment,Apartment Complex,", Chennai"
13.0516656,80.228588,Amana Building,Residential Apartment,"Akbarabad 1st Street, Chennai"
13.0503945,80.2299036,Station View Apartments,Apartment Complex,", Chennai"
13.0526415,80.229166,Prashanth apartments,Apartment Complex,", Chennai"
13.0520584,80.2284341,GRN Jothir Arunachala Apartments,Apartment Complex,"Station View Rd, Akbarabad, Kodambakkam, Chennai"
12.9758634,80.2090499,Natwest Paduka Pavani Apartments,Apartment Complex,"Kalki Nagar 1st Cross, Chennai"
12.9760329,80.2091386,Natwest Pavithra Apartments,Apartment Complex,"Kalki Nagar 1st Cross, Chennai"
12.9708036,80.2101468,Metro Court,Residential Apartment,", Chennai"
12.9302285,80.1892907,Unnamed Apartment,Apartment Complex,", Chennai"
12.9295255,80.1892264,Unnamed Apartment,Apartment Complex,", Chennai"
12.9304763,80.1893059,Isha Yara,Residential Apartment,", Chennai"
12.9300081,80.1892491,Unnamed Apartment,Apartment Complex,", Chennai"
12.9292815,80.189204,Unnamed Apartment,Apartment Complex,", Chennai"
12.9297585,80.1892424,Unnamed Apartment,Apartment Complex,", Chennai"
13.0357029,80.2644842,Nagalakshmi Apartments,Apartment Complex,"Ramachandra Road, Chennai"
12.9303475,80.1324472,"14/20, Kasiappar Street, East Tambaram, Chennai - 600059",Residential Apartment,"Kasiappar street, East, Tambaram, Chennai"
12.9365654,80.2397025,A. R. Samriddhi Flats,Apartment Complex,", Chennai"
12.9312469,80.2355299,C R's Gokulam Apartments,Apartment Complex,", Chennai"
13.0754467,80.1677461,Unnamed Apartment,Apartment Complex,", Chennai"
12.9421375,80.207202,Unnamed Apartment,Apartment Complex,", Chennai"
12.9419134,80.2070374,Unnamed Apartment,Apartment Complex,", Chennai"
12.9865251,80.25773,Unnamed Apartment,Apartment Complex,", Chennai"
12.9900612,80.2568062,Century Enclave,Residential Apartment,"Kalakshetra Road, Chennai"
12.987679,80.2584023,Clasic Rudhra Ramaniyam,Residential Apartment,", Chennai"
12.9867765,80.2582632,Unnamed Apartment,Apartment Complex,", Chennai"
12.9876463,80.2589923,Unnamed Apartment,Apartment Complex,", Chennai"
12.9863129,80.2576676,Unnamed Apartment,Apartment Complex,", Chennai"
12.9901528,80.2564259,SPL Asmana,Residential Apartment,"Kalakshetra Road, Chennai"
12.9877491,80.2578922,Unnamed Apartment,Apartment Complex,", Chennai"
12.9827678,80.2174648,Unnamed Apartment,Apartment Complex,", Chennai"
13.0162266,80.2283925,Vasanth Apartments,Apartment Complex,"LDG Road, Chennai"
13.015968,80.2282086,Arihant Vipassana,Residential Apartment,"West Mada Street, Chennai"
12.9774591,80.2597986,Unnamed Apartment,Apartment Complex,", Chennai"
12.9774403,80.2601521,Unnamed Apartment,Apartment Complex,", Chennai"
12.9760413,80.2586086,Unnamed Apartment,Apartment Complex,", Chennai"
12.9610606,80.2011213,Unnamed Apartment,Apartment Complex,", Chennai"
12.9898175,80.2567479,Century Enclave,Residential Apartment,"Kalakshethra Rd, Chennai"
13.0400827,80.227603,Rams Apartment,Apartment Complex,", Chennai"
13.0366303,80.2228271,Vijaya Vilas,Residential Apartment,"Lake View Rd,Gokulam Colony, Ramakrishnapuram, West Mambalam, Chennai"
13.0610878,80.1893538,Sai Annai,Residential Apartment,"Muniappa Nagar Main Road, Nerkundram"
12.9773127,80.2611954,Unnamed Apartment,Apartment Complex,", Chennai"
12.9773538,80.2608182,Unnamed Apartment,Apartment Complex,", Chennai"
12.977382,80.2605943,Unnamed Apartment,Apartment Complex,", Chennai"
13.0659706,80.176635,Unnamed Apartment,Apartment Complex,", Chennai"
13.0667871,80.1765608,Unnamed Apartment,Apartment Complex,", Chennai"
13.0663854,80.1767613,Unnamed Apartment,Apartment Complex,", Chennai"
13.0663528,80.1764421,Unnamed Apartment,Apartment Complex,", Chennai"
13.040553,80.2569826,Unnamed Apartment,Apartment Complex,", Chennai"
13.0446266,80.171295,Unnamed Apartment,Apartment Complex,", Chennai"
13.0446368,80.1711224,Unnamed Apartment,Apartment Complex,", Chennai"
13.0454297,80.2276776,VRM Flats,Apartment Complex,"Subramania Nagar 2nd Street, Kodambakkam"
13.0315855,80.1629624,Unnamed Apartment,Apartment Complex,", Chennai"
13.0318541,80.1630143,Unnamed Apartment,Apartment Complex,", Chennai"
13.0318825,80.1628509,Unnamed Apartment,Apartment Complex,", Chennai"
13.0316084,80.1627976,Unnamed Apartment,Apartment Complex,", Chennai"
12.9747829,80.2003504,Amit Flats,Apartment Complex,"Hindu Colony 2nd Main Rd, Hindu Colony, Puzhuthivakkam, Madipakkam, Chennai"
12.9378424,80.1841796,Shnathi Apartments,Apartment Complex,", Chennai"
12.9305472,80.1888326,Isha Yara,Residential Apartment,", Chennai"
12.9305451,80.1883431,Isha Yara,Residential Apartment,", Chennai"
12.9305699,80.1879631,Isha Yara,Residential Apartment,", Chennai"
13.0714478,80.1878555,Unnamed Apartment,Apartment Complex,", Chennai"
13.0716655,80.1878117,Unnamed Apartment,Apartment Complex,", Chennai"
13.0711161,80.1878663,Unnamed Apartment,Apartment Complex,", Chennai"
13.0712283,80.1878484,Unnamed Apartment,Apartment Complex,", Chennai"
13.071783,80.1877903,Unnamed Apartment,Apartment Complex,", Chennai"
13.0715644,80.1878442,Unnamed Apartment,Apartment Complex,", Chennai"
13.0713424,80.1878527,Unnamed Apartment,Apartment Complex,", Chennai"
12.9211628,80.1409755,Raydeal,Residential Apartment,"M.S.K Nagar, Selaiyur, Chennai"
13.0660706,80.2204717,BG Homes,Residential Apartment,", Chennai"
13.0671467,80.2195905,Anurag Apartment,Apartment Complex,", Chennai"
13.058944,80.207073,Kapaleeswarar Flats,Apartment Complex,"VOC St, Chennai"
12.9040218,80.2245982,Unnamed Apartment,Apartment Complex,", Chennai"
12.9040496,80.2251235,Unnamed Apartment,Apartment Complex,", Chennai"
12.9040359,80.2248641,Unnamed Apartment,Apartment Complex,", Chennai"
12.90401,80.2243338,Unnamed Apartment,Apartment Complex,", Chennai"
12.9793028,80.2192691,Unnamed Apartment,Apartment Complex,", Chennai"
12.9803165,80.2178399,Unnamed Apartment,Apartment Complex,", Chennai"
12.9926888,80.1439582,Unnamed Apartment,Apartment Complex,", Chennai"
12.9925519,80.1443297,Unnamed Apartment,Apartment Complex,", Chennai"
13.0289686,80.1688964,Unnamed Apartment,Apartment Complex,", Chennai"
13.0288388,80.1688176,Unnamed Apartment,Apartment Complex,", Chennai"
13.0287352,80.1691752,Unnamed Apartment,Apartment Complex,", Chennai"
13.028818,80.1690303,Unnamed Apartment,Apartment Complex,", Chennai"
13.0386656,80.202013,Champakam Apartments,Apartment Complex,", Chennai"
13.02919,80.2137549,Unnamed Apartment,Apartment Complex,", Chennai"
13.0224742,80.1679623,Unnamed Apartment,Apartment Complex,", Chennai"
12.9965348,80.2688251,Unnamed Apartment,Apartment Complex,", Chennai"
12.9963488,80.2687103,Unnamed Apartment,Apartment Complex,", Chennai"
13.0654708,80.2517535,Unnamed Apartment,Apartment Complex,", Chennai"
13.0327046,80.2575995,Nutech Hive B,Residential Apartment,", Chennai"
13.0327267,80.2574348,Nutech Hive C,Residential Apartment,", Chennai"
13.0328706,80.2576139,Sreshta Nirmal,Residential Apartment,"Abhiramapuram 1st Street, Chennai"
13.0342189,80.2565268,Residency Aaroha,Residency,", Chennai"
13.0326926,80.257723,Nutech Hive A,Residential Apartment,", Chennai"
12.9772609,80.2616231,Unnamed Apartment,Apartment Complex,", Chennai"
13.0327876,80.2418445,Unnamed Apartment,Apartment Complex,", Chennai"
13.032663,80.2418985,Unnamed Apartment,Apartment Complex,", Chennai"
13.0203432,80.1416996,Unnamed Apartment,Apartment Complex,", Chennai"
13.0534239,80.1206092,Radiance Royale - B Block,Residential Apartment,"Poonamalle Bypass Road, Chennai"
13.1152998,80.2387152,Venus Bloomingdale,Residential Apartment,"Madurai Samy Madam Street, Chennai"
12.9969004,80.2670697,Kgeyes Vruksha,Residential Apartment,", Chennai"
12.9907396,80.2602265,Unnamed Apartment,Apartment Complex,", Chennai"
13.0765384,80.2112648,Unnamed Apartment,Apartment Complex,", Chennai"
13.0364509,80.2524545,Jains Wingate Garden Apartments,Apartment Complex,"1st Cross, Chennai"
12.9259857,80.1276216,Unnamed Apartment,Apartment Complex,", Chennai"
12.9244316,80.1272115,Unnamed Apartment,Apartment Complex,", Chennai"
12.9253083,80.1278195,Unnamed Apartment,Apartment Complex,", Chennai"
12.9248963,80.1272297,Unnamed Apartment,Apartment Complex,", Chennai"
12.9262212,80.1273609,Unnamed Apartment,Apartment Complex,", Chennai"
12.9246081,80.1273562,Unnamed Apartment,Apartment Complex,", Chennai"
12.9262423,80.1276865,Unnamed Apartment,Apartment Complex,", Chennai"
12.9233562,80.1279746,Unnamed Apartment,Apartment Complex,", Chennai"
12.9249334,80.1270373,Unnamed Apartment,Apartment Complex,", Chennai"
12.9238474,80.1266054,Blue Bells,Residential Apartment,", Chennai"
12.9242172,80.1269817,Unnamed Apartment,Apartment Complex,", Chennai"
12.9261055,80.1273379,Unnamed Apartment,Apartment Complex,", Chennai"
12.9246321,80.1271844,Unnamed Apartment,Apartment Complex,", Chennai"
12.9248656,80.1273946,Unnamed Apartment,Apartment Complex,", Chennai"
12.9243696,80.1268822,Unnamed Apartment,Apartment Complex,", Chennai"
12.9244937,80.1269428,Unnamed Apartment,Apartment Complex,", Chennai"
12.926354,80.1273519,Unnamed Apartment,Apartment Complex,", Chennai"
12.9950046,80.2554294,Unnamed Apartment,Apartment Complex,", Chennai"
12.9949473,80.2550629,Unnamed Apartment,Apartment Complex,", Chennai"
13.0427063,80.1509181,Unnamed Apartment,Apartment Complex,", Chennai"
12.9223542,80.1998153,IRIS Apartments,Apartment Complex,"Jayachandran Nagar 4th Main Road, Chennai"
12.9224026,80.2001113,IRIS Clubhouse,Residential Apartment,", Chennai"
12.9220732,80.2001149,IRIS Apartments,Apartment Complex,"Jayachandran Nagar 4nd Main Road, Chennai"
12.923546,80.2019717,Jai Madhav Apartments,Apartment Complex,", Chennai"
12.9220566,80.1998277,IRIS Apartments,Apartment Complex,"Jayachandran Nagar 4nd Main Road, Chennai"
13.0658816,80.1761922,Deepika Lotus Apartment,Apartment Complex,"Maduravoyal, Cjhennai"
13.0649949,80.194576,Sinai Enclave,Residential Apartment,"samandhi street, Chennai"
13.0659283,80.1836589,Balaji Residence,Residency,", Chennai"
13.060219,80.2385831,Unnamed Apartment,Apartment Complex,", Chennai"
13.0639195,80.2221155,Safa Homes,Residential Apartment,"Kamaraj Nagar 4th Street, Chennai"
13.0730701,80.1911239,Unnamed Apartment,Apartment Complex,", Chennai"
12.9510486,80.137721,Selvam Flats,Apartment Complex,", Chennai"
13.0778713,80.21457,Sri Ram Flats,Apartment Complex,"Nathamuni Street, Naduvankarai, Anna Nagar, Chennai"
13.0778723,80.2144698,Sri Ram Flats,Apartment Complex,"Nathamuni Street, Naduvankarai, Anna Nagar, Chennai"
13.0778647,80.2146811,Sri Ram Flats,Apartment Complex,"Nathamuni Street, Naduvankarai, Anna Nagar, Chennai"
13.0778756,80.2143738,Sri Ram Flats,Apartment Complex,"Nathamuni Street, Naduvankarai, Anna Nagar, Chennai"
13.0008398,80.2585301,Unnamed Apartment,Apartment Complex,", Chennai"
12.9057241,80.2246302,Unnamed Apartment,Apartment Complex,", Chennai"
13.0355582,80.2389375,Silver Park Apartments,Apartment Complex,"Thanikachalam Road, chennai"
12.9041038,80.2265091,Siesta Sabari Mondrian,Residential Apartment,", Chennai"
12.9053892,80.2245876,Unnamed Apartment,Apartment Complex,", Chennai"
12.8072194,80.1974268,Unnamed Apartment,Apartment Complex,", Chennai"
12.8091877,80.1963794,Unnamed Apartment,Apartment Complex,", Chennai"
12.8070036,80.1975745,Unnamed Apartment,Apartment Complex,", Chennai"
12.8089304,80.1963642,Unnamed Apartment,Apartment Complex,", Chennai"
12.807453,80.1973455,Unnamed Apartment,Apartment Complex,", Chennai"
12.8095218,80.1966695,Unnamed Apartment,Apartment Complex,", Chennai"
12.8083614,80.196238,Unnamed Apartment,Apartment Complex,", Chennai"
12.8067252,80.1967163,Unnamed Apartment,Apartment Complex,", Chennai"
12.808134,80.1963162,Unnamed Apartment,Apartment Complex,", Chennai"
12.8067233,80.1974529,Unnamed Apartment,Apartment Complex,", Chennai"
12.8086655,80.1963664,Unnamed Apartment,Apartment Complex,", Chennai"
12.8106888,80.1965136,Unnamed Apartment,Apartment Complex,", Chennai"
12.8065025,80.1975563,Unnamed Apartment,Apartment Complex,", Chennai"
12.8059636,80.1972765,Unnamed Apartment,Apartment Complex,", Chennai"
12.8074185,80.1965225,Unnamed Apartment,Apartment Complex,", Chennai"
12.8064842,80.1967764,Unnamed Apartment,Apartment Complex,", Chennai"
12.807888,80.1963855,Unnamed Apartment,Apartment Complex,", Chennai"
12.8062611,80.1968525,Unnamed Apartment,Apartment Complex,", Chennai"
12.8076598,80.1964441,Unnamed Apartment,Apartment Complex,", Chennai"
12.8101962,80.1965058,Unnamed Apartment,Apartment Complex,", Chennai"
12.8099322,80.1964411,Unnamed Apartment,Apartment Complex,", Chennai"
12.8071827,80.196578,Unnamed Apartment,Apartment Complex,", Chennai"
12.8069622,80.1966432,Unnamed Apartment,Apartment Complex,", Chennai"
12.8079445,80.1972971,Unnamed Apartment,Apartment Complex,", Chennai"
12.8096903,80.1963952,Unnamed Apartment,Apartment Complex,", Chennai"
12.8062509,80.1975814,Unnamed Apartment,Apartment Complex,", Chennai"
12.8076942,80.1973062,Unnamed Apartment,Apartment Complex,", Chennai"
12.8093288,80.1959971,Unnamed Apartment,Apartment Complex,", Chennai"
13.0844295,80.198851,Unnamed Apartment,Apartment Complex,", Chennai"
13.0836958,80.1988536,Unnamed Apartment,Apartment Complex,", Chennai"
13.0834851,80.1988597,Unnamed Apartment,Apartment Complex,", Chennai"
13.0832043,80.1988968,Unnamed Apartment,Apartment Complex,", Chennai"
13.0362798,80.2448605,Unnamed Apartment,Apartment Complex,", Chennai"
13.0358469,80.2448003,Unnamed Apartment,Apartment Complex,", Chennai"
12.9282128,80.1169142,Aruna Nataraj Residency,Residency,", Chennai"
13.0451843,80.2538202,Convent,Residential Apartment,", Chennai"
12.81262,80.2259718,Akshaya Adena Apartment Block B,Apartment Complex,", Chennai"
12.9118913,80.2294615,Manoj PG,Residential Apartment,", Chennai"
12.8111141,80.2308755,Unnamed Apartment,Apartment Complex,", Chennai"
12.811097,80.2301423,Unnamed Apartment,Apartment Complex,", Chennai"
12.9879651,80.2179643,Mathura,Residential Apartment,", Chennai"
12.8122454,80.2305525,Unnamed Apartment,Apartment Complex,", Chennai"
12.9054565,80.2247656,Unnamed Apartment,Apartment Complex,", Chennai"
13.0670554,80.2203526,Kris Flats,Apartment Complex,", Chennai"
12.9901348,80.2648497,Bayview Apartments - C Block,Apartment Complex,"Parvathi Street, Besant Nagar, Chennai"
12.9900655,80.2653761,Bayview Apartments - Vaibhav,Apartment Complex,"Parvathi Street, Besant Nagar, Chennai"
12.9900933,80.2651493,Bayview Apartments - D Block,Apartment Complex,"Parvathi Street, Besant Nagar, Chennai"
12.9938648,80.2647559,Ejji K. Umamahesh,Residential Apartment,"Beach Rd, Chennai"
12.9056475,80.2250699,Unnamed Apartment,Apartment Complex,", Chennai"
12.9052789,80.2250066,Unnamed Apartment,Apartment Complex,", Chennai"
12.9949329,80.261938,Unnamed Apartment,Apartment Complex,", Chennai"
12.9949495,80.2618254,Unnamed Apartment,Apartment Complex,", Chennai"
12.9949055,80.2621743,Unnamed Apartment,Apartment Complex,", Chennai"
12.9949202,80.262056,Unnamed Apartment,Apartment Complex,", Chennai"
12.9900564,80.2600619,Unnamed Apartment,Apartment Complex,", Chennai"
12.9950575,80.2621724,Unnamed Apartment,Apartment Complex,", Chennai"
12.9950865,80.262007,Unnamed Apartment,Apartment Complex,", Chennai"
12.985968,80.2576304,Unnamed Apartment,Apartment Complex,", Chennai"
12.9877151,80.2597704,Ashtalakshmi Flats,Apartment Complex,", Chennai"
13.0563437,80.2085308,Grahalaya's Kamran,Residential Apartment,", Chennai"
12.987709,80.2527917,Unnamed Apartment,Apartment Complex,", Chennai"
12.9735691,80.1400067,Anugraha Flats,Apartment Complex,"Maruthi Street, Chennai"
12.9733328,80.1400318,Keerthi Flats,Apartment Complex,"Maruthi Street, Chennai"
12.9734462,80.1400287,Sri Maruthi Flats,Apartment Complex,"Maruthi Street, Chennai"
12.9968632,80.2520655,Palms Apartments,Apartment Complex,"First Avenue, Indira Nagar, Adyar, Chennai"
12.9896789,80.2649984,Bayview Apartments - B Block,Apartment Complex,"Parvathi Street, Besant Nagar, Chennai"
12.9896292,80.2652759,Bayview Apartments - A Block,Apartment Complex,"Parvathi Street, Besant Nagar, Chennai"
13.0757891,80.1799631,Unnamed Apartment,Apartment Complex,", Chennai"
13.075799,80.1802869,Unnamed Apartment,Apartment Complex,", Chennai"
13.0311395,80.1649037,Unnamed Apartment,Apartment Complex,", Chennai"
13.0309172,80.1648311,Unnamed Apartment,Apartment Complex,", Chennai"
13.0308959,80.1651849,Unnamed Apartment,Apartment Complex,", Chennai"
13.0005337,80.2572887,BSNL Staff Quaters,Residential Apartment,", Chennai"
13.124009,80.2878969,Agasthya Apartments,Apartment Complex,"Thiruvottriyur High Road, Chennai"
12.8081994,80.1972712,Provident Cosmo city,Residential Apartment,", Chennai"
13.084624,80.1621888,Unnamed Apartment,Apartment Complex,", Chennai"
13.0874631,80.1977548,TamilNadu Housing Board,Housing Colony,"Ambattur Estate Road, Thirumangalam, Chennai"
13.0835362,80.1757469,Unnamed Apartment,Apartment Complex,", Chennai"
13.0838435,80.1747308,Unnamed Apartment,Apartment Complex,", Chennai"
13.0764111,80.148351,Unnamed Apartment,Apartment Complex,", Chennai"
13.0749762,80.165088,Unnamed Apartment,Apartment Complex,", Chennai"
13.078245,80.1744118,Unnamed Apartment,Apartment Complex,", Chennai"
13.0666338,80.2819128,Unnamed Apartment,Apartment Complex,", Chennai"
13.0544959,80.2796884,Unnamed Apartment,Apartment Complex,", Chennai"
13.0817541,80.1989362,Unnamed Apartment,Apartment Complex,", Chennai"
13.0823143,80.1989252,Unnamed Apartment,Apartment Complex,", Chennai"
13.0811842,80.1989011,Unnamed Apartment,Apartment Complex,", Chennai"
13.0846363,80.1988662,Unnamed Apartment,Apartment Complex,", Chennai"
13.0406713,80.2574051,Unnamed Apartment,Apartment Complex,", Chennai"
12.9802423,80.2485658,Girls Hostel,Residential Apartment,", Chennai"
12.9816046,80.2173008,Unnamed Apartment,Apartment Complex,", Chennai"
12.9875906,80.2532166,Unnamed Apartment,Apartment Complex,", Chennai"
12.961596,80.2405821,Unnamed Apartment,Apartment Complex,", Chennai"
12.9777443,80.2216514,Unnamed Apartment,Apartment Complex,", Chennai"
12.8494622,80.2304427,Unnamed Apartment,Apartment Complex,", Chennai"
12.8973417,80.2206951,Central Park-West,Residential Apartment,", Chennai"
12.8967992,80.2204716,Central park-south,Residential Apartment,", Chennai"
12.8969,80.223079,Central park- East,Residential Apartment,", Chennai"
12.8961953,80.220777,Unnamed Apartment,Apartment Complex,", Chennai"
13.0731495,80.1561125,AKS Serenity B Block,Residential Apartment,", Chennai"
13.0691909,80.1670559,Unnamed Apartment,Apartment Complex,", Chennai"
13.0695223,80.1663517,Unnamed Apartment,Apartment Complex,", Chennai"
13.069554,80.1660363,Unnamed Apartment,Apartment Complex,", Chennai"
13.069153,80.1666049,Unnamed Apartment,Apartment Complex,", Chennai"
13.0689629,80.1694585,Unnamed Apartment,Apartment Complex,", Chennai"
13.0316679,80.1634804,Unnamed Apartment,Apartment Complex,", Chennai"
13.0310283,80.2573186,Ramalakshmi Apartments,Apartment Complex,", Chennai"
13.0113478,80.1884477,Unnamed Apartment,Apartment Complex,", Chennai"
13.0112824,80.1887965,Unnamed Apartment,Apartment Complex,", Chennai"
12.9868615,80.2577651,Unnamed Apartment,Apartment Complex,", Chennai"
12.987769,80.2573684,Unnamed Apartment,Apartment Complex,", Chennai"
12.9190921,80.1868133,Unnamed Apartment,Apartment Complex,", Chennai"
12.973148,80.1400277,Unnamed Apartment,Apartment Complex,"Maruthi Street, Chennai"
12.9729924,80.1398434,Karunya Apartments,Apartment Complex,", Chennai"
12.9368603,80.2060086,Unnamed Apartment,Apartment Complex,", Chennai"
13.0084055,80.2529663,Sarraswathi Apartments,Apartment Complex,"Gandhi Nagar 3rd Main Road, Chennai"
12.913868,80.1687342,Unnamed Apartment,Apartment Complex,", Chennai"
12.9721347,80.1903768,Indhraprastham,Residential Apartment,"Gomathi Street, Chennai"
13.2210725,80.1794259,Unnamed Apartment,Apartment Complex,", Chennai"
13.2187799,80.1983623,Unnamed Apartment,Apartment Complex,", Chennai"
13.2377361,80.2017929,Unnamed Apartment,Apartment Complex,", Chennai"
13.2258195,80.1910748,Unnamed Apartment,Apartment Complex,", Chennai"
13.2271798,80.1872312,Unnamed Apartment,Apartment Complex,", Chennai"
13.2330781,80.1883121,Unnamed Apartment,Apartment Complex,", Chennai"
13.2267438,80.1788413,Unnamed Apartment,Apartment Complex,", Chennai"
13.2379372,80.1925849,Unnamed Apartment,Apartment Complex,", Chennai"
13.2291313,80.2213446,Unnamed Apartment,Apartment Complex,", Chennai"
13.2355466,80.2070564,Unnamed Apartment,Apartment Complex,", Chennai"
13.2342071,80.2069384,Unnamed Apartment,Apartment Complex,", Chennai"
13.2335659,80.2096153,Unnamed Apartment,Apartment Complex,", Chennai"
13.2321366,80.2130565,Unnamed Apartment,Apartment Complex,", Chennai"
13.2294421,80.2129493,Unnamed Apartment,Apartment Complex,", Chennai"
13.2233645,80.2115994,Unnamed Apartment,Apartment Complex,", Chennai"
13.1987504,80.1405777,Unnamed Apartment,Apartment Complex,", Chennai"
13.2175234,80.1556153,Unnamed Apartment,Apartment Complex,", Chennai"
13.2158576,80.1596735,Unnamed Apartment,Apartment Complex,", Chennai"
13.2184962,80.1759805,Unnamed Apartment,Apartment Complex,", Chennai"
13.174648,80.1339177,Unnamed Apartment,Apartment Complex,", Chennai"
13.1931788,80.0986578,Unnamed Apartment,Apartment Complex,", Chennai"
13.193497,80.1640754,Gandhi Nagar,Residential Apartment,", Chennai"
13.1547878,80.1451316,Unnamed Apartment,Apartment Complex,", Chennai"
13.2095191,80.2155555,Unnamed Apartment,Apartment Complex,", Chennai"
13.2080572,80.2108512,Unnamed Apartment,Apartment Complex,", Chennai"
13.2019486,80.2126643,Unnamed Apartment,Apartment Complex,", Chennai"
13.206201,80.2122282,Unnamed Apartment,Apartment Complex,", Chennai"
13.1980541,80.2190945,Unnamed Apartment,Apartment Complex,", Chennai"
13.2165379,80.2199033,Unnamed Apartment,Apartment Complex,", Chennai"
13.2143237,80.2022267,Unnamed Apartment,Apartment Complex,", Chennai"
13.2062127,80.2172656,Unnamed Apartment,Apartment Complex,", Chennai"
13.2342061,80.2273788,Unnamed Apartment,Apartment Complex,", Chennai"
13.2198414,80.2277083,Unnamed Apartment,Apartment Complex,", Chennai"
13.2232659,80.2247213,Unnamed Apartment,Apartment Complex,", Chennai"
13.2256345,80.2317189,Unnamed Apartment,Apartment Complex,", Chennai"
13.2335878,80.2360121,Unnamed Apartment,Apartment Complex,", Chennai"
13.2330003,80.2393619,Unnamed Apartment,Apartment Complex,", Chennai"
13.2357927,80.2300535,Unnamed Apartment,Apartment Complex,", Chennai"
13.2379975,80.2393467,Unnamed Apartment,Apartment Complex,", Chennai"
12.8172135,80.2420707,Unnamed Apartment,Apartment Complex,", Chennai"
13.081578,80.2251759,Tulasi Apartments,Apartment Complex,", Chennai"
13.0247229,80.1872413,Asvini Amarisa,Residential Apartment,"kalasathamman koil street, Chennai"
13.0054039,80.2500534,Unnamed Apartment,Apartment Complex,", Chennai"
13.0059368,80.2500558,Unnamed Apartment,Apartment Complex,", Chennai"
13.0046285,80.250057,Unnamed Apartment,Apartment Complex,", Chennai"
13.0046701,80.2523935,Unnamed Apartment,Apartment Complex,", Chennai"
13.0058041,80.2538518,Unnamed Apartment,Apartment Complex,", Chennai"
13.0053688,80.25385,Unnamed Apartment,Apartment Complex,", Chennai"
13.0047044,80.253886,Unnamed Apartment,Apartment Complex,", Chennai"
13.0034773,80.2497293,Unnamed Apartment,Apartment Complex,", Chennai"
13.0039946,80.2510049,Unnamed Apartment,Apartment Complex,", Chennai"
13.0039802,80.2539141,Unnamed Apartment,Apartment Complex,", Chennai"
13.003428,80.2539633,Unnamed Apartment,Apartment Complex,", Chennai"
13.0028806,80.252625,Unnamed Apartment,Apartment Complex,", Chennai"
13.0028789,80.2539934,Unnamed Apartment,Apartment Complex,", Chennai"
13.0005647,80.2527923,Unnamed Apartment,Apartment Complex,", Chennai"
12.9717419,80.2221924,Unnamed Apartment,Apartment Complex,", Chennai"
12.9992594,80.2511735,Unnamed Apartment,Apartment Complex,", Chennai"
12.9981234,80.2509788,Unnamed Apartment,Apartment Complex,", Chennai"
12.9983374,80.2527556,Unnamed Apartment,Apartment Complex,", Chennai"
13.0032261,80.2484251,Unnamed Apartment,Apartment Complex,", Chennai"
13.0012541,80.2488572,Unnamed Apartment,Apartment Complex,", Chennai"
12.9969841,80.2528538,Unnamed Apartment,Apartment Complex,", Chennai"
12.9981778,80.252955,Unnamed Apartment,Apartment Complex,", Chennai"
12.9993175,80.2514353,Unnamed Apartment,Apartment Complex,", Chennai"
12.9976141,80.2502197,Unnamed Apartment,Apartment Complex,", Chennai"
12.9930779,80.2509435,Unnamed Apartment,Apartment Complex,", Chennai"
12.9930595,80.2516107,Unnamed Apartment,Apartment Complex,", Chennai"
12.9923297,80.2517981,Unnamed Apartment,Apartment Complex,", Chennai"
12.9919446,80.2518955,Unnamed Apartment,Apartment Complex,", Chennai"
12.9951013,80.2540036,Unnamed Apartment,Apartment Complex,", Chennai"
12.994566,80.2537081,Unnamed Apartment,Apartment Complex,", Chennai"
12.9940489,80.2537799,Unnamed Apartment,Apartment Complex,", Chennai"
12.9934499,80.2538508,Unnamed Apartment,Apartment Complex,", Chennai"
12.9917489,80.2528092,Unnamed Apartment,Apartment Complex,", Chennai"
12.9909215,80.2521617,Unnamed Apartment,Apartment Complex,", Chennai"
12.9898352,80.2517681,Unnamed Apartment,Apartment Complex,", Chennai"
12.988164,80.2539134,Unnamed Apartment,Apartment Complex,", Chennai"
12.9873286,80.2523452,Unnamed Apartment,Apartment Complex,", Chennai"
12.9875994,80.2529921,Unnamed Apartment,Apartment Complex,", Chennai"
12.9855314,80.25286,Unnamed Apartment,Apartment Complex,", Chennai"
12.9858581,80.2536499,Unnamed Apartment,Apartment Complex,", Chennai"
12.9858256,80.2542769,Unnamed Apartment,Apartment Complex,", Chennai"
12.9857247,80.2531966,Unnamed Apartment,Apartment Complex,", Chennai"
12.9851488,80.2535255,Unnamed Apartment,Apartment Complex,", Chennai"
12.985454,80.2535832,Unnamed Apartment,Apartment Complex,", Chennai"
12.9854143,80.254312,Unnamed Apartment,Apartment Complex,", Chennai"
12.9856378,80.2546911,Unnamed Apartment,Apartment Complex,", Chennai"
12.9851009,80.2542865,Unnamed Apartment,Apartment Complex,", Chennai"
12.9850617,80.254312,Unnamed Apartment,Apartment Complex,", Chennai"
12.9844506,80.2566182,Unnamed Apartment,Apartment Complex,", Chennai"
12.98402,80.2565693,Unnamed Apartment,Apartment Complex,", Chennai"
12.9843168,80.2558609,Unnamed Apartment,Apartment Complex,", Chennai"
12.9831788,80.2561741,Unnamed Apartment,Apartment Complex,", Chennai"
12.982735,80.2561278,Unnamed Apartment,Apartment Complex,", Chennai"
12.982441,80.2571647,Unnamed Apartment,Apartment Complex,", Chennai"
12.9713573,80.2578024,Unnamed Apartment,Apartment Complex,", Chennai"
12.9641167,80.2513501,Unnamed Apartment,Apartment Complex,", Chennai"
12.9608027,80.2507325,Unnamed Apartment,Apartment Complex,", Chennai"
12.9671849,80.2438971,Unnamed Apartment,Apartment Complex,", Chennai"
12.9666407,80.2434469,Unnamed Apartment,Apartment Complex,", Chennai"
12.966588,80.2437904,Unnamed Apartment,Apartment Complex,", Chennai"
12.9664465,80.2445986,Unnamed Apartment,Apartment Complex,", Chennai"
12.9642568,80.24154,Unnamed Apartment,Apartment Complex,", Chennai"
12.9658494,80.2439357,Unnamed Apartment,Apartment Complex,", Chennai"
12.9656361,80.2427072,Unnamed Apartment,Apartment Complex,", Chennai"
12.9647346,80.2421985,Unnamed Apartment,Apartment Complex,", Chennai"
12.9644887,80.2427924,Unnamed Apartment,Apartment Complex,", Chennai"
12.965403,80.2438958,Unnamed Apartment,Apartment Complex,", Chennai"
12.9650222,80.2438499,Unnamed Apartment,Apartment Complex,", Chennai"
12.9635182,80.2420465,Unnamed Apartment,Apartment Complex,", Chennai"
12.9935006,80.2430356,Unnamed Apartment,Apartment Complex,", Chennai"
12.9937697,80.2423663,Unnamed Apartment,Apartment Complex,", Chennai"
12.9963873,80.2437536,Unnamed Apartment,Apartment Complex,", Chennai"
12.9939794,80.2423417,Unnamed Apartment,Apartment Complex,", Chennai"
12.9270663,80.2544248,Luxus villa,Residential Apartment,", Chennai"
12.9900055,80.2643322,Unnamed Apartment,Apartment Complex,", Chennai"
12.8957766,80.235161,TNHB Sholinganallur,Residential Apartment,", Chennai"
13.0427277,80.1613881,venkatesh,Residential Apartment,"metro nagar, Chennai"
13.0428302,80.2317221,H Block,Residential Apartment,"Maharajapuram Santhanam Salai, Chennai"
13.0429299,80.2317288,G Block,Residential Apartment,"Maharajapuram Santhanam Salai, Chennai"
13.0430399,80.2317405,F Block,Residential Apartment,"Maharajapuram Santhanam Salai, Chennai"
13.0431261,80.2317489,E Block,Residential Apartment,"Maharajapuram Santhanam Salai, Chennai"
13.0431459,80.2315825,D Block,Residential Apartment,"Maharajapuram Santhanam Salai, Chennai"
13.0430558,80.2315747,C Block,Residential Apartment,"Maharajapuram Santhanam Salai, Chennai"
13.0429433,80.2315567,B Block,Residential Apartment,"Maharajapuram Santhanam Salai, Chennai"
13.0428476,80.2315445,A Block,Residential Apartment,"Maharajapuram Santhanam Salai, Chennai"
13.0429796,80.2316508,Sri Amaravathi Apartments,Apartment Complex,"Maharajapuram Santhanam Salai, Chennai"
13.0569504,80.2752737,krishna sarovar apartments,Apartment Complex,"big street(veera ragavan street), chennai"
13.0862804,80.2698507,Unnamed Apartment,Apartment Complex,", Chennai"
13.1405744,80.1005126,Kovilpathagaai,Residential Apartment,", Chennai"
12.937276,80.2028921,Rammiyam Homes,Residential Apartment,"Chittibabu nagar 1st cross street, Chennai"
12.9224178,80.2521747,Cholamandal Artists' Village,Residential Apartment,", Chennai"
12.9615963,80.2575434,Paavakkam,Residential Apartment,", Chennai"
13.2424267,80.1453159,Unnamed Apartment,Apartment Complex,", Chennai"
13.228787,80.1267282,Unnamed Apartment,Apartment Complex,", Chennai"
13.2398994,80.1543013,Unnamed Apartment,Apartment Complex,", Chennai"
13.2394738,80.1433794,Unnamed Apartment,Apartment Complex,", Chennai"
13.2271186,80.1215409,Unnamed Apartment,Apartment Complex,", Chennai"
13.0915895,80.1989701,Landmark Geethanjali,Residential Apartment,", Chennai"
13.2825048,80.2273434,JAYARAMAPURAM VILLAGE,Residential Apartment,"Manali Ponneri Road, Thiruvallur"
13.2846083,80.2186415,VANNIPAKKAM VILLAGE,Residential Apartment,"Manali Ponneri Road, THIRUVALLUR"
13.2777095,80.2192762,SANNARPALAYAM VILLAGE,Residential Apartment,"PATHUR KAMMARPALAYAM TO SANNARPALAYAM ROAD, THIRUVALLUR"
13.2776099,80.2233658,Pathur Kammarpalayam,Residential Apartment,", Chennai"
13.2747449,80.2335138,KAMAVARIPAALLAYAM,Residential Apartment,", Chennai"
13.2753016,80.2294384,Kamavaripalayam Colony,Housing Colony,", Chennai"
13.2821841,80.2348644,Athiyammapuram,Residential Apartment,", Chennai"
13.0241606,80.2633472,LIC Quarters,Residential Apartment,", Chennai"
12.9706132,80.2121582,Astalakshmi Homes,Residential Apartment,"10th street Ram nagar north extn, Puzhithivakkam, Chennai"
13.0485404,80.1969005,YS Enclave Block-2,Residential Apartment,"Arcot Road, Chennai"
13.048169,80.1969352,Ys enclave,Residential Apartment,"Arcot Road, Chennai"
13.1080137,80.256567,Unnamed Apartment,Apartment Complex,", Chennai"
13.107355,80.2562462,Unnamed Apartment,Apartment Complex,", Chennai"
13.1072817,80.2567842,Unnamed Apartment,Apartment Complex,", Chennai"
13.106319,80.256258,Unnamed Apartment,Apartment Complex,", Chennai"
13.106621,80.2564203,Unnamed Apartment,Apartment Complex,", Chennai"
13.1054174,80.2557547,Unnamed Apartment,Apartment Complex,", Chennai"
13.1052595,80.2562363,Unnamed Apartment,Apartment Complex,", Chennai"
13.1047318,80.2557832,Unnamed Apartment,Apartment Complex,", Chennai"
13.1068989,80.2559515,Unnamed Apartment,Apartment Complex,", Chennai"
13.1073236,80.2558605,Unnamed Apartment,Apartment Complex,", Chennai"
13.1077755,80.2558414,Unnamed Apartment,Apartment Complex,", Chennai"
13.1081638,80.2553802,Unnamed Apartment,Apartment Complex,", Chennai"
13.1078163,80.2550727,Unnamed Apartment,Apartment Complex,", Chennai"
13.1082859,80.2566232,Unnamed Apartment,Apartment Complex,", Chennai"
13.1083607,80.2578097,Unnamed Apartment,Apartment Complex,", Chennai"
13.1085203,80.2588959,Unnamed Apartment,Apartment Complex,", Chennai"
13.1068021,80.2598881,Unnamed Apartment,Apartment Complex,", Chennai"
13.1030703,80.2605651,Unnamed Apartment,Apartment Complex,", Chennai"
13.1027159,80.2604341,Unnamed Apartment,Apartment Complex,", Chennai"
12.9868306,80.2215069,Unnamed Apartment,Apartment Complex,"Lakshmipuram Main Road, Chennai"
12.9683494,80.2479575,Appaswamy Citysquare,Residential Apartment,", Chennai"
12.9711325,80.2485952,Appaswamy Cityside,Residential Apartment,"Rajiv Gandhi Salai, Chennai"
13.0493433,80.1845734,Sai Krishna Flats,Apartment Complex,"Park View Street, Alwarthirunagar, Chennai"
13.0722559,80.2032602,Arihant,Residential Apartment,", Chennai"
13.072689,80.2025369,Unnamed Apartment,Apartment Complex,", Chennai"
13.0728955,80.2026201,Unnamed Apartment,Apartment Complex,", Chennai"
12.997851,80.2660813,Palm Grove Apartments,Apartment Complex,", Chennai"
13.0828933,80.1968609,CPWD Quarters,Residential Apartment,"Jawaharlal Nehru Road (100 Feet Road), Thirumangalam, Chennai"
13.0233566,80.2061391,KGEYES Padmalayam,Residential Apartment,", Ekkattuthangal, Chennai"
13.082069,80.2243569,Dakshinalaaya,Residential Apartment,"7th cross street, Chennai"
12.9344597,80.2129756,Unnamed Apartment,Apartment Complex,", Chennai"
13.2989205,80.1648957,residences,Residency,", Chennai"
13.1005812,80.1370519,Unnamed Apartment,Apartment Complex,", Chennai"
13.0831457,80.1983694,Unnamed Apartment,Apartment Complex,", Chennai"
13.0831607,80.1982715,Unnamed Apartment,Apartment Complex,", Chennai"
13.0834755,80.19837,Unnamed Apartment,Apartment Complex,", Chennai"
13.0834913,80.1982728,Unnamed Apartment,Apartment Complex,", Chennai"
13.0837767,80.1983708,Unnamed Apartment,Apartment Complex,", Chennai"
13.0837891,80.1982742,Unnamed Apartment,Apartment Complex,", Chennai"
13.0841523,80.1983775,Unnamed Apartment,Apartment Complex,", Chennai"
13.0844918,80.1983814,Unnamed Apartment,Apartment Complex,", Chennai"
13.0845108,80.1982795,Unnamed Apartment,Apartment Complex,", Chennai"
13.0847754,80.1983848,Unnamed Apartment,Apartment Complex,", Chennai"
13.0847976,80.1982802,Unnamed Apartment,Apartment Complex,", Chennai"
13.0851038,80.1983855,Unnamed Apartment,Apartment Complex,", Chennai"
13.0851345,80.1982829,Unnamed Apartment,Apartment Complex,", Chennai"
13.0523237,80.2776899,Unnamed Apartment,Apartment Complex,"Thulasinga perumal koil street, chennai"
13.0524038,80.2776724,Unnamed Apartment,Apartment Complex,"Thulasinga perumal koil street, Chennai"
13.0522361,80.2781278,Unnamed Apartment,Apartment Complex,"Hanumantha rayan koil street, Chennai"
13.0522812,80.2779115,Unnamed Apartment,Apartment Complex,"Hanumantha rayan koil street, Chennai"
13.0504789,80.1809398,Unnamed Apartment,Apartment Complex,"Syndicate Colony Main Road, Chennai"
13.0502961,80.180969,Unnamed Apartment,Apartment Complex,"Syndicate Colony Main Road, Chennai"
13.0329123,80.1648253,Appasamy Platina Block 7-8,Residential Apartment,", Chennai"
13.0325598,80.164744,Appasamy Platina Block 3-6,Residential Apartment,", Chennai"
13.0321947,80.1646869,Appasamy Platina Block1-2,Residential Apartment,", Chennai"
12.9648586,80.103496,Coral Block -Navis Hillview Avenue,Residential Apartment,"THIRUMUDIVAKKAM HIGH ROAD, THIRUMUDIVAKKAM"
12.9653062,80.103004,Emerald Block Navins Hillview Avenue,Residential Apartment,"Thirumudivakkam Main Road, THIRUMUDIVAKKAM"
13.0561407,80.1878496,AIS Complex,Residential Apartment,"Natesan Nagar Main Road, Chennai"
13.1352504,80.1166004,Nesamani Nagar,Residential Apartment,", Chennai"
13.1306182,80.1209803,VGN-Stafford,Residential Apartment,", Chennai"
12.9182537,80.2272485,River View Residency 2nd St,Residency,", Chennai"
13.0408376,80.1319753,"Tower 1-A, Prestige Bella Vista",Residential Apartment,"Mount Poonamallee Highway, Chennai"
12.9313011,80.1893606,Isha Yara,Residential Apartment,", Chennai"
12.9310005,80.1896234,Isha Yara,Residential Apartment,", Chennai"
13.2104863,80.273195,Unnamed Apartment,Apartment Complex,", Chennai"
13.2011123,80.2772376,Unnamed Apartment,Apartment Complex,", Chennai"
13.183288,80.2838146,Unnamed Apartment,Apartment Complex,", Chennai"
13.1944187,80.2553492,Unnamed Apartment,Apartment Complex,", Chennai"
12.9657164,80.1038123,Amethyst Block Navins Hillview Avenue,Residential Apartment,"Thirumudivakkam High Road, THIRUMUDIVAKKAM"
13.1590701,80.2292937,Ib Alpha Apartments,Apartment Complex,"2nd,mainroad,ring road housing sector,madhavaram,south india,tamilnaduilnadu,chennaisoth, Chennai"
13.1597298,80.2284888,Unnamed Apartment,Apartment Complex,", Chennai"
13.0574986,80.2289938,Unnamed Apartment,Apartment Complex,", Chennai"
13.0721993,80.203294,Unnamed Apartment,Apartment Complex,", Chennai"
13.0323903,80.1647923,Unnamed Apartment,Apartment Complex,", Chennai"
12.9233476,80.2338658,Unnamed Apartment,Apartment Complex,", Chennai"
12.9223365,80.2367249,Unnamed Apartment,Apartment Complex,", Chennai"
13.0214104,80.1807248,Unnamed Apartment,Apartment Complex,", Chennai"
13.0394251,80.1470419,Unnamed Apartment,Apartment Complex,", Chennai"
13.039449,80.1475214,Unnamed Apartment,Apartment Complex,", Chennai"
13.0390115,80.1479724,Unnamed Apartment,Apartment Complex,", Chennai"
13.0384343,80.1480708,Unnamed Apartment,Apartment Complex,", Chennai"
13.0378983,80.1480912,Unnamed Apartment,Apartment Complex,", Chennai"
13.0383935,80.1475612,Unnamed Apartment,Apartment Complex,", Chennai"
13.0389292,80.1475178,Unnamed Apartment,Apartment Complex,", Chennai"
13.0389878,80.1471492,Unnamed Apartment,Apartment Complex,", Chennai"
13.0386396,80.1475108,Unnamed Apartment,Apartment Complex,", Chennai"
13.0434828,80.1572566,Infinity by Urban Tree,Residential Apartment,", Chennai"
13.0832992,80.1942092,Unnamed Apartment,Apartment Complex,", Chennai"
13.0832307,80.1950111,Unnamed Apartment,Apartment Complex,", Chennai"
13.0823288,80.1941143,Unnamed Apartment,Apartment Complex,", Chennai"
13.082276,80.1950947,Unnamed Apartment,Apartment Complex,", Chennai"
13.0809402,80.1937674,Unnamed Apartment,Apartment Complex,", Chennai"
13.0802174,80.1953855,Unnamed Apartment,Apartment Complex,", Chennai"
12.916032,80.2281419,Casagrand The Address,Residential Apartment,", Chennai"
12.9160343,80.2281265,Unnamed Apartment,Apartment Complex,", Chennai"
13.0530291,80.2049444,Unnamed Apartment,Apartment Complex,", Chennai"
13.0312514,80.1813431,Unnamed Apartment,Apartment Complex,", Chennai"
12.8118208,80.2300511,TVH OURANYA BAY,Residential Apartment,"OMR, CHENNAI"
13.108312,80.210628,Unnamed Apartment,Apartment Complex,", Chennai"
12.8057754,80.2147406,Unnamed Apartment,Apartment Complex,", Chennai"
12.8143197,80.2427752,Unnamed Apartment,Apartment Complex,", Chennai"
12.8109244,80.2438001,Unnamed Apartment,Apartment Complex,", Chennai"
12.8241505,80.2033565,Unnamed Apartment,Apartment Complex,", Chennai"
12.8148678,80.1878967,Unnamed Apartment,Apartment Complex,", Chennai"
12.8053052,80.2249641,Unnamed Apartment,Apartment Complex,", Chennai"
12.8198366,80.2026039,Unnamed Apartment,Apartment Complex,", Chennai"
12.8143442,80.235416,Unnamed Apartment,Apartment Complex,", Chennai"
12.8094248,80.2369039,Unnamed Apartment,Apartment Complex,", Chennai"
12.8376323,80.2051335,Unnamed Apartment,Apartment Complex,", Chennai"
12.848351,80.2012848,Unnamed Apartment,Apartment Complex,", Chennai"
12.9885155,80.1509358,Unnamed Apartment,Apartment Complex,", Chennai"
12.9912639,80.1425033,Unnamed Apartment,Apartment Complex,", Chennai"
12.9698267,80.1169541,Unnamed Apartment,Apartment Complex,", Chennai"
12.9267086,80.0935357,Unnamed Apartment,Apartment Complex,", Chennai"
12.8018951,80.2224563,Unnamed Apartment,Apartment Complex,", Chennai"
12.9768412,80.1818875,Siva Shanmuga Flats,Apartment Complex,"Hindu Colony cross street, Chennai"
13.2806097,80.2837184,Unnamed Apartment,Apartment Complex,", Chennai"
13.2641136,80.296031,Unnamed Apartment,Apartment Complex,", Chennai"
13.2485415,80.2967894,Unnamed Apartment,Apartment Complex,", Chennai"
13.2498092,80.3024376,Unnamed Apartment,Apartment Complex,", Chennai"
13.0314198,80.2300006,Unnamed Apartment,Apartment Complex,", Chennai"
13.0228993,80.2314281,Unnamed Apartment,Apartment Complex,", Chennai"
12.9005091,80.243491,Unnamed Apartment,Apartment Complex,", Chennai"
12.9049967,80.2428782,Unnamed Apartment,Apartment Complex,", Chennai"
12.8414321,80.2307562,Unnamed Apartment,Apartment Complex,", Chennai"
12.8613333,80.2109778,Unnamed Apartment,Apartment Complex,", Chennai"
12.8594257,80.2121011,Unnamed Apartment,Apartment Complex,", Chennai"
12.850554,80.2137474,Unnamed Apartment,Apartment Complex,", Chennai"
12.8435943,80.2080457,Unnamed Apartment,Apartment Complex,", Chennai"
12.8592024,80.1851943,Unnamed Apartment,Apartment Complex,", Chennai"
12.8584171,80.1772205,Unnamed Apartment,Apartment Complex,", Chennai"
12.858425,80.1786963,Unnamed Apartment,Apartment Complex,", Chennai"
12.8650801,80.167466,Unnamed Apartment,Apartment Complex,", Chennai"
12.8638791,80.1663429,Unnamed Apartment,Apartment Complex,", Chennai"
13.2624616,80.1521673,Unnamed Apartment,Apartment Complex,", Chennai"
13.2533002,80.15628,Unnamed Apartment,Apartment Complex,", Chennai"
13.2520914,80.147451,Unnamed Apartment,Apartment Complex,", Chennai"
13.27613,80.2128068,Unnamed Apartment,Apartment Complex,", Chennai"
12.8404516,80.2035075,Unnamed Apartment,Apartment Complex,", Chennai"
12.8365417,80.2027656,Unnamed Apartment,Apartment Complex,", Chennai"
12.8332096,80.202963,Unnamed Apartment,Apartment Complex,", Chennai"
12.8381188,80.2142173,Unnamed Apartment,Apartment Complex,", Chennai"
12.8401267,80.2162815,Unnamed Apartment,Apartment Complex,", Chennai"
12.891167,80.1124375,Unnamed Apartment,Apartment Complex,", Chennai"
12.8911665,80.1126431,Unnamed Apartment,Apartment Complex,", Chennai"
12.8911641,80.1128551,Unnamed Apartment,Apartment Complex,", Chennai"
12.8911568,80.1134639,Unnamed Apartment,Apartment Complex,", Chennai"
12.8911493,80.1136752,Unnamed Apartment,Apartment Complex,", Chennai"
12.8911484,80.113879,Unnamed Apartment,Apartment Complex,", Chennai"
12.8917637,80.1128072,Unnamed Apartment,Apartment Complex,", Chennai"
12.891769,80.1130319,Unnamed Apartment,Apartment Complex,", Chennai"
12.8916221,80.1132488,Unnamed Apartment,Apartment Complex,", Chennai"
12.8916214,80.1134611,Unnamed Apartment,Apartment Complex,", Chennai"
12.8916257,80.113669,Unnamed Apartment,Apartment Complex,", Chennai"
12.8916557,80.1138713,Unnamed Apartment,Apartment Complex,", Chennai"
12.8916345,80.1173717,Unnamed Apartment,Apartment Complex,", Chennai"
12.8918525,80.1173713,Unnamed Apartment,Apartment Complex,", Chennai"
12.8920619,80.117375,Unnamed Apartment,Apartment Complex,", Chennai"
12.8922804,80.117368,Unnamed Apartment,Apartment Complex,", Chennai"
12.8924854,80.1173704,Unnamed Apartment,Apartment Complex,", Chennai"
12.8931914,80.1173705,Block A14,Residential Apartment,", Chennai"
12.8934011,80.117368,Block A13,Residential Apartment,", Chennai"
12.893611,80.1173702,Block A12,Residential Apartment,", Chennai"
12.8938266,80.1173721,Block A11,Residential Apartment,", Chennai"
12.8940366,80.1173709,Block A10,Residential Apartment,"Radhakrishnan Street, Alapakkam, Perungalathur, Chennai"
12.8935822,80.1162078,Unnamed Apartment,Apartment Complex,", Chennai"
12.8933132,80.1162199,Unnamed Apartment,Apartment Complex,", Chennai"
12.8931058,80.1162176,Unnamed Apartment,Apartment Complex,", Chennai"
12.8928787,80.1160966,Unnamed Apartment,Apartment Complex,", Chennai"
12.8922471,80.1162803,Unnamed Apartment,Apartment Complex,", Chennai"
12.8920418,80.1162736,Unnamed Apartment,Apartment Complex,", Chennai"
12.89183,80.1162736,Unnamed Apartment,Apartment Complex,", Chennai"
12.8928425,80.1165857,Unnamed Apartment,Apartment Complex,", Chennai"
12.8926681,80.1161712,Unnamed Apartment,Apartment Complex,", Chennai"
12.8942432,80.117241,Unnamed Apartment,Apartment Complex,", Chennai"
12.8940445,80.1166267,Unnamed Apartment,Apartment Complex,", Chennai"
12.8903897,80.1134553,Unnamed Apartment,Apartment Complex,", Chennai"
12.8904067,80.1138335,Unnamed Apartment,Apartment Complex,", Chennai"
12.890411,80.1140826,Unnamed Apartment,Apartment Complex,", Chennai"
12.8905562,80.1139717,Unnamed Apartment,Apartment Complex,", Chennai"
12.8913639,80.1110887,Unnamed Apartment,Apartment Complex,", Chennai"
12.8912665,80.111091,Unnamed Apartment,Apartment Complex,", Chennai"
12.8910123,80.1110525,Unnamed Apartment,Apartment Complex,", Chennai"
12.8910446,80.1109488,Unnamed Apartment,Apartment Complex,", Chennai"
12.8911076,80.1112954,Unnamed Apartment,Apartment Complex,", Chennai"
12.8909176,80.111464,Unnamed Apartment,Apartment Complex,", Chennai"
12.8922215,80.1175226,Unnamed Apartment,Apartment Complex,", Chennai"
12.8933824,80.1194564,Unnamed Apartment,Apartment Complex,", Chennai"
12.8933814,80.1189637,Unnamed Apartment,Apartment Complex,", Chennai"
12.8931555,80.119181,Unnamed Apartment,Apartment Complex,", Chennai"
12.8933928,80.1182606,Unnamed Apartment,Apartment Complex,", Chennai"
12.8931823,80.1182624,Unnamed Apartment,Apartment Complex,", Chennai"
12.8929684,80.1182606,Unnamed Apartment,Apartment Complex,", Chennai"
12.8927588,80.1182588,Unnamed Apartment,Apartment Complex,", Chennai"
12.8924879,80.1182563,Unnamed Apartment,Apartment Complex,", Chennai"
12.8922695,80.1182637,Unnamed Apartment,Apartment Complex,", Chennai"
12.8920583,80.1182598,Unnamed Apartment,Apartment Complex,", Chennai"
12.8918445,80.1182545,Unnamed Apartment,Apartment Complex,", Chennai"
12.8916391,80.1182563,Unnamed Apartment,Apartment Complex,", Chennai"
12.8936415,80.1180611,Unnamed Apartment,Apartment Complex,", Chennai"
12.893879,80.1180583,Block C4,Residential Apartment,", Chennai"
12.8939643,80.1157622,Unnamed Apartment,Apartment Complex,", Chennai"
12.8927766,80.1155429,Unnamed Apartment,Apartment Complex,", Chennai"
12.8905613,80.1171414,Unnamed Apartment,Apartment Complex,", Chennai"
12.8915889,80.1164472,Unnamed Apartment,Apartment Complex,", Chennai"
12.8915831,80.1159426,Unnamed Apartment,Apartment Complex,", Chennai"
12.8913615,80.1161317,Unnamed Apartment,Apartment Complex,", Chennai"
12.8911559,80.1161245,Unnamed Apartment,Apartment Complex,", Chennai"
12.8909426,80.1162416,Unnamed Apartment,Apartment Complex,", Chennai"
12.890726,80.1162404,Unnamed Apartment,Apartment Complex,", Chennai"
12.8905167,80.116238,Unnamed Apartment,Apartment Complex,", Chennai"
12.890305,80.116245,Unnamed Apartment,Apartment Complex,", Chennai"
12.8933785,80.1156583,Unnamed Apartment,Apartment Complex,", Chennai"
12.8913943,80.118432,Unnamed Apartment,Apartment Complex,", Chennai"
12.8911949,80.1184348,Unnamed Apartment,Apartment Complex,", Chennai"
12.8902621,80.1173199,Unnamed Apartment,Apartment Complex,", Chennai"
12.8909777,80.1182642,Unnamed Apartment,Apartment Complex,", Chennai"
12.8910416,80.1177141,Unnamed Apartment,Apartment Complex,", Chennai"
12.8906826,80.1175906,Unnamed Apartment,Apartment Complex,", Chennai"
12.8906519,80.1178955,Unnamed Apartment,Apartment Complex,", Chennai"
12.8901248,80.1176462,Unnamed Apartment,Apartment Complex,", Chennai"
12.8901198,80.1178599,Unnamed Apartment,Apartment Complex,", Chennai"
12.8901449,80.1180413,Unnamed Apartment,Apartment Complex,", Chennai"
12.8915664,80.12026,SSM Nagar Memorial Residency,Residency,", Chennai"
12.9945888,80.1895042,Unnamed Apartment,Apartment Complex,", Chennai"
12.9943144,80.1894079,Unnamed Apartment,Apartment Complex,", Chennai"
12.9941532,80.1892254,Casagrand Aristo,Residential Apartment,", Chennai"
12.9946511,80.1890022,Unnamed Apartment,Apartment Complex,", Chennai"
12.9941587,80.1886894,Unnamed Apartment,Apartment Complex,", Chennai"
12.9939867,80.1892401,Unnamed Apartment,Apartment Complex,", Chennai"
12.99374,80.1891346,Unnamed Apartment,Apartment Complex,", Chennai"
12.9940274,80.1897995,Unnamed Apartment,Apartment Complex,", Chennai"
12.9927485,80.1900397,Casagrand Bellissimo,Residential Apartment,", Chennai"
12.895168,80.117914,Unnamed Apartment,Apartment Complex,", Chennai"
12.8948495,80.1180433,Unnamed Apartment,Apartment Complex,", Chennai"
12.8950447,80.1179693,Unnamed Apartment,Apartment Complex,", Chennai"
12.8952729,80.1180369,Unnamed Apartment,Apartment Complex,", Chennai"
12.8954766,80.1180568,Unnamed Apartment,Apartment Complex,", Chennai"
12.8957114,80.1180568,Unnamed Apartment,Apartment Complex,", Chennai"
12.8909592,80.1264686,Subhamm Apartments,Apartment Complex,", Chennai"
12.9945204,80.192414,Leela Enclave,Residential Apartment,", Chennai"
13.2457153,80.2613803,Unnamed Apartment,Apartment Complex,", Chennai"
13.2427986,80.2715239,Unnamed Apartment,Apartment Complex,", Chennai"
13.2581961,80.2577016,Unnamed Apartment,Apartment Complex,", Chennai"
13.2663863,80.2640309,Unnamed Apartment,Apartment Complex,", Chennai"
13.2419186,80.2668345,Unnamed Apartment,Apartment Complex,", Chennai"
13.267978,80.2417504,Unnamed Apartment,Apartment Complex,", Chennai"
13.2734201,80.2232544,Unnamed Apartment,Apartment Complex,", Chennai"
13.2753214,80.1987503,Unnamed Apartment,Apartment Complex,", Chennai"
13.2668684,80.1827595,Unnamed Apartment,Apartment Complex,", Chennai"
13.2678542,80.1602165,Unnamed Apartment,Apartment Complex,", Chennai"
13.2496233,80.1597889,Unnamed Apartment,Apartment Complex,", Chennai"
13.2752403,80.1791845,Unnamed Apartment,Apartment Complex,", Chennai"
13.2789217,80.2079262,Unnamed Apartment,Apartment Complex,", Chennai"
13.2720948,80.2598737,Unnamed Apartment,Apartment Complex,", Chennai"
13.2546889,80.1720323,Unnamed Apartment,Apartment Complex,", Chennai"
13.2756965,80.2016967,Unnamed Apartment,Apartment Complex,", Chennai"
13.2778213,80.1969595,Unnamed Apartment,Apartment Complex,", Chennai"
13.2614088,80.2513888,Unnamed Apartment,Apartment Complex,", Chennai"
13.0426255,80.247002,Vijayaraghava Manor,Residential Apartment,", Chennai"
13.0772176,80.2172571,Unnamed Apartment,Apartment Complex,", Chennai"
13.0325656,80.2419809,Unnamed Apartment,Apartment Complex,", Chennai"
13.0012696,80.1964944,Unnamed Apartment,Apartment Complex,", Chennai"
13.0507963,80.2463765,Unnamed Apartment,Apartment Complex,", Chennai"
13.0521462,80.2444449,Unnamed Apartment,Apartment Complex,", Chennai"
12.9854422,80.2606291,temple view,Residential Apartment,"West Mada Street, Chennai"
12.8418516,80.2072427,KG EH,Residential Apartment,", Chennai"
12.977469,80.2573913,Jayavignesh Reddy's Residence,Residency,", Chennai"
12.9949868,80.2620148,Aishwarya Avenue,Residential Apartment,", Chennai"
12.9951179,80.2614563,Zenith Apartments,Apartment Complex,", Chennai"
12.9806265,80.2662666,Waves Apartment,Apartment Complex,", Chennai"
12.9807146,80.2663211,Waves Apartment,Apartment Complex,", Chennai"
12.9809219,80.2663611,Waves Apartment,Apartment Complex,", Chennai"
12.9808317,80.2663312,Waves Apartment,Apartment Complex,", Chennai"
12.9814152,80.2664989,Waves Apartment,Apartment Complex,", Chennai"
12.9813266,80.2664695,Waves Apartment,Apartment Complex,", Chennai"
12.9812171,80.2664482,Waves Apartment,Apartment Complex,", Chennai"
12.981111,80.2664146,Waves Apartment,Apartment Complex,", Chennai"
12.9810118,80.266408,Waves Apartment,Apartment Complex,", Chennai"
12.9325889,80.2121833,Unnamed Apartment,Apartment Complex,", Chennai"
12.932572,80.2123119,Unnamed Apartment,Apartment Complex,", Chennai"
13.012374,80.1587198,Casagrand Vivant,Residential Apartment,"Ramamurthy Avenue, Chennai"
13.0364548,80.1657125,Shalom Enclave,Residential Apartment,"1st Main road, Lakshmi Nagar Extension, Chennai"
12.9318722,80.1947363,Purva Windermere,Residential Apartment,", Chennai"
12.9911387,80.2128958,R55,Residential Apartment,"TNHB Colony 1st Main Road, Velachery, Chennai"
12.8414175,80.2072107,KGEH,Residential Apartment,", Chennai"
12.9912355,80.2569022,Anand Apartments Road,Apartment Complex,", Chennai"
12.9055309,80.2249349,Mistral Apartment,Apartment Complex,"Wipro Street, Chennai"
12.9040339,80.2247809,Sabari Terrace,Residential Apartment,"Wipro Street, Chennai"
12.9050188,80.2266778,ASV Alexandria,Residential Apartment,", Chennai"
12.9053132,80.2258004,Unnamed Apartment,Apartment Complex,", Chennai"
12.9053056,80.2266796,Unnamed Apartment,Apartment Complex,", Chennai"
12.9045185,80.2268759,Unnamed Apartment,Apartment Complex,", Chennai"
12.9052291,80.2261903,Unnamed Apartment,Apartment Complex,", Chennai"
12.9047145,80.2257235,Unnamed Apartment,Apartment Complex,", Chennai"
12.9046612,80.2261298,Unnamed Apartment,Apartment Complex,", Chennai"
13.1019861,80.1549743,Unnamed Apartment,Apartment Complex,", Chennai"
13.10202,80.1551967,Unnamed Apartment,Apartment Complex,", Chennai"
13.1021147,80.1554241,Unnamed Apartment,Apartment Complex,", Chennai"
13.1016576,80.1552376,Unnamed Apartment,Apartment Complex,", Chennai"
13.1013906,80.1552777,Unnamed Apartment,Apartment Complex,", Chennai"
13.101938,80.1558138,Unnamed Apartment,Apartment Complex,", Chennai"
13.0970123,80.1549997,Govt. Housing Board Complex,Housing Colony,", Chennai"
13.0076945,80.2401855,Hostel,Residential Apartment,", Chennai"
13.0967505,80.1552119,Unnamed Apartment,Apartment Complex,", Chennai"
13.0968963,80.1558414,Unnamed Apartment,Apartment Complex,", Chennai"
13.0975268,80.1557764,Unnamed Apartment,Apartment Complex,", Chennai"
13.0977983,80.1557507,Unnamed Apartment,Apartment Complex,", Chennai"
13.0982269,80.1558763,Unnamed Apartment,Apartment Complex,", Chennai"
13.0981537,80.1555097,Unnamed Apartment,Apartment Complex,", Chennai"
13.0974353,80.1549919,Unnamed Apartment,Apartment Complex,", Chennai"
13.0972108,80.1547951,Unnamed Apartment,Apartment Complex,", Chennai"
13.0970324,80.1545992,Unnamed Apartment,Apartment Complex,", Chennai"
13.0968673,80.1543993,Unnamed Apartment,Apartment Complex,", Chennai"
13.0963884,80.1547042,Unnamed Apartment,Apartment Complex,", Chennai"
12.8361085,80.135268,Facutly Housing,Housing Colony,", Chennai"
12.8355124,80.1393657,Police Quarters,Residential Apartment,", Chennai"
13.0547464,80.2482652,Provident Fund Quarters,Residential Apartment,", Chennai"
13.0550612,80.2464622,Trinity House,Residential Apartment,", Chennai"
13.0543704,80.244068,Green Park,Residential Apartment,", Chennai"
13.0539911,80.2472224,Unnamed Apartment,Apartment Complex,", Chennai"
13.1166259,80.2170933,Kambar nagar,Residential Apartment,", Chennai"
12.9783118,80.2476221,Girls Hostel,Residential Apartment,", Chennai"
12.979256,80.2483825,Boys Hostel,Residential Apartment,", Chennai"
12.9797395,80.248532,Boys Hostel,Residential Apartment,", Chennai"
12.9522142,80.1800303,Unnamed Apartment,Apartment Complex,", Chennai"
12.9524364,80.180098,Unnamed Apartment,Apartment Complex,", Chennai"
12.9522427,80.180258,Unnamed Apartment,Apartment Complex,", Chennai"
12.9524651,80.180328,Unnamed Apartment,Apartment Complex,", Chennai"
12.9524765,80.180408,Unnamed Apartment,Apartment Complex,", Chennai"
12.9523137,80.1805416,Unnamed Apartment,Apartment Complex,", Chennai"
12.9524387,80.1807969,Unnamed Apartment,Apartment Complex,", Chennai"
12.9490825,80.1694021,"English Electric Nagar, Old Pallavaram",Residential Apartment,", Chennai"
13.0780499,80.2382497,SIGA Guest Rooms (MM Block),Residential Apartment,"Taylors Road, சென்னை - Chennai"
12.965801,80.1031374,Navins Hillview Avenue Park,Residential Apartment,", Chennai"
12.9124957,80.1374074,Sumeru City,Residential Apartment,"IAF Road, Indira nagar, Selaiyur, Chennai"
12.9134667,80.1378533,Sumeru Square,Residential Apartment,", Chennai"
12.9135038,80.1376635,Dakshin Emerald,Residential Apartment,", Chennai"
13.1130456,80.1352792,Unnamed Apartment,Apartment Complex,", Chennai"
13.1045006,80.135609,Unnamed Apartment,Apartment Complex,", Chennai"
13.1114825,80.1312701,Tamilnadu Housing Board Road,Housing Colony,", Chennai"
13.0943973,80.1266688,Unnamed Apartment,Apartment Complex,", Chennai"
13.0894082,80.1341876,Unnamed Apartment,Apartment Complex,", Chennai"
12.9710676,80.2184082,"M/s. PHARMA CAREER SUPPORT, Plot no:49, Mira Pearl Apts, Flat-2A, 2nd Floor, 13th Main Rd, Vijaya Nagar, Velachery, Chennai, Tamil Nadu 600042",Apartment Complex,"13th Main Road, Vijaya Nagar, Velachery, சென்னை - Chennai"
13.1212523,80.1607069,DABC Layout,Residential Apartment,", Chennai"
12.9110474,80.1399907,Harini's Aiswaryam,Residential Apartment,"IAF Road, Indira Nagar, Selaiyur, Chennai"
12.9684375,80.2374742,Unnamed Apartment,Apartment Complex,", Chennai"
12.9688646,80.2372198,Unnamed Apartment,Apartment Complex,", Chennai"
12.9687276,80.2377018,Unnamed Apartment,Apartment Complex,", Chennai"
12.9684325,80.2372145,Unnamed Apartment,Apartment Complex,", Chennai"
12.9665219,80.2344731,Falling Waters,Residential Apartment,", Chennai"
13.0814588,80.2499956,Unnamed Apartment,Apartment Complex,", Chennai"
12.9911445,80.2128711,R55 Apartments,Apartment Complex,", Chennai"
13.0134542,80.1448765,Unnamed Apartment,Apartment Complex,", Chennai"
13.0107749,80.1471074,Isha Gayatri,Residential Apartment,", Chennai"
13.0109828,80.1472987,Isha Gayathi Block 2,Residential Apartment,", Chennai"
13.0112055,80.1473427,Isha Gayatri Block 3,Residential Apartment,", Chennai"
13.0114156,80.1474123,Isha Gayatri Block 4,Residential Apartment,", Chennai"
13.0708108,80.2528561,apartment 3,Apartment Complex,", Chennai"
13.0784555,80.2800164,apartment2,Apartment Complex,", Chennai"
13.1108197,80.2464009,Unnamed Apartment,Apartment Complex,", Chennai"
13.1105255,80.2455492,Unnamed Apartment,Apartment Complex,", Chennai"
13.1104785,80.2483655,Unnamed Apartment,Apartment Complex,", Chennai"
13.1087553,80.2476207,Unnamed Apartment,Apartment Complex,", Chennai"
12.8835988,80.2485312,"Seashore Town, Modern Builders Layout",Residential Apartment,", Chennai"
13.0490114,80.161949,Unnamed Apartment,Apartment Complex,", Chennai"
13.0149818,80.2418264,NITTTR Staff Quarters,Residential Apartment,", Chennai"
12.972535,80.1900787,Unnamed Apartment,Apartment Complex,"பாலாஜி நகர் 10வது தெரு, Chennai"
12.9737627,80.1896531,Unnamed Apartment,Apartment Complex,", Chennai"
13.1242204,80.1977195,Unnamed Apartment,Apartment Complex,"Balaji Street, Chennai"
13.1245759,80.198222,Unnamed Apartment,Apartment Complex,", Chennai"
13.0997935,80.1936405,Newry Park Towers,Residential Apartment,"Park Road, சென்னை - Chennai"
13.0999748,80.1936508,Tower A,Residential Apartment,", Chennai"
13.0996888,80.1936592,Tower B,Residential Apartment,", Chennai"
12.9771904,80.2239373,CEE DEE YES Velachery Enclave,Residential Apartment,"Taramani Road, Chennai"
12.9730336,80.2233921,Unnamed Apartment,Apartment Complex,", Chennai"
12.9712602,80.2229294,Unnamed Apartment,Apartment Complex,"Bethel Avenue Main Road, Chennai"
12.9765367,80.2216607,Unnamed Apartment,Apartment Complex,", Chennai"
12.9725175,80.1895643,Salma Amar Enclave,Residential Apartment,", Chennai"
13.299882,80.150728,Subramanya Avenue,Residential Apartment,", Chennai"
13.0218684,80.1725963,Brissa,Residential Apartment,", Chennai"
13.0220574,80.1726648,Brissa,Residential Apartment,", Chennai"
12.8702451,80.246985,VGP Layout,Residential Apartment,", Chennai"
12.8364355,80.1282164,Unnamed Apartment,Apartment Complex,", Chennai"
12.8365215,80.1287313,Unnamed Apartment,Apartment Complex,", Chennai"
12.8358162,80.1281743,Unnamed Apartment,Apartment Complex,", Chennai"
12.8366712,80.1255704,Unnamed Apartment,Apartment Complex,", Chennai"
12.8366148,80.1260668,Unnamed Apartment,Apartment Complex,", Chennai"
12.8361912,80.1254677,Unnamed Apartment,Apartment Complex,", Chennai"
12.8361462,80.1260387,Unnamed Apartment,Apartment Complex,", Chennai"
12.8357253,80.1255134,Unnamed Apartment,Apartment Complex,", Chennai"
13.00895,80.1992549,Unnamed Apartment,Apartment Complex,", Chennai"
13.0090856,80.1992409,Unnamed Apartment,Apartment Complex,", Chennai"
13.0092197,80.1992423,Unnamed Apartment,Apartment Complex,", Chennai"
13.0093471,80.1992529,Unnamed Apartment,Apartment Complex,", Chennai"
13.009521,80.1992571,Unnamed Apartment,Apartment Complex,", Chennai"
13.0088163,80.1992492,Unnamed Apartment,Apartment Complex,", Chennai"
12.9116565,80.2026147,Indiabulls Ozone Greens - Phase 1,Residential Apartment,", Chennai"
12.9123461,80.2029193,Block C3,Residential Apartment,", Chennai"
12.9742476,80.1907414,Kathirkamam Apartments,Apartment Complex,", Chennai"
12.9495487,80.1877469,Unnamed Apartment,Apartment Complex,", Chennai"
12.9762472,80.2078624,Pine Ridge,Residential Apartment,", Chennai"
12.9759858,80.208011,DRA Tuxedo Elite,Residential Apartment,"Inner Ring Road, Chennai"
12.9756251,80.2088822,DRA Tuxedo,Residential Apartment,"Inner Ring Road, Chennai"
13.0111592,80.1663192,Air View Apartments,Apartment Complex,", Chennai"
13.0108849,80.166803,Unnamed Apartment,Apartment Complex,", Chennai"
13.0108877,80.1664798,Unnamed Apartment,Apartment Complex,", Chennai"
13.0112741,80.1661764,Unnamed Apartment,Apartment Complex,", Chennai"
13.0112869,80.1664355,Unnamed Apartment,Apartment Complex,", Chennai"
12.9324422,80.2402728,Unnamed Apartment,Apartment Complex,", Chennai"
12.9659957,80.2617698,Lakshmi Nilayam Apts,Residential Apartment,"19th St, Venkateswara Nagar, Kottivakkam, Chennai"
13.0471635,80.1443527,Moorthi Nagar,Residential Apartment,", Chennai"
13.0840367,80.2797262,Unnamed Apartment,Apartment Complex,", Chennai"
12.9869525,80.2624058,Sriram Flats,Apartment Complex,", Chennai"
12.9868324,80.2623601,Unnamed Apartment,Apartment Complex,", Chennai"
13.0381756,80.1356817,Unnamed Apartment,Apartment Complex,", Chennai"
13.0511257,80.2799935,Unnamed Apartment,Apartment Complex,", Chennai"
13.0510287,80.2799852,Unnamed Apartment,Apartment Complex,", Chennai"
13.0508201,80.2803113,Unnamed Apartment,Apartment Complex,", Chennai"
13.050866,80.2800057,Unnamed Apartment,Apartment Complex,", Chennai"
13.0524371,80.2803339,Unnamed Apartment,Apartment Complex,", Chennai"
13.0523834,80.280533,Unnamed Apartment,Apartment Complex,", Chennai"
13.0517769,80.280089,Unnamed Apartment,Apartment Complex,", Chennai"
13.0516871,80.2800741,Unnamed Apartment,Apartment Complex,", Chennai"
13.0516032,80.2798205,Unnamed Apartment,Apartment Complex,", Chennai"
13.0513159,80.2797806,Ayodhya Nagar,Residential Apartment,", Chennai"
13.0510218,80.2797378,Unnamed Apartment,Apartment Complex,", Chennai"
13.0512977,80.2802671,Unnamed Apartment,Apartment Complex,", Chennai"
13.0512831,80.2803626,Unnamed Apartment,Apartment Complex,", Chennai"
13.0515827,80.2803033,Unnamed Apartment,Apartment Complex,", Chennai"
13.051569,80.2803998,Unnamed Apartment,Apartment Complex,", Chennai"
13.0518724,80.280354,Unnamed Apartment,Apartment Complex,", Chennai"
13.051863,80.2804504,Unnamed Apartment,Apartment Complex,", Chennai"
13.0519026,80.2801037,Unnamed Apartment,Apartment Complex,", Chennai"
13.0519972,80.280124,Unnamed Apartment,Apartment Complex,", Chennai"
13.0521551,80.2803995,Unnamed Apartment,Apartment Complex,", Chennai"
13.0521475,80.2804943,Unnamed Apartment,Apartment Complex,", Chennai"
13.0522009,80.2802618,Unnamed Apartment,Apartment Complex,", Chennai"
13.0522172,80.2801633,Unnamed Apartment,Apartment Complex,", Chennai"
13.0521287,80.2805997,Unnamed Apartment,Apartment Complex,", Chennai"
13.0518312,80.2805587,Unnamed Apartment,Apartment Complex,", Chennai"
13.0510506,80.2802309,Unnamed Apartment,Apartment Complex,", Chennai"
13.0510306,80.2803253,Unnamed Apartment,Apartment Complex,", Chennai"
13.0513464,80.2804754,Unnamed Apartment,Apartment Complex,", Chennai"
13.0510608,80.2804255,Unnamed Apartment,Apartment Complex,", Chennai"
13.0844822,80.1634757,Touch Stone Apartments,Apartment Complex,", Chennai"
13.0069028,80.1948906,Unnamed Apartment,Apartment Complex,", Chennai"
13.0204525,80.210509,Fairmont Apartments,Apartment Complex,", Chennai"
12.920326,80.1212161,Principal's residence,Residency,", Chennai"
12.9726769,80.1900927,Unnamed Apartment,Apartment Complex,"பாலாஜி நகர் 10வது தெரு, Chennai"
13.0841243,80.1917048,"Maple Orchard, Ben Foundation",Residential Apartment,", Chennai"
13.011014,80.1592556,Stanburry Apartments,Apartment Complex,", Chennai"
13.0092982,80.1597838,Unnamed Apartment,Apartment Complex,", Chennai"
13.0096088,80.1605974,Unnamed Apartment,Apartment Complex,", Chennai"
13.0101365,80.1611145,Unnamed Apartment,Apartment Complex,", Chennai"
13.0107666,80.1605515,Unnamed Apartment,Apartment Complex,", Chennai"
13.0101574,80.1602783,Casagrand Woodside,Residential Apartment,", Chennai"
12.948321,80.1612459,Unnamed Apartment,Apartment Complex,", Chennai"
12.8364074,80.2415522,Unnamed Apartment,Apartment Complex,", Chennai"
12.836342,80.2411568,Unnamed Apartment,Apartment Complex,", Chennai"
12.8362763,80.2407758,Unnamed Apartment,Apartment Complex,", Chennai"
12.8363879,80.241325,Altis Oceanique,Residential Apartment,", Chennai"
12.8364155,80.2388149,Buckingham Gardens,Residential Apartment,", Chennai"
12.8367757,80.2422234,Unnamed Apartment,Apartment Complex,", Chennai"
12.8265341,80.2395338,Unnamed Apartment,Apartment Complex,", Chennai"
12.8264468,80.2394659,VGN Coasta,Residential Apartment,", Chennai"
13.0907893,80.1446906,Agni Bala Raga,Residential Apartment,"Krishna Salai, ICF Employees Colony, Ayappakkam, Chennai"
12.9559429,80.1654742,Unnamed Apartment,Apartment Complex,", Chennai"
12.9560032,80.164694,Unnamed Apartment,Apartment Complex,", Chennai"
12.9547308,80.164495,Unnamed Apartment,Apartment Complex,", Chennai"
12.9553375,80.164577,Unnamed Apartment,Apartment Complex,", Chennai"
13.0120396,80.1714321,Casagrand Irene,Residential Apartment,", Chennai"
13.0119259,80.1716618,Unnamed Apartment,Apartment Complex,", Chennai"
12.9725445,80.1433553,Unnamed Apartment,Apartment Complex,", Chennai"
12.9730219,80.1435425,Unnamed Apartment,Apartment Complex,", Chennai"
12.9734858,80.1438396,Unnamed Apartment,Apartment Complex,", Chennai"
12.9736028,80.1432786,Unnamed Apartment,Apartment Complex,", Chennai"
12.9725301,80.1428383,Unnamed Apartment,Apartment Complex,", Chennai"
12.9727047,80.1428681,Unnamed Apartment,Apartment Complex,", Chennai"
12.9729297,80.1428276,Unnamed Apartment,Apartment Complex,", Chennai"
12.9726454,80.143338,Unnamed Apartment,Apartment Complex,", Chennai"
12.8845605,80.2083514,Unnamed Apartment,Apartment Complex,", Chennai"
12.8845911,80.2080986,Unnamed Apartment,Apartment Complex,", Chennai"
12.8846179,80.2078587,Unnamed Apartment,Apartment Complex,", Chennai"
12.8846486,80.2076178,Unnamed Apartment,Apartment Complex,", Chennai"
12.8846833,80.2073759,Unnamed Apartment,Apartment Complex,", Chennai"
12.884713,80.2071422,Unnamed Apartment,Apartment Complex,", Chennai"
12.8850242,80.2071093,Unnamed Apartment,Apartment Complex,", Chennai"
12.8849811,80.2074477,Unnamed Apartment,Apartment Complex,", Chennai"
12.8852754,80.2074216,Unnamed Apartment,Apartment Complex,", Chennai"
12.8852333,80.207762,Unnamed Apartment,Apartment Complex,", Chennai"
12.8851898,80.2080994,Unnamed Apartment,Apartment Complex,", Chennai"
12.8855221,80.20746,Unnamed Apartment,Apartment Complex,", Chennai"
12.8854756,80.2077945,Unnamed Apartment,Apartment Complex,", Chennai"
12.8853816,80.207092,Unnamed Apartment,Apartment Complex,", Chennai"
12.8857582,80.2074645,Unnamed Apartment,Apartment Complex,", Chennai"
12.885784,80.2077689,Unnamed Apartment,Apartment Complex,", Chennai"
12.8861053,80.2078139,Unnamed Apartment,Apartment Complex,", Chennai"
12.886394,80.2079164,Unnamed Apartment,Apartment Complex,", Chennai"
12.8863526,80.208242,Unnamed Apartment,Apartment Complex,", Chennai"
12.8866373,80.2079412,Unnamed Apartment,Apartment Complex,", Chennai"
12.8864974,80.2085908,Unnamed Apartment,Apartment Complex,", Chennai"
12.8861643,80.2085531,Unnamed Apartment,Apartment Complex,", Chennai"
12.8858297,80.2085086,Unnamed Apartment,Apartment Complex,", Chennai"
12.8871249,80.2079918,Unnamed Apartment,Apartment Complex,", Chennai"
12.8873757,80.2076237,Unnamed Apartment,Apartment Complex,", Chennai"
12.8877075,80.2076708,Unnamed Apartment,Apartment Complex,", Chennai"
12.8877282,80.2074036,Unnamed Apartment,Apartment Complex,", Chennai"
12.8874022,80.2073591,Unnamed Apartment,Apartment Complex,", Chennai"
12.8870604,80.207315,Unnamed Apartment,Apartment Complex,", Chennai"
12.8883152,80.2079881,Unnamed Apartment,Apartment Complex,", Chennai"
12.8886433,80.2080371,Unnamed Apartment,Apartment Complex,", Chennai"
12.8890223,80.2080766,Unnamed Apartment,Apartment Complex,", Chennai"
12.886463,80.2068824,Unnamed Apartment,Apartment Complex,", Chennai"
12.8867967,80.2069297,Unnamed Apartment,Apartment Complex,", Chennai"
12.8874223,80.2070063,Unnamed Apartment,Apartment Complex,", Chennai"
12.8877494,80.20705,Unnamed Apartment,Apartment Complex,", Chennai"
12.8870373,80.2062829,Unnamed Apartment,Apartment Complex,", Chennai"
12.8873555,80.2063248,Unnamed Apartment,Apartment Complex,", Chennai"
12.8873875,80.2060896,Unnamed Apartment,Apartment Complex,", Chennai"
12.8870688,80.2060469,Unnamed Apartment,Apartment Complex,", Chennai"
12.887605,80.2067025,Unnamed Apartment,Apartment Complex,", Chennai"
12.8876483,80.2063612,Unnamed Apartment,Apartment Complex,", Chennai"
12.8876916,80.2060199,Unnamed Apartment,Apartment Complex,", Chennai"
12.8879315,80.2060532,Unnamed Apartment,Apartment Complex,", Chennai"
12.8878913,80.2064009,Unnamed Apartment,Apartment Complex,", Chennai"
12.8878463,80.2067374,Unnamed Apartment,Apartment Complex,", Chennai"
12.8866869,80.2065867,Unnamed Apartment,Apartment Complex,", Chennai"
12.8867318,80.2062565,Unnamed Apartment,Apartment Complex,", Chennai"
12.8867767,80.2059089,Unnamed Apartment,Apartment Complex,", Chennai"
12.8865308,80.2058735,Unnamed Apartment,Apartment Complex,", Chennai"
12.8864906,80.2062227,Unnamed Apartment,Apartment Complex,", Chennai"
12.8864489,80.2065609,Unnamed Apartment,Apartment Complex,", Chennai"
12.8866216,80.205572,Unnamed Apartment,Apartment Complex,", Chennai"
12.8869546,80.2056105,Unnamed Apartment,Apartment Complex,", Chennai"
12.8875855,80.2056875,Unnamed Apartment,Apartment Complex,", Chennai"
12.8879186,80.2057332,Unnamed Apartment,Apartment Complex,", Chennai"
12.8866497,80.2052761,Unnamed Apartment,Apartment Complex,", Chennai"
12.8869968,80.2053146,Unnamed Apartment,Apartment Complex,", Chennai"
12.8873252,80.2053603,Unnamed Apartment,Apartment Complex,", Chennai"
12.8876583,80.2053964,Unnamed Apartment,Apartment Complex,", Chennai"
12.8885656,80.2046415,Unnamed Apartment,Apartment Complex,", Chennai"
12.888986,80.2046213,Unnamed Apartment,Apartment Complex,", Chennai"
12.8893277,80.2046043,Unnamed Apartment,Apartment Complex,", Chennai"
12.8891506,80.2049308,Unnamed Apartment,Apartment Complex,", Chennai"
12.8891525,80.2052814,Unnamed Apartment,Apartment Complex,", Chennai"
12.8893914,80.2052646,Unnamed Apartment,Apartment Complex,", Chennai"
12.8893883,80.2049232,Unnamed Apartment,Apartment Complex,", Chennai"
12.8871945,80.2043616,Unnamed Apartment,Apartment Complex,", Chennai"
12.8875429,80.2044054,Unnamed Apartment,Apartment Complex,", Chennai"
12.8869454,80.2046341,Unnamed Apartment,Apartment Complex,", Chennai"
12.8869021,80.204969,Unnamed Apartment,Apartment Complex,", Chennai"
12.8871404,80.2050055,Unnamed Apartment,Apartment Complex,", Chennai"
12.8871822,80.2046642,Unnamed Apartment,Apartment Complex,", Chennai"
12.8853257,80.2060705,Unnamed Apartment,Apartment Complex,", Chennai"
12.8856728,80.2061125,Unnamed Apartment,Apartment Complex,", Chennai"
12.8852188,80.2053883,Unnamed Apartment,Apartment Complex,", Chennai"
12.8855578,80.2054323,Unnamed Apartment,Apartment Complex,", Chennai"
12.8858947,80.2054763,Unnamed Apartment,Apartment Complex,", Chennai"
12.8862275,80.2055181,Unnamed Apartment,Apartment Complex,", Chennai"
12.8860569,80.2068287,Unnamed Apartment,Apartment Complex,", Chennai"
12.8847543,80.2066758,Unnamed Apartment,Apartment Complex,", Chennai"
12.8861529,80.2065158,Unnamed Apartment,Apartment Complex,", Chennai"
12.8861962,80.2061808,Unnamed Apartment,Apartment Complex,", Chennai"
12.8862411,80.2058443,Unnamed Apartment,Apartment Complex,", Chennai"
12.885995,80.2058094,Unnamed Apartment,Apartment Complex,", Chennai"
12.8859579,80.2061523,Unnamed Apartment,Apartment Complex,", Chennai"
12.8859177,80.2064904,Unnamed Apartment,Apartment Complex,", Chennai"
12.8850301,80.2060372,Unnamed Apartment,Apartment Complex,", Chennai"
12.8847795,80.2060044,Unnamed Apartment,Apartment Complex,", Chennai"
12.8848275,80.2056707,Unnamed Apartment,Apartment Complex,", Chennai"
12.8850693,80.205698,Unnamed Apartment,Apartment Complex,", Chennai"
12.8862587,80.2052227,Unnamed Apartment,Apartment Complex,", Chennai"
12.8852877,80.2048305,Unnamed Apartment,Apartment Complex,", Chennai"
12.8852431,80.2050976,Unnamed Apartment,Apartment Complex,", Chennai"
12.8855879,80.2051457,Unnamed Apartment,Apartment Complex,", Chennai"
12.8859256,80.2051818,Unnamed Apartment,Apartment Complex,", Chennai"
12.884267,80.2069623,Unnamed Apartment,Apartment Complex,", Chennai"
12.8839365,80.2069204,Unnamed Apartment,Apartment Complex,", Chennai"
12.8834103,80.2068565,Unnamed Apartment,Apartment Complex,", Chennai"
12.8836308,80.2071557,Unnamed Apartment,Apartment Complex,", Chennai"
12.8836059,80.2073999,Unnamed Apartment,Apartment Complex,", Chennai"
12.884282,80.2072998,Unnamed Apartment,Apartment Complex,", Chennai"
12.8842452,80.207635,Unnamed Apartment,Apartment Complex,", Chennai"
12.8842044,80.2079659,Unnamed Apartment,Apartment Complex,", Chennai"
12.8839553,80.2079387,Unnamed Apartment,Apartment Complex,", Chennai"
12.8839941,80.2076056,Unnamed Apartment,Apartment Complex,", Chennai"
12.884039,80.2072642,Unnamed Apartment,Apartment Complex,", Chennai"
12.8833093,80.2071778,Unnamed Apartment,Apartment Complex,", Chennai"
12.8832674,80.2075143,Unnamed Apartment,Apartment Complex,", Chennai"
12.8832257,80.2078492,Unnamed Apartment,Apartment Complex,", Chennai"
12.8837724,80.2082512,Unnamed Apartment,Apartment Complex,", Chennai"
12.8840964,80.2082923,Unnamed Apartment,Apartment Complex,", Chennai"
12.8831692,80.2088805,Unnamed Apartment,Apartment Complex,", Chennai"
12.8834972,80.2089297,Unnamed Apartment,Apartment Complex,", Chennai"
12.8830515,80.2098367,Unnamed Apartment,Apartment Complex,", Chennai"
12.8839161,80.2099539,Unnamed Apartment,Apartment Complex,", Chennai"
12.8840391,80.2093006,Unnamed Apartment,Apartment Complex,", Chennai"
12.8840005,80.2096356,Unnamed Apartment,Apartment Complex,", Chennai"
12.8838085,80.20928,Unnamed Apartment,Apartment Complex,", Chennai"
12.8837699,80.209607,Unnamed Apartment,Apartment Complex,", Chennai"
12.8830658,80.2091879,Unnamed Apartment,Apartment Complex,", Chennai"
12.8830255,80.2095134,Unnamed Apartment,Apartment Complex,", Chennai"
12.8830522,80.2068751,Unnamed Apartment,Apartment Complex,", Chennai"
12.88282,80.2068366,Unnamed Apartment,Apartment Complex,", Chennai"
12.8821589,80.2067513,Unnamed Apartment,Apartment Complex,", Chennai"
12.8819295,80.2067203,Unnamed Apartment,Apartment Complex,", Chennai"
12.8815029,80.2066747,Unnamed Apartment,Apartment Complex,", Chennai"
12.88127,80.2066382,Unnamed Apartment,Apartment Complex,", Chennai"
12.8829601,80.2071926,Unnamed Apartment,Apartment Complex,", Chennai"
12.8826223,80.2071507,Unnamed Apartment,Apartment Complex,", Chennai"
12.8823006,80.2071051,Unnamed Apartment,Apartment Complex,", Chennai"
12.8819717,80.2070686,Unnamed Apartment,Apartment Complex,", Chennai"
12.8816145,80.2070194,Unnamed Apartment,Apartment Complex,", Chennai"
12.881291,80.206972,Unnamed Apartment,Apartment Complex,", Chennai"
12.8844468,80.2055452,Unnamed Apartment,Apartment Complex,", Chennai"
12.8841119,80.2055012,Unnamed Apartment,Apartment Complex,", Chennai"
12.8829556,80.2064496,Unnamed Apartment,Apartment Complex,", Chennai"
12.883288,80.2064935,Unnamed Apartment,Apartment Complex,", Chennai"
12.8836241,80.206539,Unnamed Apartment,Apartment Complex,", Chennai"
12.8843017,80.2066195,Unnamed Apartment,Apartment Complex,", Chennai"
12.8844595,80.205875,Unnamed Apartment,Apartment Complex,", Chennai"
12.8834182,80.2061788,Unnamed Apartment,Apartment Complex,", Chennai"
12.8831731,80.2061431,Unnamed Apartment,Apartment Complex,", Chennai"
12.883216,80.2057996,Unnamed Apartment,Apartment Complex,", Chennai"
12.8829383,80.206118,Unnamed Apartment,Apartment Complex,", Chennai"
12.8826266,80.2060087,Unnamed Apartment,Apartment Complex,", Chennai"
12.8819939,80.205923,Unnamed Apartment,Apartment Complex,", Chennai"
12.8816668,80.2058738,Unnamed Apartment,Apartment Complex,", Chennai"
12.8826464,80.2063403,Unnamed Apartment,Apartment Complex,", Chennai"
12.8824136,80.2063089,Unnamed Apartment,Apartment Complex,", Chennai"
12.8817949,80.2062335,Unnamed Apartment,Apartment Complex,", Chennai"
12.8815723,80.2062063,Unnamed Apartment,Apartment Complex,", Chennai"
12.8813291,80.2060143,AK Block,Residential Apartment,", Chennai"
12.8805434,80.2059034,Unnamed Apartment,Apartment Complex,", Chennai"
12.8809764,80.2057196,Unnamed Apartment,Apartment Complex,", Chennai"
12.878679,80.2090238,Unnamed Apartment,Apartment Complex,", Chennai"
12.8787004,80.2087845,Unnamed Apartment,Apartment Complex,", Chennai"
12.8780969,80.2087068,Unnamed Apartment,Apartment Complex,", Chennai"
12.87772,80.2082486,Unnamed Apartment,Apartment Complex,", Chennai"
12.8779698,80.2082803,Unnamed Apartment,Apartment Complex,", Chennai"
12.8783289,80.20832,Unnamed Apartment,Apartment Complex,", Chennai"
12.8785733,80.2083582,Unnamed Apartment,Apartment Complex,", Chennai"
12.8789417,80.2084025,Unnamed Apartment,Apartment Complex,", Chennai"
12.8784428,80.2075339,Unnamed Apartment,Apartment Complex,", Chennai"
12.8784744,80.2072887,Unnamed Apartment,Apartment Complex,", Chennai"
12.878051,80.2076529,Unnamed Apartment,Apartment Complex,", Chennai"
12.878785,80.2077501,Unnamed Apartment,Apartment Complex,", Chennai"
12.8788579,80.2071557,Unnamed Apartment,Apartment Complex,", Chennai"
12.8781219,80.2070664,Unnamed Apartment,Apartment Complex,", Chennai"
12.8778802,80.2070317,Unnamed Apartment,Apartment Complex,", Chennai"
12.8778126,80.207628,Unnamed Apartment,Apartment Complex,", Chennai"
12.8768503,80.2075115,Unnamed Apartment,Apartment Complex,", Chennai"
12.8770885,80.2075425,Unnamed Apartment,Apartment Complex,", Chennai"
12.8771632,80.2069353,Unnamed Apartment,Apartment Complex,", Chennai"
12.8769214,80.206908,Unnamed Apartment,Apartment Complex,", Chennai"
12.8761979,80.2068168,Unnamed Apartment,Apartment Complex,", Chennai"
12.8759686,80.2067785,Unnamed Apartment,Apartment Complex,", Chennai"
12.8756552,80.2067454,Unnamed Apartment,Apartment Complex,", Chennai"
12.8761197,80.2074059,Unnamed Apartment,Apartment Complex,", Chennai"
12.8774779,80.2074181,Unnamed Apartment,Apartment Complex,", Chennai"
12.8775117,80.2071665,Unnamed Apartment,Apartment Complex,", Chennai"
12.8765356,80.2070353,Unnamed Apartment,Apartment Complex,", Chennai"
12.8765166,80.207272,Unnamed Apartment,Apartment Complex,", Chennai"
12.8757449,80.207188,Unnamed Apartment,Apartment Complex,", Chennai"
12.8747156,80.2262209,Unnamed Apartment,Apartment Complex,", Chennai"
12.8754116,80.2263169,Splendour Apartments,Apartment Complex,", Chennai"
12.9534724,80.1486116,SHREE VRIKSHAH HOME,Residential Apartment,"Vishwanathan St, chennai"
13.1063837,80.2956715,Unnamed Apartment,Apartment Complex,", Chennai"
13.1066075,80.2957615,Unnamed Apartment,Apartment Complex,", Chennai"
13.1068445,80.2958528,Unnamed Apartment,Apartment Complex,", Chennai"
13.1138979,80.1314313,Tamilnadu Housing Board Road,Housing Colony,", Chennai"
12.9566232,80.1534793,Unnamed Apartment,Apartment Complex,", Chennai"
12.9644986,80.1461032,Olympia Grande,Residential Apartment,"ST Road, Pallavaram, Periyar Nagar, Pallavaram, Chennai, Chrompet"
12.9639053,80.1456941,Unnamed Apartment,Apartment Complex,", Chennai"
13.0561103,80.2656536,Unnamed Apartment,Apartment Complex,", Chennai"
13.089487,80.2882683,Unnamed Apartment,Apartment Complex,", Chennai"
13.1018119,80.2752256,Unnamed Apartment,Apartment Complex,", Chennai"
13.101771,80.2756947,Unnamed Apartment,Apartment Complex,", Chennai"
13.1132278,80.2723846,Unnamed Apartment,Apartment Complex,", Chennai"
13.1129759,80.2723085,Unnamed Apartment,Apartment Complex,", Chennai"
13.1127235,80.2722546,Unnamed Apartment,Apartment Complex,", Chennai"
13.1125123,80.2717259,Unnamed Apartment,Apartment Complex,", Chennai"
13.1122875,80.2717193,Unnamed Apartment,Apartment Complex,", Chennai"
13.1120398,80.2716559,Unnamed Apartment,Apartment Complex,", Chennai"
13.1119299,80.2721155,Unnamed Apartment,Apartment Complex,", Chennai"
13.1121757,80.2721825,Unnamed Apartment,Apartment Complex,", Chennai"
13.1123985,80.2722338,Unnamed Apartment,Apartment Complex,", Chennai"
13.1123985,80.2727427,Unnamed Apartment,Apartment Complex,", Chennai"
13.1121128,80.2726761,Unnamed Apartment,Apartment Complex,", Chennai"
13.1118334,80.2726067,Unnamed Apartment,Apartment Complex,", Chennai"
13.1122794,80.2732607,Unnamed Apartment,Apartment Complex,", Chennai"
13.1121705,80.2737231,Unnamed Apartment,Apartment Complex,", Chennai"
13.1119996,80.2731638,Unnamed Apartment,Apartment Complex,", Chennai"
13.1118995,80.2736273,Unnamed Apartment,Apartment Complex,", Chennai"
13.1117136,80.2731219,Unnamed Apartment,Apartment Complex,", Chennai"
13.1116097,80.2735851,Unnamed Apartment,Apartment Complex,", Chennai"
13.1124392,80.2723415,Oswal Gardens,Residential Apartment,", Chennai"
13.1079731,80.2830533,Unnamed Apartment,Apartment Complex,", Chennai"
13.1081063,80.2830627,Unnamed Apartment,Apartment Complex,", Chennai"
13.1082703,80.283188,Unnamed Apartment,Apartment Complex,", Chennai"
13.0967468,80.2604105,Unnamed Apartment,Apartment Complex,", Chennai"
13.0951458,80.2599209,Unnamed Apartment,Apartment Complex,", Chennai"
13.0956117,80.2594582,Unnamed Apartment,Apartment Complex,", Chennai"
13.1007662,80.2541424,SPR Highliving District - Tower B,Residential Apartment,", Chennai"
13.101301,80.2546749,SPR Highliving District - Tower A,Residential Apartment,", Chennai"
13.1015953,80.254052,SPR Highliving District - Tower H,Residential Apartment,", Chennai"
13.1011316,80.2515165,Unnamed Apartment,Apartment Complex,", Chennai"
13.101372,80.2508751,Unnamed Apartment,Apartment Complex,", Chennai"
13.1012486,80.2507743,Unnamed Apartment,Apartment Complex,", Chennai"
13.1013455,80.2500605,Unnamed Apartment,Apartment Complex,", Chennai"
12.835333,80.2339873,Bay View,Residential Apartment,", Chennai"
12.8359818,80.2337067,Oceanic,Residential Apartment,", Chennai"
12.8358986,80.2330472,Edina,Residential Apartment,", Chennai"
12.8358999,80.2324875,Sinovia,Residential Apartment,", Chennai"
12.8345575,80.2333869,Tiana,Residential Apartment,", Chennai"
12.8377216,80.2327352,Unnamed Apartment,Apartment Complex,", Chennai"
12.8393424,80.2319859,Greenwood,Residential Apartment,", Chennai"
13.0410345,80.1317727,Unnamed Apartment,Apartment Complex,", Chennai"
13.0411157,80.1314404,Unnamed Apartment,Apartment Complex,", Chennai"
13.0413109,80.1312217,Unnamed Apartment,Apartment Complex,", Chennai"
13.0414295,80.1308749,Unnamed Apartment,Apartment Complex,", Chennai"
13.0416449,80.1306335,Unnamed Apartment,Apartment Complex,", Chennai"
13.0414667,80.1321229,Unnamed Apartment,Apartment Complex,", Chennai"
13.0416568,80.1319454,Unnamed Apartment,Apartment Complex,", Chennai"
13.0417027,80.1315949,Unnamed Apartment,Apartment Complex,", Chennai"
13.0419108,80.1313679,Unnamed Apartment,Apartment Complex,", Chennai"
13.0420582,80.1310371,Unnamed Apartment,Apartment Complex,", Chennai"
13.0422706,80.130817,Unnamed Apartment,Apartment Complex,", Chennai"
12.9898237,80.267791,Kgeyes,Residential Apartment,", Chennai"
12.9897997,80.26796,Kgeyes,Residential Apartment,", Chennai"
12.989768,80.2681265,Kgeyes,Residential Apartment,", Chennai"
12.9898131,80.2682708,Unnamed Apartment,Apartment Complex,", Chennai"
12.9897397,80.2682609,Unnamed Apartment,Apartment Complex,", Chennai"
12.9896679,80.2682443,Unnamed Apartment,Apartment Complex,", Chennai"
12.9903332,80.2674657,Unnamed Apartment,Apartment Complex,", Chennai"
12.9903584,80.267342,Unnamed Apartment,Apartment Complex,", Chennai"
12.9901072,80.2676877,Unnamed Apartment,Apartment Complex,", Chennai"
12.99009,80.2677632,Unnamed Apartment,Apartment Complex,", Chennai"
12.9900572,80.2678264,Unnamed Apartment,Apartment Complex,", Chennai"
12.989557,80.2682224,Unnamed Apartment,Apartment Complex,", Chennai"
12.9894644,80.2682003,Unnamed Apartment,Apartment Complex,", Chennai"
12.989584,80.2684025,Unnamed Apartment,Apartment Complex,", Chennai"
12.9894491,80.2683374,Unnamed Apartment,Apartment Complex,", Chennai"
12.98943,80.2684542,Unnamed Apartment,Apartment Complex,", Chennai"
12.9899492,80.2686996,Unnamed Apartment,Apartment Complex,", Chennai"
12.990064,80.268713,Unnamed Apartment,Apartment Complex,", Chennai"
12.9901702,80.2687497,Unnamed Apartment,Apartment Complex,", Chennai"
12.9895654,80.2679713,Unnamed Apartment,Apartment Complex,", Chennai"
12.9900742,80.2667659,Unnamed Apartment,Apartment Complex,", Chennai"
12.9899303,80.2667359,Unnamed Apartment,Apartment Complex,", Chennai"
12.9897896,80.2667171,Unnamed Apartment,Apartment Complex,", Chennai"
12.9900966,80.2665986,Unnamed Apartment,Apartment Complex,", Chennai"
12.9899594,80.266577,Unnamed Apartment,Apartment Complex,", Chennai"
12.9898134,80.2665533,Unnamed Apartment,Apartment Complex,", Chennai"
12.9904201,80.2668394,Unnamed Apartment,Apartment Complex,", Chennai"
12.9904589,80.2666601,Unnamed Apartment,Apartment Complex,", Chennai"
12.9903199,80.2666348,Unnamed Apartment,Apartment Complex,", Chennai"
12.9902809,80.2668068,Unnamed Apartment,Apartment Complex,", Chennai"
12.9902004,80.2670688,Unnamed Apartment,Apartment Complex,", Chennai"
12.9901865,80.2672075,Unnamed Apartment,Apartment Complex,", Chennai"
12.9901593,80.2673166,Unnamed Apartment,Apartment Complex,", Chennai"
12.9900255,80.2679967,Unnamed Apartment,Apartment Complex,", Chennai"
12.9900369,80.267905,Unnamed Apartment,Apartment Complex,", Chennai"
12.9495649,80.1903298,JONES BLAZIA,Residential Apartment,"Pallavaram - Thoraipakkam Road, CHENNAI"
12.8385775,80.2300771,Emami Tejomaya,Residential Apartment,", Chennai"
12.8384217,80.2285363,Unnamed Apartment,Apartment Complex,", Chennai"
12.8376441,80.2295814,Ivy Terrace,Residential Apartment,", Chennai"
13.0313817,80.2437667,Chennai Metro Rail Staff Quarters - A Block,Residential Apartment,", Chennai"
13.0310933,80.2436236,Chennai Metro Rail Staff Quarters - B Block,Residential Apartment,", Chennai"
13.0313361,80.2410783,Unnamed Apartment,Apartment Complex,", Chennai"
13.0512053,80.2268436,Sri Vishnu Flats,Apartment Complex,", Chennai"
13.0512948,80.2267009,Unnamed Apartment,Apartment Complex,", Chennai"
13.0512471,80.2265843,Sree Sundara Nivas,Residential Apartment,", Chennai"
13.0512735,80.2264773,Marutham,Residential Apartment,", Chennai"
13.0512514,80.2263642,Unnamed Apartment,Apartment Complex,", Chennai"
13.0512532,80.2261664,Eden,Residential Apartment,", Chennai"
13.0507316,80.2268562,Orchard Apartments,Apartment Complex,"Viswanathapuram Main Road, Chennai"
13.0514262,80.2262075,Unnamed Apartment,Apartment Complex,", Chennai"
13.0510869,80.2255033,Govindam,Residential Apartment,", Chennai"
13.1014735,80.2898313,Unnamed Apartment,Apartment Complex,", Chennai"
13.1015603,80.2899277,Unnamed Apartment,Apartment Complex,", Chennai"
13.1016452,80.2898313,Unnamed Apartment,Apartment Complex,", Chennai"
13.1026008,80.2900329,Kanaga-Saraswathi Towers,Residential Apartment,", Chennai"
12.9946841,80.267228,Unnamed Apartment,Apartment Complex,", Chennai"
12.9100351,80.1551889,Mohis Camellia,Residential Apartment,", Chennai"
13.1012526,80.2940469,Unnamed Apartment,Apartment Complex,", Chennai"
13.1008303,80.2938727,Unnamed Apartment,Apartment Complex,", Chennai"
13.1006754,80.2939662,Unnamed Apartment,Apartment Complex,", Chennai"
13.1007064,80.2938453,Unnamed Apartment,Apartment Complex,", Chennai"
13.1005712,80.2938717,Unnamed Apartment,Apartment Complex,", Chennai"
13.0937419,80.2878367,Unnamed Apartment,Apartment Complex,", Chennai"
13.1069852,80.2766577,Unnamed Apartment,Apartment Complex,", Chennai"
13.1070633,80.2768203,Unnamed Apartment,Apartment Complex,", Chennai"
13.1071563,80.2770154,Unnamed Apartment,Apartment Complex,", Chennai"
13.1072344,80.2771776,Unnamed Apartment,Apartment Complex,", Chennai"
13.1077597,80.2771551,Unnamed Apartment,Apartment Complex,", Chennai"
13.1078801,80.2773297,Unnamed Apartment,Apartment Complex,", Chennai"
13.1079848,80.2774904,Unnamed Apartment,Apartment Complex,", Chennai"
13.106903,80.2763137,Unnamed Apartment,Apartment Complex,", Chennai"
13.1072708,80.276254,Unnamed Apartment,Apartment Complex,", Chennai"
13.1059057,80.2774314,Osian Heights,Residential Apartment,", Chennai"
13.1052569,80.2771446,Unnamed Apartment,Apartment Complex,", Chennai"
13.1055924,80.2771181,Unnamed Apartment,Apartment Complex,", Chennai"
13.1058101,80.2769481,Unnamed Apartment,Apartment Complex,", Chennai"
13.1061374,80.2769965,Unnamed Apartment,Apartment Complex,", Chennai"
13.1051837,80.2763516,Vidhya Palace,Residential Apartment,", Chennai"
13.1048073,80.2761621,Unnamed Apartment,Apartment Complex,", Chennai"
13.1046763,80.2758058,Unnamed Apartment,Apartment Complex,", Chennai"
13.0965082,80.2878999,Alreef Residency,Residency,", Chennai"
13.0930825,80.2751081,P.G.M. Mansion,Residential Apartment,", Chennai"
13.0931117,80.2749424,Unnamed Apartment,Apartment Complex,", Chennai"
13.093012,80.2747577,Unnamed Apartment,Apartment Complex,", Chennai"
13.0690632,80.2577017,Unnamed Apartment,Apartment Complex,", Chennai"
13.0693768,80.2579946,Unnamed Apartment,Apartment Complex,", Chennai"
13.0685081,80.2627529,Unnamed Apartment,Apartment Complex,", Chennai"
13.0682388,80.2627669,Unnamed Apartment,Apartment Complex,", Chennai"
13.0679684,80.2627749,Unnamed Apartment,Apartment Complex,", Chennai"
13.0676771,80.2627829,Unnamed Apartment,Apartment Complex,", Chennai"
13.0688096,80.26275,Unnamed Apartment,Apartment Complex,", Chennai"
13.0687753,80.2632311,Unnamed Apartment,Apartment Complex,", Chennai"
13.068794,80.2636729,Unnamed Apartment,Apartment Complex,", Chennai"
13.0684241,80.2637558,Unnamed Apartment,Apartment Complex,", Chennai"
13.0680725,80.2637682,Unnamed Apartment,Apartment Complex,", Chennai"
13.0690829,80.2635156,Unnamed Apartment,Apartment Complex,", Chennai"
13.0690917,80.2626705,Unnamed Apartment,Apartment Complex,", Chennai"
13.0600015,80.2648683,Unnamed Apartment,Apartment Complex,", Chennai"
13.0603162,80.2646833,Unnamed Apartment,Apartment Complex,", Chennai"
13.0599472,80.2643665,Unnamed Apartment,Apartment Complex,", Chennai"
13.0596628,80.264728,Unnamed Apartment,Apartment Complex,", Chennai"
13.06059,80.2642169,Unnamed Apartment,Apartment Complex,", Chennai"
13.0929961,80.2766605,Unnamed Apartment,Apartment Complex,", Chennai"
13.0930062,80.27657,Unnamed Apartment,Apartment Complex,", Chennai"
13.0930303,80.2764783,Aashirwad,Residential Apartment,", Chennai"
13.0930293,80.2763751,Sankeshwara Tower,Residential Apartment,", Chennai"
13.0929699,80.2762527,Karnawat Tower,Residential Apartment,", Chennai"
13.0928935,80.2761493,Unnamed Apartment,Apartment Complex,", Chennai"
13.0930001,80.2761145,Unnamed Apartment,Apartment Complex,", Chennai"
13.0930774,80.276128,Unnamed Apartment,Apartment Complex,", Chennai"
13.0931405,80.2761337,Unnamed Apartment,Apartment Complex,", Chennai"
13.0931986,80.2761483,Unnamed Apartment,Apartment Complex,", Chennai"
13.0932437,80.2761968,Unnamed Apartment,Apartment Complex,", Chennai"
13.0933488,80.2762517,Unnamed Apartment,Apartment Complex,", Chennai"
13.0933281,80.2762977,Unnamed Apartment,Apartment Complex,", Chennai"
13.0933194,80.2763596,Unnamed Apartment,Apartment Complex,", Chennai"
13.0933056,80.2764176,Unnamed Apartment,Apartment Complex,", Chennai"
13.0970747,80.2868416,Unnamed Apartment,Apartment Complex,", Chennai"
13.1009463,80.2873258,A. R. Towers,Residential Apartment,", Chennai"
13.0995137,80.2870494,Broadway Villa Complex,Residential Apartment,", Chennai"
13.0241459,80.2409703,Unnamed Apartment,Apartment Complex,", Chennai"
13.0243227,80.2409021,Unnamed Apartment,Apartment Complex,", Chennai"
13.0244622,80.2408053,Unnamed Apartment,Apartment Complex,", Chennai"
13.0244248,80.240334,Unnamed Apartment,Apartment Complex,", Chennai"
13.0228167,80.2450246,Unnamed Apartment,Apartment Complex,", Chennai"
13.0224125,80.2448298,Unnamed Apartment,Apartment Complex,", Chennai"
13.0220449,80.2448935,Unnamed Apartment,Apartment Complex,", Chennai"
13.0220743,80.2453857,Unnamed Apartment,Apartment Complex,", Chennai"
13.0225411,80.2451799,Clover By The River,Residential Apartment,", Chennai"
13.0218802,80.2467331,The River View,Residential Apartment,", Chennai"
13.0216182,80.2465473,Arunachalam,Residential Apartment,", Chennai"
13.021382,80.2464083,Riviera Park,Residential Apartment,", Chennai"
13.0211333,80.2462141,Cedar Park,Residential Apartment,", Chennai"
13.0206572,80.2460893,Vishwakamal Apartments,Apartment Complex,", Chennai"
13.0245054,80.2505888,Unnamed Apartment,Apartment Complex,", Chennai"
13.0371199,80.2798207,13,Residential Apartment,", Chennai"
13.0372465,80.2798354,12,Residential Apartment,", Chennai"
13.0373483,80.2798486,11,Residential Apartment,", Chennai"
13.0374685,80.279865,10,Residential Apartment,", Chennai"
13.0375685,80.2798799,9,Residential Apartment,", Chennai"
13.0376817,80.2798959,8,Residential Apartment,", Chennai"
13.0377854,80.2799069,7,Residential Apartment,", Chennai"
13.0381326,80.2799477,6,Residential Apartment,", Chennai"
13.038228,80.2799612,5,Residential Apartment,", Chennai"
13.0383502,80.2799754,4,Residential Apartment,", Chennai"
13.0384502,80.2799888,3,Residential Apartment,", Chennai"
13.0385736,80.2800094,2,Residential Apartment,", Chennai"
13.0386708,80.2800247,1,Residential Apartment,", Chennai"
13.0389741,80.2796116,24,Residential Apartment,", Chennai"
13.0388465,80.2795916,23,Residential Apartment,", Chennai"
13.0387428,80.2796328,22,Residential Apartment,", Chennai"
13.0386213,80.2796167,21,Residential Apartment,", Chennai"
13.0382523,80.2796257,20,Residential Apartment,", Chennai"
13.0381582,80.2796117,19,Residential Apartment,", Chennai"
13.0379321,80.2795817,18,Residential Apartment,", Chennai"
13.0378416,80.2795681,17,Residential Apartment,", Chennai"
13.0373885,80.2795159,16,Residential Apartment,", Chennai"
13.0372898,80.2795025,15,Residential Apartment,", Chennai"
13.037163,80.2794851,14,Residential Apartment,", Chennai"
13.0247942,80.2734461,Azure The Oceanic,Residential Apartment,", Chennai"
13.0246358,80.2730141,Bonaventura Lakshmi Villas,Residential Apartment,", Chennai"
13.0254699,80.2680888,Casagrand Olympus,Residential Apartment,", Chennai"
13.0191688,80.2610663,Lilac Heights,Residential Apartment,", Chennai"
13.0185524,80.2728666,Unnamed Apartment,Apartment Complex,", Chennai"
13.0185461,80.2732592,Unnamed Apartment,Apartment Complex,", Chennai"
13.018232,80.2735115,Unnamed Apartment,Apartment Complex,", Chennai"
13.0184024,80.273906,Unnamed Apartment,Apartment Complex,", Chennai"
13.0186659,80.2730327,Unnamed Apartment,Apartment Complex,", Chennai"
13.0185204,80.2735824,Unnamed Apartment,Apartment Complex,", Chennai"
13.018052,80.2741398,Unnamed Apartment,Apartment Complex,", Chennai"
13.0177413,80.2744893,Unnamed Apartment,Apartment Complex,", Chennai"
13.018239,80.2745582,Unnamed Apartment,Apartment Complex,", Chennai"
13.0199339,80.2730059,Ficus Grove,Residential Apartment,", Chennai"
13.0038824,80.2576272,TVH Quadrant,Residential Apartment,", Chennai"
13.0042926,80.2566273,Tower of Adyar,Residential Apartment,"Dr. Muthulakshmi Salai (Lattice Bridge Road), Chennai"
13.0001127,80.2602689,The Summit Apartments,Apartment Complex,", Chennai"
13.0983685,80.2931758,Unnamed Apartment,Apartment Complex,", Chennai"
13.0930968,80.2686001,Unnamed Apartment,Apartment Complex,", Chennai"
13.0930971,80.2682921,Unnamed Apartment,Apartment Complex,", Chennai"
13.0950139,80.2677806,Unnamed Apartment,Apartment Complex,", Chennai"
13.0954861,80.2675411,Unnamed Apartment,Apartment Complex,", Chennai"
13.0968332,80.2910833,Unnamed Apartment,Apartment Complex,", Chennai"
13.0968662,80.2911626,Y. B. Tower,Residential Apartment,", Chennai"
13.0972068,80.2875863,Unnamed Apartment,Apartment Complex,", Chennai"
13.0974149,80.2875904,Unnamed Apartment,Apartment Complex,", Chennai"
13.0975186,80.2876087,Unnamed Apartment,Apartment Complex,", Chennai"
13.0976103,80.2876201,Unnamed Apartment,Apartment Complex,", Chennai"
13.0976905,80.287633,Unnamed Apartment,Apartment Complex,", Chennai"
13.0977549,80.2876497,Unnamed Apartment,Apartment Complex,", Chennai"
13.0978025,80.2876864,Unnamed Apartment,Apartment Complex,", Chennai"
13.0978528,80.2876648,Unnamed Apartment,Apartment Complex,", Chennai"
13.0979221,80.2876904,Unnamed Apartment,Apartment Complex,", Chennai"
13.0979681,80.2876992,Unnamed Apartment,Apartment Complex,", Chennai"
13.0980202,80.287709,Unnamed Apartment,Apartment Complex,", Chennai"
13.098151,80.2877748,Unnamed Apartment,Apartment Complex,", Chennai"
13.098281,80.2875432,Unnamed Apartment,Apartment Complex,", Chennai"
13.0987097,80.2665843,Unnamed Apartment,Apartment Complex,", Chennai"
13.106501,80.2920362,Casagrand Masseys,Residential Apartment,", Chennai"
12.9506612,80.1926706,Winchester,Residential Apartment,", Chennai"
13.0013966,80.2709654,Samudra,Residential Apartment,", Chennai"
13.0019604,80.2708431,Ramaniyam Advaitham,Residential Apartment,"32nd Cross St, Tiruvalluvar Nagar, Besant Nagar, Chennai"
13.0160826,80.2247881,Casagrand Monte Carlo,Residential Apartment,", Chennai"
13.0714283,80.2519773,Unnamed Apartment,Apartment Complex,", Chennai"
13.0717861,80.2519228,Unnamed Apartment,Apartment Complex,", Chennai"
13.0593917,80.2660761,Unnamed Apartment,Apartment Complex,", Chennai"
13.0466825,80.2033762,Unnamed Apartment,Apartment Complex,", Chennai"
13.044033,80.2046713,Unnamed Apartment,Apartment Complex,", Chennai"
13.0437216,80.2041193,Unnamed Apartment,Apartment Complex,", Chennai"
13.0441968,80.2039908,Unnamed Apartment,Apartment Complex,", Chennai"
13.0447196,80.2039551,Unnamed Apartment,Apartment Complex,", Chennai"
13.0441653,80.2043465,Asta AVM,Residential Apartment,", Chennai"
13.0789299,80.2699825,Unnamed Apartment,Apartment Complex,", Chennai"
13.0790613,80.2695796,Unnamed Apartment,Apartment Complex,", Chennai"
13.0790428,80.2690272,Unnamed Apartment,Apartment Complex,", Chennai"
13.0789738,80.2698458,Cox Square,Residential Apartment,", Chennai"
13.115574,80.1304876,Tamilnadu Housing Board Road,Housing Colony,", Chennai"
13.1162327,80.1295065,Tamilnadu Housing Board Road,Housing Colony,", Chennai"
13.0106161,80.2496096,Serenity,Residential Apartment,", Chennai"
12.9978647,80.2693877,Saraswathi,Residential Apartment,", Chennai"
12.9979068,80.2689717,Unnamed Apartment,Apartment Complex,", Chennai"
12.9984129,80.2690257,Unnamed Apartment,Apartment Complex,", Chennai"
12.9981752,80.2690024,Unnamed Apartment,Apartment Complex,", Chennai"
12.9981309,80.2693637,Unnamed Apartment,Apartment Complex,", Chennai"
12.9980812,80.2697507,Unnamed Apartment,Apartment Complex,", Chennai"
12.9983335,80.2697699,Unnamed Apartment,Apartment Complex,", Chennai"
12.997824,80.2697072,Unnamed Apartment,Apartment Complex,", Chennai"
12.9986497,80.2690599,Unnamed Apartment,Apartment Complex,", Chennai"
12.9986033,80.2694243,Unnamed Apartment,Apartment Complex,", Chennai"
12.9985633,80.2698025,Unnamed Apartment,Apartment Complex,", Chennai"
12.9985435,80.2701521,Unnamed Apartment,Apartment Complex,", Chennai"
12.9985304,80.2702823,Unnamed Apartment,Apartment Complex,", Chennai"
12.9979252,80.2703927,Unnamed Apartment,Apartment Complex,", Chennai"
12.9977359,80.2703722,Unnamed Apartment,Apartment Complex,", Chennai"
12.9975444,80.2703524,Unnamed Apartment,Apartment Complex,", Chennai"
13.039404,80.2324115,Unnamed Apartment,Apartment Complex,", Chennai"
13.0392699,80.2323803,Unnamed Apartment,Apartment Complex,", Chennai"
13.0391211,80.2323461,Unnamed Apartment,Apartment Complex,", Chennai"
13.038974,80.2323161,Unnamed Apartment,Apartment Complex,", Chennai"
13.039193,80.232373,Viji Flats,Apartment Complex,", Chennai"
13.0410832,80.2313452,Unnamed Apartment,Apartment Complex,", Chennai"
13.04115,80.2312346,Unnamed Apartment,Apartment Complex,", Chennai"
13.0668086,80.2817017,Unnamed Apartment,Apartment Complex,", Chennai"
13.0665657,80.2818336,Unnamed Apartment,Apartment Complex,", Chennai"
13.0667378,80.2816256,Unnamed Apartment,Apartment Complex,", Chennai"
13.0664652,80.2817431,Unnamed Apartment,Apartment Complex,", Chennai"
13.0663858,80.2816727,Unnamed Apartment,Apartment Complex,", Chennai"
13.0666116,80.2815633,Unnamed Apartment,Apartment Complex,", Chennai"
13.0665328,80.2814978,Unnamed Apartment,Apartment Complex,", Chennai"
13.0663105,80.2815524,Unnamed Apartment,Apartment Complex,", Chennai"
13.0662357,80.2814855,Unnamed Apartment,Apartment Complex,", Chennai"
13.0100061,80.2598672,Zolo Lyca,Residential Apartment,", Chennai"
13.0595329,80.2472702,Unnamed Apartment,Apartment Complex,", Chennai"
13.0594582,80.2473072,VGN Notting Hill,Residential Apartment,", Chennai"
13.0596309,80.2482904,Unnamed Apartment,Apartment Complex,", Chennai"
13.0596166,80.2482701,One Crest Nungambakkam,Residential Apartment,", Chennai"
13.0063305,80.2187588,Unnamed Apartment,Apartment Complex,", Chennai"
13.0066248,80.218643,Unnamed Apartment,Apartment Complex,", Chennai"
13.0067882,80.2185717,Unnamed Apartment,Apartment Complex,", Chennai"
13.0069353,80.2185019,Unnamed Apartment,Apartment Complex,", Chennai"
13.0064829,80.2186993,Unnamed Apartment,Apartment Complex,", Chennai"
13.0070848,80.218419,Unnamed Apartment,Apartment Complex,", Chennai"
13.0072274,80.2183486,Unnamed Apartment,Apartment Complex,", Chennai"
13.0073906,80.2182767,Unnamed Apartment,Apartment Complex,", Chennai"
13.0075306,80.21821,Unnamed Apartment,Apartment Complex,", Chennai"
13.0076805,80.218141,Unnamed Apartment,Apartment Complex,", Chennai"
13.0078249,80.2180754,Unnamed Apartment,Apartment Complex,", Chennai"
13.0082526,80.2178751,Unnamed Apartment,Apartment Complex,", Chennai"
13.0080696,80.2179702,Unnamed Apartment,Apartment Complex,", Chennai"
13.0084243,80.217738,Unnamed Apartment,Apartment Complex,", Chennai"
13.0085925,80.2175838,Unnamed Apartment,Apartment Complex,", Chennai"
13.0087369,80.2174312,Unnamed Apartment,Apartment Complex,", Chennai"
13.0088515,80.2172501,Unnamed Apartment,Apartment Complex,", Chennai"
13.0089132,80.2170883,Unnamed Apartment,Apartment Complex,", Chennai"
13.0089683,80.2169198,Unnamed Apartment,Apartment Complex,", Chennai"
13.008998,80.2167625,Unnamed Apartment,Apartment Complex,", Chennai"
13.0076168,80.2178053,Unnamed Apartment,Apartment Complex,", Chennai"
13.0550509,80.2571849,Landmark Vertica,Residential Apartment,", Chennai"
12.9907509,80.2171805,The Crest Tower A,Residential Apartment,", Chennai"
12.9903979,80.2167382,The Crest Tower B,Residential Apartment,", Chennai"
12.9922327,80.2166899,The Crest Tower C,Residential Apartment,", Chennai"
13.0888197,80.1099872,Unnamed Apartment,Apartment Complex,", Chennai"
13.0887634,80.11051,Unnamed Apartment,Apartment Complex,", Chennai"
13.0890518,80.1093602,Unnamed Apartment,Apartment Complex,", Chennai"
13.088622,80.1092157,Unnamed Apartment,Apartment Complex,", Chennai"
13.0887835,80.1098098,Hazel Apartments,Apartment Complex,", Chennai"
13.1019455,80.2852882,Unnamed Apartment,Apartment Complex,", Chennai"
13.1018536,80.2852913,Unnamed Apartment,Apartment Complex,", Chennai"
13.1017666,80.2852717,CLK House,Residential Apartment,", Chennai"
13.101711,80.2852589,Unnamed Apartment,Apartment Complex,", Chennai"
13.1015474,80.2851993,Unnamed Apartment,Apartment Complex,", Chennai"
13.1014489,80.2851971,Unnamed Apartment,Apartment Complex,", Chennai"
13.1013672,80.2851744,Unnamed Apartment,Apartment Complex,", Chennai"
13.1021278,80.2851585,Unnamed Apartment,Apartment Complex,", Chennai"
12.9971615,80.2552754,Elite Towers,Residential Apartment,", Chennai"
13.0032655,80.2710218,Vantage Tower,Residential Apartment,", Chennai"
13.0035467,80.2698925,Unnamed Apartment,Apartment Complex,", Chennai"
13.0032563,80.2712591,Unnamed Apartment,Apartment Complex,", Chennai"
13.0032554,80.2714263,Unnamed Apartment,Apartment Complex,", Chennai"
13.0034985,80.2714794,Unnamed Apartment,Apartment Complex,", Chennai"
13.0035343,80.2713304,Unnamed Apartment,Apartment Complex,", Chennai"
13.0036008,80.2711747,Unnamed Apartment,Apartment Complex,", Chennai"
13.1022882,80.2763267,Vaibhav Apartments,Apartment Complex,", Chennai"
13.1023588,80.2765358,Krishna Mansion,Residential Apartment,", Chennai"
13.1023673,80.2766247,Unnamed Apartment,Apartment Complex,", Chennai"
13.1019142,80.2762188,Ratna Ganga,Residential Apartment,", Chennai"
13.1018345,80.276223,Mannat,Residential Apartment,", Chennai"
13.1011132,80.2760528,Unnamed Apartment,Apartment Complex,", Chennai"
13.1009393,80.2760346,Unnamed Apartment,Apartment Complex,", Chennai"
13.1007632,80.2760262,Unnamed Apartment,Apartment Complex,", Chennai"
13.1008945,80.2757304,Unnamed Apartment,Apartment Complex,", Chennai"
13.1024067,80.2776456,Guru Shanti B,Residential Apartment,", Chennai"
13.1023923,80.277467,Guru Shanti A,Residential Apartment,", Chennai"
13.0196926,80.2314252,Unnamed Apartment,Apartment Complex,", Chennai"
13.0192638,80.2308891,Unnamed Apartment,Apartment Complex,", Chennai"
13.0188143,80.2305388,Unnamed Apartment,Apartment Complex,", Chennai"
13.0204386,80.231645,Unnamed Apartment,Apartment Complex,", Chennai"
13.0206686,80.2309931,Unnamed Apartment,Apartment Complex,", Chennai"
13.0207306,80.2317513,Unnamed Apartment,Apartment Complex,", Chennai"
13.0209709,80.2311074,Unnamed Apartment,Apartment Complex,", Chennai"
13.0210511,80.2318746,Unnamed Apartment,Apartment Complex,", Chennai"
13.0212695,80.2312474,Unnamed Apartment,Apartment Complex,", Chennai"
13.0215581,80.2322635,Unnamed Apartment,Apartment Complex,", Chennai"
13.0231579,80.2299674,Unnamed Apartment,Apartment Complex,", Chennai"
13.022521,80.232419,Unnamed Apartment,Apartment Complex,", Chennai"
13.0223215,80.2327739,Unnamed Apartment,Apartment Complex,", Chennai"
13.0220459,80.2326616,Unnamed Apartment,Apartment Complex,", Chennai"
13.0223597,80.2321202,Unnamed Apartment,Apartment Complex,", Chennai"
13.0227603,80.2320458,Unnamed Apartment,Apartment Complex,", Chennai"
13.0223543,80.2316024,Unnamed Apartment,Apartment Complex,", Chennai"
13.0226161,80.231756,Unnamed Apartment,Apartment Complex,", Chennai"
13.0229079,80.2313014,Unnamed Apartment,Apartment Complex,", Chennai"
13.0234442,80.2307915,Unnamed Apartment,Apartment Complex,", Chennai"
13.0203271,80.2292838,Unnamed Apartment,Apartment Complex,", Chennai"
13.023057,80.2293772,Unnamed Apartment,Apartment Complex,", Chennai"
13.0228431,80.2290897,Unnamed Apartment,Apartment Complex,", Chennai"
13.0226996,80.2296188,Unnamed Apartment,Apartment Complex,", Chennai"
13.0226288,80.2298036,Unnamed Apartment,Apartment Complex,", Chennai"
13.1019183,80.2924381,Unnamed Apartment,Apartment Complex,", Chennai"
13.1019786,80.292454,Unnamed Apartment,Apartment Complex,", Chennai"
13.006335,80.2440951,Unnamed Apartment,Apartment Complex,", Chennai"
13.0059407,80.2440296,Unnamed Apartment,Apartment Complex,", Chennai"
12.992323,80.2193104,Cee Deeyes Guindy Park,Residential Apartment,", Chennai"
12.9920921,80.2195357,Unnamed Apartment,Apartment Complex,", Chennai"
12.9917253,80.2198572,Yamini,Residential Apartment,", Chennai"
12.9890499,80.2212625,Aditya Residences,Residency,", Chennai"
13.1016267,80.2930361,Unnamed Apartment,Apartment Complex,", Chennai"
13.101247,80.2929922,Unnamed Apartment,Apartment Complex,", Chennai"
13.1019447,80.2920304,Unnamed Apartment,Apartment Complex,", Chennai"
13.1018516,80.2920305,Unnamed Apartment,Apartment Complex,", Chennai"
13.1013001,80.291827,Unnamed Apartment,Apartment Complex,", Chennai"
13.1017141,80.2917535,Unnamed Apartment,Apartment Complex,", Chennai"
12.964259,80.125787,SAANVI Seven Star Homes,Residential Apartment,"39th Street, Shankar Nagar, Pammal, Chennai"
13.0029009,80.26518,Unnamed Apartment,Apartment Complex,", Chennai"
13.0024841,80.2665544,Unnamed Apartment,Apartment Complex,", Chennai"
13.002625,80.2662898,Unnamed Apartment,Apartment Complex,", Chennai"
13.0027588,80.2660133,Unnamed Apartment,Apartment Complex,", Chennai"
12.9816365,80.2598697,Unnamed Apartment,Apartment Complex,", Chennai"
12.9811278,80.2595928,Unnamed Apartment,Apartment Complex,", Chennai"
12.9811227,80.2599821,Unnamed Apartment,Apartment Complex,", Chennai"
12.9985298,80.215558,Unnamed Apartment,Apartment Complex,", Chennai"
12.9987714,80.2156777,Unnamed Apartment,Apartment Complex,", Chennai"
12.9990956,80.215811,Unnamed Apartment,Apartment Complex,", Chennai"
12.9996504,80.2132358,Somerset House,Residential Apartment,", Chennai"
13.0669319,80.2085993,Unnamed Apartment,Apartment Complex,", Chennai"
13.0666886,80.207531,Unnamed Apartment,Apartment Complex,", Chennai"
13.0995696,80.2875494,Unnamed Apartment,Apartment Complex,", Chennai"
13.0989346,80.2876778,Macro Residency,Residency,", Chennai"
13.0208625,80.2314214,Unnamed Apartment,Apartment Complex,", Chennai"
13.0194618,80.2309402,Unnamed Apartment,Apartment Complex,", Chennai"
13.1005392,80.2898225,Sree Venkateswara Matriculation School,Residential Apartment,", Chennai"
12.9610095,80.2400148,Unnamed Apartment,Apartment Complex,", Chennai"
12.9580371,80.2420141,Unnamed Apartment,Apartment Complex,", Chennai"
12.9583765,80.2428584,Prakruti Apartment,Apartment Complex,", Chennai"
13.0517806,80.2272167,Unnamed Apartment,Apartment Complex,", Chennai"
13.0519295,80.227248,Unnamed Apartment,Apartment Complex,", Chennai"
13.0520838,80.2272941,Berne's Manor,Residential Apartment,", Chennai"
13.0522398,80.2273133,Unnamed Apartment,Apartment Complex,", Chennai"
13.0143786,80.2346332,Flora International Hostel,Residential Apartment,", Chennai"
13.1359633,80.2957262,kasimedu,Residential Apartment,", Chennai"
13.0771384,80.1935323,Crown Residences,Residency,", Chennai"
12.9224267,80.1578001,Unnamed Apartment,Apartment Complex,", Chennai"
12.9224734,80.1574282,Unnamed Apartment,Apartment Complex,", Chennai"
13.0096999,80.2543081,Adyar Annora Apartments,Apartment Complex,"B. Ramachandra Adithanar Road, Chennai"
13.1035019,80.275852,Unnamed Apartment,Apartment Complex,", Chennai"
13.103373,80.275873,Unnamed Apartment,Apartment Complex,", Chennai"
13.1033373,80.2756499,Unnamed Apartment,Apartment Complex,", Chennai"
13.1026753,80.2757078,Unnamed Apartment,Apartment Complex,", Chennai"
13.1024744,80.27596,Unnamed Apartment,Apartment Complex,", Chennai"
13.1022361,80.2757429,Unnamed Apartment,Apartment Complex,", Chennai"
13.1021249,80.2747485,Unnamed Apartment,Apartment Complex,", Chennai"
13.1022266,80.2747194,Unnamed Apartment,Apartment Complex,", Chennai"
13.1023334,80.2746925,Unnamed Apartment,Apartment Complex,", Chennai"
13.1021395,80.2745469,Unnamed Apartment,Apartment Complex,", Chennai"
13.1022434,80.2745139,Unnamed Apartment,Apartment Complex,", Chennai"
13.1024582,80.2746382,Unnamed Apartment,Apartment Complex,", Chennai"
13.1023765,80.2745993,Unnamed Apartment,Apartment Complex,", Chennai"
13.1034687,80.2755902,Unnamed Apartment,Apartment Complex,", Chennai"
13.1036228,80.2755843,Unnamed Apartment,Apartment Complex,", Chennai"
13.1032546,80.2746554,Unnamed Apartment,Apartment Complex,", Chennai"
13.1034178,80.2750691,Unnamed Apartment,Apartment Complex,", Chennai"
13.1022613,80.2751708,Unnamed Apartment,Apartment Complex,", Chennai"
13.102375,80.2751563,Unnamed Apartment,Apartment Complex,", Chennai"
13.1025103,80.2751303,Unnamed Apartment,Apartment Complex,", Chennai"
13.1026115,80.2750395,Unnamed Apartment,Apartment Complex,", Chennai"
13.1029079,80.2750427,Unnamed Apartment,Apartment Complex,", Chennai"
13.1099608,80.2575926,Unnamed Apartment,Apartment Complex,", Chennai"
13.1099703,80.2580985,Unnamed Apartment,Apartment Complex,", Chennai"
13.1106023,80.2580835,Unnamed Apartment,Apartment Complex,", Chennai"
13.1105927,80.2575776,Unnamed Apartment,Apartment Complex,", Chennai"
13.1103123,80.2581979,Unnamed Apartment,Apartment Complex,", Chennai"
13.1102718,80.257823,Unnamed Apartment,Apartment Complex,", Chennai"
13.1099185,80.25638,Unnamed Apartment,Apartment Complex,", Chennai"
13.1105621,80.2563973,Unnamed Apartment,Apartment Complex,", Chennai"
13.1100795,80.256393,Unnamed Apartment,Apartment Complex,", Chennai"
13.1139015,80.2597373,Unnamed Apartment,Apartment Complex,", Chennai"
13.1140889,80.260149,Unnamed Apartment,Apartment Complex,", Chennai"
13.1141352,80.2604309,Unnamed Apartment,Apartment Complex,", Chennai"
13.1144411,80.2604467,Unnamed Apartment,Apartment Complex,", Chennai"
13.1143888,80.2601753,Unnamed Apartment,Apartment Complex,", Chennai"
13.1142957,80.2607427,Unnamed Apartment,Apartment Complex,", Chennai"
13.1144553,80.2608561,Unnamed Apartment,Apartment Complex,", Chennai"
13.1145993,80.2609557,Unnamed Apartment,Apartment Complex,", Chennai"
12.9763934,80.2663493,Unnamed Apartment,Apartment Complex,", Chennai"
13.0941773,80.2790317,Mehta Mansion,Residential Apartment,", Chennai"
13.096854,80.280157,Astapad Apartments,Apartment Complex,", Chennai"
13.0985668,80.282944,Laxmi Flats,Apartment Complex,", Chennai"
13.0977194,80.2805772,Namo Residency,Residency,", Chennai"
12.8093711,80.1946258,Isha Mia Villas,Residential Apartment,"Dr Abdul Kalam Road, Pudupakkam Vill, Kelambakkam Via, Chengalpattu Dt."
12.8086055,80.1959988,Cosmo City,Residential Apartment,"Dr Abdul Kalam Road, Pudupakkam Vill, Kelambakkam Via, Chengalpattu Dt, TN, India"
13.1068522,80.2576441,Unnamed Apartment,Apartment Complex,", Chennai"
13.1071594,80.2578388,Unnamed Apartment,Apartment Complex,", Chennai"
13.1080767,80.2578376,Unnamed Apartment,Apartment Complex,", Chennai"
13.1077406,80.2573715,Unnamed Apartment,Apartment Complex,", Chennai"
12.8501179,80.2303087,Unnamed Apartment,Apartment Complex,", Chennai"
12.8511568,80.2301439,Unnamed Apartment,Apartment Complex,", Chennai"
12.851098,80.2297238,Unnamed Apartment,Apartment Complex,", Chennai"
12.8510163,80.2295438,Unnamed Apartment,Apartment Complex,", Chennai"
12.8515034,80.2297438,Unnamed Apartment,Apartment Complex,", Chennai"
12.8512155,80.2295694,Unnamed Apartment,Apartment Complex,", Chennai"
12.8999133,80.2263229,Unnamed Apartment,Apartment Complex,", Chennai"
12.8998522,80.2267781,Unnamed Apartment,Apartment Complex,", Chennai"
12.8998093,80.2272064,Appaswamy Greensville,Residential Apartment,", Chennai"
12.8462509,80.2412154,Unnamed Apartment,Apartment Complex,", Chennai"
12.8465806,80.2420566,Unnamed Apartment,Apartment Complex,", Chennai"
12.8486348,80.2376543,Unnamed Apartment,Apartment Complex,", Chennai"
12.8475505,80.2378468,Unnamed Apartment,Apartment Complex,", Chennai"
12.8483092,80.2414325,Unnamed Apartment,Apartment Complex,", Chennai"
12.808095,80.2271749,Unnamed Apartment,Apartment Complex,", Chennai"
12.8077453,80.2271357,Unnamed Apartment,Apartment Complex,", Chennai"
12.80776,80.2276785,Unnamed Apartment,Apartment Complex,", Chennai"
12.8077445,80.2280264,Unnamed Apartment,Apartment Complex,", Chennai"
12.8076944,80.2283888,Unnamed Apartment,Apartment Complex,", Chennai"
12.9145935,80.1434662,Brickverse,Residential Apartment,"Indira Nagar, Chennai"
12.976045,80.2645012,Unnamed Apartment,Apartment Complex,", Chennai"
12.9634989,80.2460951,Unnamed Apartment,Apartment Complex,", Chennai"
13.0576776,80.2502681,Unnamed Apartment,Apartment Complex,", Chennai"
13.0688039,80.2761451,MLA's Hostel,Residential Apartment,", Chennai"
12.9709782,80.1883504,Nithya Grandeur,Residential Apartment,"Kannan Nagar 3rd Main Road, Nangnallur"
12.8958806,80.2204021,Unnamed Apartment,Apartment Complex,", Chennai"
13.0181084,80.2757599,Unnamed Apartment,Apartment Complex,", Chennai"
13.0172948,80.2770746,Unnamed Apartment,Apartment Complex,", Chennai"
13.017441,80.2771447,Unnamed Apartment,Apartment Complex,", Chennai"
13.1658286,80.2100035,Unnamed Apartment,Apartment Complex,", Chennai"
13.1658464,80.2099894,SND Signature,Residential Apartment,", Chennai"
13.1687812,80.2147266,Unnamed Apartment,Apartment Complex,", Chennai"
13.0832675,80.1773898,Unnamed Apartment,Apartment Complex,", Chennai"
13.0832719,80.1774963,Unnamed Apartment,Apartment Complex,", Chennai"
13.1119951,80.1313369,Tamilnadu Housing Board Road,Housing Colony,", Chennai"
13.1168802,80.128744,Tamilnadu Housing Board Road,Housing Colony,", Chennai"
13.0540335,80.1209667,Radiance Royale - Club House,Residential Apartment,"Poonamalle Bypass Road, Chennai"
13.0314335,80.250439,Unnamed Apartment,Apartment Complex,", Chennai"
12.996218,80.1946877,Appaswamy Banyan House Block 2A & 2B,Residential Apartment,", Chennai"
12.9955954,80.19471,Appaswamy Banyan House Block 3A & 3B,Residential Apartment,", Chennai"
12.9951741,80.1947079,Appaswamy Banyan House Block 4,Residential Apartment,", Chennai"
12.995783,80.194743,Appaswamy Banyan House,Residential Apartment,", Chennai"
12.92712,80.1418685,Rainbow End Apartments,Apartment Complex,"Sekar Avenue,Dhanalakshmi street first cross, Selaiyur/ Chilapakkam, Chennai"
12.9265897,80.1418665,Rainbow End Apartments,Apartment Complex,"Sekar Avenue,Dhanalakshmi street first cross, Selaiyur/ Chilapakkam, Chennai"
13.0358135,80.2449945,Unnamed Apartment,Apartment Complex,", Chennai"
13.036014,80.2450167,Unnamed Apartment,Apartment Complex,", Chennai"
13.0362464,80.2450546,Unnamed Apartment,Apartment Complex,", Chennai"
13.0360474,80.2448226,Unnamed Apartment,Apartment Complex,", Chennai"
13.055904,80.1046905,Golden Opulence,Residential Apartment,", Chennai"
13.055224,80.1046282,Tower 3,Residential Apartment,", Chennai"
13.055244,80.1043346,Tower 4,Residential Apartment,", Chennai"
13.0556463,80.1052423,Tower 7,Residential Apartment,", Chennai"
13.0555063,80.1044995,Tower 2,Residential Apartment,", Chennai"
13.0553794,80.1039854,Tower 5,Residential Apartment,", Chennai"
13.0560087,80.1040423,Tower 6,Residential Apartment,", Chennai"
13.0558098,80.1045033,Tower 1,Residential Apartment,", Chennai"
13.0904628,80.1120116,Kendriya Vihar,Residential Apartment,", Chennai"
13.0804436,80.1124851,RMK Chola Garden,Residential Apartment,", Chennai"
12.9809835,80.138794,Gee Ge Gem,Residential Apartment,", Chennai"
12.9810128,80.1386806,Gee Ge Crystal,Residential Apartment,", Chennai"
12.9810431,80.1385675,Gee Ge Platina,Residential Apartment,", Chennai"
13.0781251,80.2561412,Unnamed Apartment,Apartment Complex,", Chennai"
13.1006539,80.2850363,Raj Residence,Residency,", Chennai"
13.1006378,80.2828468,Unnamed Apartment,Apartment Complex,", Chennai"
13.0196062,80.188024,Padmini Gardens,Residential Apartment,", Chennai"
13.0742213,80.2122421,Unnamed Apartment,Apartment Complex,", Chennai"
12.9678994,80.2362519,Unnamed Apartment,Apartment Complex,", Chennai"
12.9679359,80.2364952,Unnamed Apartment,Apartment Complex,", Chennai"
13.0572396,80.2350497,Unnamed Apartment,Apartment Complex,", Chennai"
12.9647098,80.1586474,"Block 1, Jains Green Acres",Residential Apartment,"Darga Road, Chennai"
12.954239,80.2051286,Value Asset Properties,Residential Apartment,", Chennai"
13.0069069,80.2204842,Unnamed Apartment,Apartment Complex,", Chennai"
12.8874026,80.2335925,tnhb,Residential Apartment,", Chennai"
13.0893102,80.2444328,Rajendra Apartments,Apartment Complex,", Chennai"
13.0888145,80.2442759,Triveni Apartments,Apartment Complex,", Chennai"
13.0207913,80.1812877,Bhatia Gardens,Residential Apartment,", Chennai"
12.8457705,80.2298651,ESA Genista,Residential Apartment,", Chennai"
13.0632308,80.2447552,Railway Officers Enclave,Residential Apartment,", Chennai"
12.9756856,80.2081963,DRA Tuxedo,Residential Apartment,"Inner Ring Road, Chennai"
12.975683,80.2084109,DRA Tuxedo,Residential Apartment,"Inner Ring Road, Chennai"
12.9756517,80.2086644,DRA Tuxedo,Residential Apartment,"Inner Ring Road, Chennai"
12.9134578,80.1732892,Green Homes Phase - II,Residential Apartment,", Chennai"
13.0502175,80.2613719,Unnamed Apartment,Apartment Complex,", Chennai"
13.1248399,80.20051,Nandavanam apartments,Apartment Complex,", Chennai"
13.0924724,80.1989845,Landmark Geethanjali,Residential Apartment,", Chennai"
13.1266712,80.2003736,Kumaran nagar,Residential Apartment,", Chennai"
13.1282738,80.2003941,Devi nagar,Residential Apartment,", Chennai"
13.1295783,80.2028583,Teachers colony,Housing Colony,", Chennai"
13.1279177,80.2002438,Iyappa nagar,Residential Apartment,", Chennai"
13.1249411,80.2002327,Unnamed Apartment,Apartment Complex,", Chennai"
13.1262474,80.1932114,Alliance orchid springs,Residential Apartment,", Chennai"
13.1491021,80.1963773,INTUC nagar,Residential Apartment,", Chennai"
13.1235148,80.2003587,Ranga Garden,Residential Apartment,", Chennai"
13.127857,80.198628,Lakshmi Nagar,Residential Apartment,", Chennai"
13.1258713,80.1998369,Vijay Nagar,Residential Apartment,", Chennai"
13.125069,80.2029881,Mohammed Husain Colony,Housing Colony,", Chennai"
13.1267548,80.2038759,Jayanthi Nagar,Residential Apartment,", Chennai"
13.1302113,80.1997652,Santhosh Nagar,Residential Apartment,", Chennai"
12.9303337,80.1886487,Isha yara,Residential Apartment,", Chennai"
12.9307049,80.1903914,Whitefield mudra,Residential Apartment,", Chennai"
13.1558664,80.1948742,Lake Side,Residential Apartment,", Chennai"
13.1427284,80.1991018,Padmavathi Nagar,Residential Apartment,", Chennai"
12.9557686,80.1411157,Guruji institute,Residential Apartment,"East street, RBI colony, Chennai"
12.8290219,80.2003557,Barcelona,Residential Apartment,", Chennai"
12.8287539,80.1993463,Flamenco,Residential Apartment,", Chennai"
13.0246845,80.2048001,Unnamed Apartment,Apartment Complex,", Chennai"
12.8361242,80.1262966,UniHomes 1,Residential Apartment,"UniHomes 1, UniWorld City, Nallambakkam, Chennai"
12.8359746,80.1290173,Unihomes 2,Residential Apartment,"UniHomes 2, UniWorld City, Nallambakkam, Chennai"
12.9870598,80.1727587,Unnamed Apartment,Apartment Complex,", Chennai"
12.8492707,80.148331,Thangamayilagam,Residential Apartment,"Thanigai Nagar Phase VII Main Road, Melakottaiyur"
13.2200358,80.2516026,Unnamed Apartment,Apartment Complex,", Chennai"
13.2188615,80.251422,Unnamed Apartment,Apartment Complex,", Chennai"
13.2198435,80.2514685,Unnamed Apartment,Apartment Complex,", Chennai"
13.2205528,80.2512587,Unnamed Apartment,Apartment Complex,", Chennai"
13.2205003,80.2514954,Unnamed Apartment,Apartment Complex,", Chennai"
13.219963,80.2500424,Unnamed Apartment,Apartment Complex,", Chennai"
13.2199338,80.2505086,Unnamed Apartment,Apartment Complex,", Chennai"
13.134105,80.2006928,Sriram nagar,Residential Apartment,", Chennai"
12.9899006,80.2650953,Bayview Apartments,Apartment Complex,"Parvathi Street, Besant Nagar, Chennai"
12.9781116,80.2171879,Unnamed Apartment,Apartment Complex,", Chennai"
12.9739541,80.2213737,SPIC NAGAR - Velachery,Residential Apartment,", Chennai"
13.0830784,80.253887,Sarada nivas,Residential Apartment,", Chennai"
13.0150909,80.1560867,Opulence Villa,Residential Apartment,", Chennai"
13.0136369,80.1561431,Sri Aadhi Nivas,Residential Apartment,", Chennai"
13.0132427,80.1557981,Nandhavanam,Residential Apartment,", Chennai"
13.0128517,80.1557039,Sreshta Fairways,Residential Apartment,", Chennai"
13.0137624,80.1564978,J.B Rescidency,Residential Apartment,", Chennai"
13.0146246,80.1557647,Sri Kalki Illam,Residential Apartment,", Chennai"
13.015101,80.1572127,"Tulsi Apartments, Gk Nagar",Apartment Complex,", Chennai"
13.0134292,80.1563398,Unnamed Apartment,Apartment Complex,", Chennai"
13.0133961,80.1565186,Unnamed Apartment,Apartment Complex,", Chennai"
13.0139795,80.1558412,Unnamed Apartment,Apartment Complex,", Chennai"
13.0133823,80.1557807,Unnamed Apartment,Apartment Complex,", Chennai"
13.0146106,80.1553406,Unnamed Apartment,Apartment Complex,", Chennai"
13.0146962,80.155519,Unnamed Apartment,Apartment Complex,", Chennai"
13.0131019,80.1618225,TVS Emerald Peninsula,Residential Apartment,", Chennai"
12.8413694,80.2074526,KGEH,Residential Apartment,", Chennai"
12.8413416,80.2076986,KGEH,Residential Apartment,", Chennai"
12.8413021,80.2079364,KGEH,Residential Apartment,", Chennai"
12.8412643,80.2081722,KGEH,Residential Apartment,", Chennai"
12.8412366,80.2084304,KGEH,Residential Apartment,", Chennai"
12.8417916,80.2074892,KGEH,Residential Apartment,", Chennai"
12.8417638,80.2077291,KGEH,Residential Apartment,", Chennai"
12.8417459,80.2079811,KGEH,Residential Apartment,", Chennai"
12.8417301,80.208219,KGEH,Residential Apartment,", Chennai"
12.8417103,80.2084568,KGEH,Residential Apartment,", Chennai"
13.1987002,80.1422591,Unnamed Apartment,Apartment Complex,", Chennai"
12.9484856,80.2390242,Unnamed Apartment,Apartment Complex,", Chennai"
12.9560742,80.2391194,The Ace,Residential Apartment,", Chennai"
12.9606988,80.2322846,Unnamed Apartment,Apartment Complex,", Chennai"
12.9679778,80.2363113,Unnamed Apartment,Apartment Complex,", Chennai"
12.9370761,80.2057985,Unnamed Apartment,Apartment Complex,", Chennai"
12.9413469,80.2143831,Unnamed Apartment,Apartment Complex,", Chennai"
12.9406541,80.2122103,Unnamed Apartment,Apartment Complex,", Chennai"
12.9427439,80.2114029,Unnamed Apartment,Apartment Complex,", Chennai"
12.9420352,80.2112982,Unnamed Apartment,Apartment Complex,", Chennai"
12.942484,80.2092491,Unnamed Apartment,Apartment Complex,", Chennai"
12.9423291,80.2100142,Unnamed Apartment,Apartment Complex,", Chennai"
12.942548,80.2106975,Unnamed Apartment,Apartment Complex,", Chennai"
12.9449613,80.2157431,Unnamed Apartment,Apartment Complex,", Chennai"
12.9420853,80.2143332,Unnamed Apartment,Apartment Complex,", Chennai"
12.9428712,80.2143634,Unnamed Apartment,Apartment Complex,", Chennai"
12.9335097,80.2177933,Unnamed Apartment,Apartment Complex,", Chennai"
12.9421481,80.2070283,Unnamed Apartment,Apartment Complex,", Chennai"
12.9419494,80.2136057,Unnamed Apartment,Apartment Complex,", Chennai"
12.9422246,80.2131323,Unnamed Apartment,Apartment Complex,", Chennai"
12.94235,80.212577,Unnamed Apartment,Apartment Complex,", Chennai"
12.942531,80.2120802,Unnamed Apartment,Apartment Complex,", Chennai"
12.941266,80.2008468,Unnamed Apartment,Apartment Complex,", Chennai"
12.9404405,80.1984163,Unnamed Apartment,Apartment Complex,", Chennai"
12.9421866,80.2004119,Unnamed Apartment,Apartment Complex,", Chennai"
12.9446569,80.2319438,Unnamed Apartment,Apartment Complex,", Chennai"
12.9479264,80.2037459,Sarvam,Residential Apartment,", Chennai"
12.9475709,80.2055363,Ramaniyam Ocean Dew,Residential Apartment,", Chennai"
12.9427748,80.2149501,Unnamed Apartment,Apartment Complex,", Chennai"
12.9405444,80.2127641,Unnamed Apartment,Apartment Complex,", Chennai"
12.9477883,80.2044647,Unnamed Apartment,Apartment Complex,", Chennai"
12.9467899,80.2079826,Unnamed Apartment,Apartment Complex,", Chennai"
12.942203,80.2075959,Unnamed Apartment,Apartment Complex,", Chennai"
12.9420873,80.2080881,Unnamed Apartment,Apartment Complex,", Chennai"
12.9420115,80.2086027,Unnamed Apartment,Apartment Complex,", Chennai"
12.9417984,80.2095552,Unnamed Apartment,Apartment Complex,", Chennai"
12.9426918,80.2086403,Unnamed Apartment,Apartment Complex,", Chennai"
13.036509,80.2794703,Unnamed Apartment,Apartment Complex,", Chennai"
13.0364645,80.2794705,Unnamed Apartment,Apartment Complex,", Chennai"
13.0364178,80.2794608,Unnamed Apartment,Apartment Complex,", Chennai"
13.0363755,80.2794574,Unnamed Apartment,Apartment Complex,", Chennai"
13.0778609,80.2144995,Sri Ram Flats,Apartment Complex,", Chennai"
12.9521986,80.2361959,Unnamed Apartment,Apartment Complex,", Chennai"
12.9517912,80.2361188,Unnamed Apartment,Apartment Complex,", Chennai"
12.9555765,80.2385978,Landmark Tiara,Residential Apartment,", Chennai"
12.9544359,80.2394434,Unnamed Apartment,Apartment Complex,", Chennai"
12.9520088,80.2399571,Unnamed Apartment,Apartment Complex,", Chennai"
12.9518851,80.2403701,Unnamed Apartment,Apartment Complex,", Chennai"
12.953257,80.2328801,Unnamed Apartment,Apartment Complex,", Chennai"
12.953486,80.2357238,Unnamed Apartment,Apartment Complex,", Chennai"
12.9530793,80.2357158,Unnamed Apartment,Apartment Complex,", Chennai"
12.9507933,80.235802,Unnamed Apartment,Apartment Complex,", Chennai"
12.9491681,80.2337895,Plaza Serene Acres,Residential Apartment,", Chennai"
12.9530933,80.2337031,Unnamed Apartment,Apartment Complex,", Chennai"
12.9528515,80.2336998,Unnamed Apartment,Apartment Complex,", Chennai"
12.9517291,80.2354022,Unnamed Apartment,Apartment Complex,", Chennai"
12.9522381,80.2346443,Unnamed Apartment,Apartment Complex,", Chennai"
12.9522508,80.233839,Unnamed Apartment,Apartment Complex,", Chennai"
12.9508587,80.240126,Akshaya Tango,Residential Apartment,", Chennai"
12.9509602,80.237071,Unnamed Apartment,Apartment Complex,", Chennai"
12.9530789,80.2391803,Unnamed Apartment,Apartment Complex,", Chennai"
12.9526642,80.2357185,Unnamed Apartment,Apartment Complex,", Chennai"
12.9530799,80.2343238,Unnamed Apartment,Apartment Complex,", Chennai"
12.9512537,80.2360937,Unnamed Apartment,Apartment Complex,", Chennai"
12.9569145,80.2398322,Unnamed Apartment,Apartment Complex,", Chennai"
12.9504424,80.2372185,Unnamed Apartment,Apartment Complex,", Chennai"
12.9455677,80.2431033,Unnamed Apartment,Apartment Complex,", Chennai"
12.9479272,80.2353993,TVH Park Villa,Residential Apartment,", Chennai"
12.9492305,80.2345302,Unnamed Apartment,Apartment Complex,", Chennai"
12.9491821,80.2349385,Unnamed Apartment,Apartment Complex,", Chennai"
12.9487517,80.2348742,Unnamed Apartment,Apartment Complex,", Chennai"
12.9470494,80.2429176,Unnamed Apartment,Apartment Complex,", Chennai"
12.9475288,80.2423878,Unnamed Apartment,Apartment Complex,", Chennai"
12.9473559,80.2435478,Unnamed Apartment,Apartment Complex,", Chennai"
12.9480979,80.2424696,Unnamed Apartment,Apartment Complex,", Chennai"
12.9480323,80.2428512,Unnamed Apartment,Apartment Complex,", Chennai"
12.9481159,80.2437125,Unnamed Apartment,Apartment Complex,", Chennai"
12.947749,80.2436397,Unnamed Apartment,Apartment Complex,", Chennai"
12.9474632,80.2456217,Unnamed Apartment,Apartment Complex,", Chennai"
12.9478699,80.2452568,Unnamed Apartment,Apartment Complex,", Chennai"
12.9475706,80.2448534,Unnamed Apartment,Apartment Complex,", Chennai"
12.9477964,80.244439,Unnamed Apartment,Apartment Complex,", Chennai"
12.9469674,80.2463437,Unnamed Apartment,Apartment Complex,", Chennai"
12.947165,80.2449208,Unnamed Apartment,Apartment Complex,", Chennai"
12.9467625,80.244852,Unnamed Apartment,Apartment Complex,", Chennai"
12.9465406,80.2463819,Unnamed Apartment,Apartment Complex,", Chennai"
12.8965401,80.2205935,Unnamed Apartment,Apartment Complex,", Chennai"
12.8944279,80.2221553,Unnamed Apartment,Apartment Complex,", Chennai"
12.8907345,80.2194496,Unnamed Apartment,Apartment Complex,", Chennai"
12.8891281,80.2205745,Unnamed Apartment,Apartment Complex,", Chennai"
12.8935896,80.2161307,Unnamed Apartment,Apartment Complex,", Chennai"
12.9495263,80.2329041,Unnamed Apartment,Apartment Complex,", Chennai"
12.9489034,80.2362988,Unnamed Apartment,Apartment Complex,", Chennai"
12.9489521,80.2359032,Unnamed Apartment,Apartment Complex,", Chennai"
12.9490462,80.2354949,Unnamed Apartment,Apartment Complex,", Chennai"
12.9488072,80.2354491,Unnamed Apartment,Apartment Complex,", Chennai"
12.9573657,80.2393273,Unnamed Apartment,Apartment Complex,", Chennai"
12.9580261,80.2383692,Unnamed Apartment,Apartment Complex,", Chennai"
12.9569139,80.2384771,Unnamed Apartment,Apartment Complex,", Chennai"
12.9506533,80.2430179,Unnamed Apartment,Apartment Complex,", Chennai"
12.9498392,80.2446053,Unnamed Apartment,Apartment Complex,", Chennai"
12.9501888,80.2446898,Unnamed Apartment,Apartment Complex,", Chennai"
12.9464371,80.2561087,Unnamed Apartment,Apartment Complex,", Chennai"
12.9468553,80.2564956,Unnamed Apartment,Apartment Complex,", Chennai"
12.9506202,80.2577649,Unnamed Apartment,Apartment Complex,", Chennai"
12.9514553,80.2562441,Unnamed Apartment,Apartment Complex,", Chennai"
12.9508247,80.2561525,Unnamed Apartment,Apartment Complex,", Chennai"
12.9501476,80.2573512,Unnamed Apartment,Apartment Complex,", Chennai"
12.9496032,80.2570762,Unnamed Apartment,Apartment Complex,", Chennai"
12.9491373,80.2569877,Unnamed Apartment,Apartment Complex,", Chennai"
12.948689,80.2569146,Unnamed Apartment,Apartment Complex,", Chennai"
12.9482767,80.2568255,Unnamed Apartment,Apartment Complex,", Chennai"
12.9478212,80.2567169,Unnamed Apartment,Apartment Complex,", Chennai"
12.9512657,80.2613081,Unnamed Apartment,Apartment Complex,", Chennai"
12.9493811,80.2588981,Unnamed Apartment,Apartment Complex,", Chennai"
12.9484486,80.2583738,Unnamed Apartment,Apartment Complex,", Chennai"
12.9458261,80.2562937,Unnamed Apartment,Apartment Complex,", Chennai"
12.9452392,80.2559054,Unnamed Apartment,Apartment Complex,", Chennai"
12.9467615,80.2547675,Unnamed Apartment,Apartment Complex,", Chennai"
12.9462583,80.2552839,Unnamed Apartment,Apartment Complex,", Chennai"
12.9472336,80.2554046,Unnamed Apartment,Apartment Complex,", Chennai"
12.9473304,80.2566015,Unnamed Apartment,Apartment Complex,", Chennai"
12.940843,80.2545614,Unnamed Apartment,Apartment Complex,", Chennai"
12.9408038,80.2553922,Unnamed Apartment,Apartment Complex,", Chennai"
12.9422709,80.2571325,Unnamed Apartment,Apartment Complex,", Chennai"
12.9417481,80.2576066,Unnamed Apartment,Apartment Complex,", Chennai"
12.9418529,80.2568275,Unnamed Apartment,Apartment Complex,", Chennai"
12.9418997,80.2560691,Unnamed Apartment,Apartment Complex,", Chennai"
12.9425031,80.2547898,Unnamed Apartment,Apartment Complex,", Chennai"
12.9420244,80.254707,Unnamed Apartment,Apartment Complex,", Chennai"
13.0936191,80.1477177,Unnamed Apartment,Apartment Complex,", Chennai"
13.0936915,80.1474117,Unnamed Apartment,Apartment Complex,", Chennai"
13.0937395,80.1472031,Unnamed Apartment,Apartment Complex,", Chennai"
13.0937859,80.147054,Unnamed Apartment,Apartment Complex,", Chennai"
13.0938287,80.1469079,Unnamed Apartment,Apartment Complex,", Chennai"
12.8737046,80.2438508,Unnamed Apartment,Apartment Complex,", Chennai"
12.8979166,80.2003104,Unnamed Apartment,Apartment Complex,", Chennai"
12.8944314,80.2013048,Unnamed Apartment,Apartment Complex,", Chennai"
12.8830752,80.2010174,Unnamed Apartment,Apartment Complex,", Chennai"
12.8671289,80.2077533,Unnamed Apartment,Apartment Complex,", Chennai"
12.8464887,80.2379629,Unnamed Apartment,Apartment Complex,", Chennai"
12.8498019,80.2373654,Unnamed Apartment,Apartment Complex,", Chennai"
12.848146,80.2376879,Unnamed Apartment,Apartment Complex,", Chennai"
13.0586774,80.1465669,Urban Tree Fantastic,Residential Apartment,", Chennai"
13.0605706,80.1490506,Prestige Windsor Park,Residential Apartment,", Chennai"
13.2531852,80.2771317,Unnamed Apartment,Apartment Complex,", Chennai"
13.253148,80.2774781,Unnamed Apartment,Apartment Complex,", Chennai"
13.2537095,80.277179,Unnamed Apartment,Apartment Complex,", Chennai"
13.2536699,80.2775365,Unnamed Apartment,Apartment Complex,", Chennai"
13.2536389,80.2778744,Unnamed Apartment,Apartment Complex,", Chennai"
13.2538638,80.2772008,Unnamed Apartment,Apartment Complex,", Chennai"
13.2538267,80.2775471,Unnamed Apartment,Apartment Complex,", Chennai"
13.2533358,80.2771507,Unnamed Apartment,Apartment Complex,", Chennai"
13.2533064,80.2774993,Unnamed Apartment,Apartment Complex,", Chennai"
13.253272,80.2778373,Unnamed Apartment,Apartment Complex,", Chennai"
12.8600714,80.2104109,Unnamed Apartment,Apartment Complex,", Chennai"
12.8593968,80.2101629,Unnamed Apartment,Apartment Complex,", Chennai"
12.8593625,80.2106029,Unnamed Apartment,Apartment Complex,", Chennai"
12.8592576,80.2103758,Unnamed Apartment,Apartment Complex,", Chennai"
12.8594022,80.2100372,Unnamed Apartment,Apartment Complex,", Chennai"
12.8593924,80.2102234,Unnamed Apartment,Apartment Complex,", Chennai"
12.8589718,80.2100223,Unnamed Apartment,Apartment Complex,", Chennai"
12.858924,80.2109449,Unnamed Apartment,Apartment Complex,", Chennai"
12.9019766,80.1682188,RUBY ROYAL PARK,Residential Apartment,"Bajanai Koil Street, Vengaivasal"
13.0767899,80.1620731,Unnamed Apartment,Apartment Complex,", Chennai"
13.1745932,80.2929774,TNUDB Kargil Nagar Flats - Block A,Apartment Complex,", Chennai"
13.174257,80.292965,TNUDB Kargil Nagar Flats - Block B,Apartment Complex,", Chennai"
13.1738272,80.2927459,TNUDB Kargil Nagar Flats - Block C,Apartment Complex,", Chennai"
13.1734187,80.2927138,TNUDB Kargil Nagar Flats - Block D,Apartment Complex,", Chennai"
13.0705545,80.1597821,KG Signature City,Residential Apartment,", Chennai"
13.0449629,80.2648018,Arti Arcade,Residential Apartment,", Chennai"
12.9227039,80.1577934,Akila Heights,Residential Apartment,", Chennai"
13.0288776,80.1690005,Akme Park,Residential Apartment,", Chennai"
12.9550605,80.16471,Alliance Galeria,Residential Apartment,", Chennai"
12.9658728,80.107893,Unnamed Apartment,Apartment Complex,", Chennai"
13.0129535,80.1428119,Ananya Apartment,Apartment Complex,", Chennai"
12.8593894,80.2102397,Unnamed Apartment,Apartment Complex,", Chennai"
13.1018579,80.1552344,Unnamed Apartment,Apartment Complex,", Chennai"
12.8802426,80.184315,Antony Pebbels,Residential Apartment,", Chennai"
13.0899235,80.2450994,Unnamed Apartment,Apartment Complex,", Chennai"
13.024663,80.2048055,Trrents,Residential Apartment,", Chennai"
12.9208176,80.2007178,Unnamed Apartment,Apartment Complex,", Chennai"
13.0809543,80.2559138,Unnamed Apartment,Apartment Complex,", Chennai"
13.0779475,80.1864132,Begonia Apartments,Apartment Complex,", Chennai"
13.0131053,80.2458425,Unnamed Apartment,Apartment Complex,", Chennai"
12.8424501,80.2167375,Casagrand Grandio,Residential Apartment,", Chennai"
13.0516611,80.2559543,Durgamba Apartments,Apartment Complex,", Chennai"
13.1291331,80.2887602,Emaar Grace Apartments,Apartment Complex,", Chennai"
12.9364215,80.1239177,Ganesh Apartments,Apartment Complex,", Chennai"
13.0216618,80.2142729,Vasanth Apartments,Apartment Complex,", Chennai"
13.0803971,80.2582971,Kent Apartments,Apartment Complex,", Chennai"
13.0118031,80.1590021,MB Apartment,Apartment Complex,", Chennai"
13.0596815,80.1227509,Muktha Triveni Apartments,Apartment Complex,", Chennai"
12.9290687,80.203328,Natwest Vijay,Residential Apartment,", Chennai"
13.1148444,80.1560379,Pragathi Nagar Apartments,Apartment Complex,", Chennai"
13.1149436,80.169999,Chandara Flats,Apartment Complex,", Chennai"
12.9629664,80.1576333,Chitra Township,Residential Apartment,", Chennai"
13.0754929,80.1655177,DABC Aishwarayam,Residential Apartment,", Chennai"
13.0763923,80.185205,Sri Mahalakshmi Malika Doshi Housing Ltd.,Housing Colony,", Chennai"
13.0655598,80.2293003,Elegant house,Residential Apartment,", Chennai"
13.0451966,80.1200669,Jasmine Court,Residential Apartment,", Chennai"
12.964063,80.125275,Eternia Apartments,Apartment Complex,", Chennai"
12.877317,80.2079278,Tamil Nadu Slum Clearance Board,Residential Apartment,", Chennai"
12.9432346,80.197198,Ganesh Apartments,Apartment Complex,", Chennai"
12.8077312,80.2277095,Godrej Azure,Residential Apartment,", Chennai"
12.95856,80.1282229,avantika,Residential Apartment,", Chennai"
13.0214339,80.1851099,Fairmont Gardens,Residential Apartment,", Chennai"
12.9524044,80.1626903,Featherlite the address,Residential Apartment,", Chennai"
12.9637944,80.1524946,Jains Apoorva,Residential Apartment,", Chennai"
13.0126804,80.1304353,J S Towers,Residential Apartment,", Chennai"
12.9318188,80.1001141,LML Prakrithi,Residential Apartment,", Chennai"
13.0368503,80.166485,Magnolia Apartments,Apartment Complex,", Chennai"
13.0303915,80.2589647,Mahalakshmi Apartments,Apartment Complex,", Chennai"
12.9975118,80.2082315,Mahalakshmi Apartments,Apartment Complex,", Chennai"
13.076,80.1894989,Yuga Kalpataru Apartment,Apartment Complex,", Chennai"
13.0450684,80.1815227,Shanthi Sagar Apartment,Apartment Complex,", Chennai"
13.0739375,80.175005,VGN Zodiac Ville,Residential Apartment,", Chennai"
13.0670867,80.1411529,VGN Imperia,Residential Apartment,", Chennai"
13.0744923,80.176157,VGN Ferndale,Residential Apartment,", Chennai"
12.9000245,80.2293637,Vaikund Govardhan Apartments,Apartment Complex,", Chennai"
13.0834669,80.2614574,Vaibhav Apartments,Apartment Complex,", Chennai"
13.0280608,80.2459293,Unnamed Apartment,Apartment Complex,", Chennai"
12.999417,80.2679623,Central Government Officer's Quarters,Residential Apartment,", Chennai"
13.0936856,80.1473533,TNHB New housing board,Housing Colony,", Chennai"
13.0863741,80.1975127,Unnamed Apartment,Apartment Complex,", Chennai"
13.0909551,80.2432162,Sudharma,Residential Apartment,", Chennai"
12.9893959,80.2605499,Sri Mayura Flats,Apartment Complex,", Chennai"
12.9500947,80.1926959,Sobha Winchester,Residential Apartment,", Chennai"
13.0166959,80.1712729,Sri Sai Anugraha Apartments,Apartment Complex,", Chennai"
13.034792,80.1549352,Inn34,Residential Apartment,", Chennai"
13.0199371,80.2468892,Kottur Villa,Residential Apartment,", Chennai"
13.0617007,80.2278149,Lakshmi Apartments,Apartment Complex,", Chennai"
13.039257,80.1660074,Maan Sarovar Raaja,Residential Apartment,", Chennai"
13.0483813,80.2284961,Mayura Apartment,Apartment Complex,", Chennai"
13.0319433,80.2082143,MIG Flats,Apartment Complex,", Chennai"
12.951151,80.1372407,Selvam Flats,Apartment Complex,", Chennai"
13.0875531,80.109571,Santha Towers,Residential Apartment,", Chennai"
13.0152429,80.1705149,Sai Homes,Residential Apartment,", Chennai"
13.077604,80.1481653,S & P Living Spaces,Residential Apartment,", Chennai"
13.15044,80.2394902,RC Little Wings,Residential Apartment,", Chennai"
12.839146,80.2213338,Shri Ram Priya Avenue,Residential Apartment,", Chennai"
12.9281189,80.1941068,Rajparis Harmony,Residential Apartment,", Chennai"
13.0768119,80.1906389,Rail Nagar Complex,Residential Apartment,", Chennai"
13.0633483,80.1524867,Radhe Shyam Apartment,Apartment Complex,", Chennai"
12.9962792,80.2134603,Race View Apartments,Apartment Complex,", Chennai"
12.9608058,80.1483757,Raahat Gardens,Residential Apartment,", Chennai"
13.0703942,80.2251481,Nelson Court,Residential Apartment,", Chennai"
12.9746386,80.263588,Mullai Apartments,Apartment Complex,", Chennai"
13.1066075,80.2957444,Muffadal Park,Residential Apartment,", Chennai"
13.0143373,80.1925109,Mount View Apartment,Apartment Complex,", Chennai"
13.000284,80.2623679,Cypress Hall Apartments,Apartment Complex,", Chennai"
13.0373888,80.2064886,CPWD Staff Quarters,Residential Apartment,", Chennai"
13.1288097,80.2899146,Grihalakshmi Apartments,Apartment Complex,", Chennai"
13.0719525,80.1758799,Kgeyes Apoorva,Residential Apartment,", Chennai"
13.0511814,80.2131004,Parsan Karthik Apartments,Apartment Complex,", Chennai"
13.0733621,80.1854848,Prosperous Sunrise Apartments,Apartment Complex,", Chennai"
13.0186407,80.1830795,Narmada Residency,Residency,", Chennai"
13.0355824,80.1898158,Prakash Homes Galaxy Apartment,Apartment Complex,", Chennai"
13.0873889,80.2132662,Tower Park Residency,Residency,", Chennai"
13.1657228,80.2955235,Unnamed Apartment,Apartment Complex,", Chennai"
13.1645534,80.2959558,Unnamed Apartment,Apartment Complex,", Chennai"
13.1645427,80.2963357,Unnamed Apartment,Apartment Complex,", Chennai"
13.1649286,80.2959475,Unnamed Apartment,Apartment Complex,", Chennai"
13.1649366,80.2956019,Unnamed Apartment,Apartment Complex,", Chennai"
13.1649426,80.2952502,Unnamed Apartment,Apartment Complex,", Chennai"
13.1645645,80.2955856,Unnamed Apartment,Apartment Complex,", Chennai"
13.1645743,80.2952178,Unnamed Apartment,Apartment Complex,", Chennai"
13.1645862,80.2948295,Unnamed Apartment,Apartment Complex,", Chennai"
13.1649525,80.2949108,Unnamed Apartment,Apartment Complex,", Chennai"
13.1647109,80.2953922,Unnamed Apartment,Apartment Complex,", Chennai"
12.8854365,80.2026662,Bollineni Hillside,Residential Apartment,", Chennai"
13.1289581,80.2874006,Esplanade Apartment,Apartment Complex,", Chennai"
13.0563719,80.208175,Grahalaya's Kirtana,Residential Apartment,", Chennai"
13.0563717,80.2082861,Grahalaya's Kanwal,Residential Apartment,", Chennai"
13.056363,80.2084331,Grahalaya's Kanak,Residential Apartment,", Chennai"
13.0910371,80.1913593,Jeevan Bhima Nagar,Residential Apartment,", Chennai"
13.0295805,80.2311015,Tamil Nadu Housing Board - Head Office,Housing Colony,", Chennai"
12.9604095,80.1886609,Unnamed Apartment,Apartment Complex,", Chennai"
13.0803759,80.2678225,Unnamed Apartment,Apartment Complex,", Chennai"
13.0426635,80.1806025,Purva Jade,Residential Apartment,", Chennai"
12.9840681,80.2235041,Unnamed Apartment,Apartment Complex,", Chennai"
12.9815251,80.2219828,Ceebros Orchid,Residential Apartment,", Chennai"
13.0522588,80.246625,Al Hafiz Residency,Residency,", Chennai"
12.9749918,80.1919698,Rajparis Manasarovar,Residential Apartment,", Chennai"
13.07808,80.1646928,VGN La Parisienne,Residential Apartment,", Chennai"
13.0708916,80.1628728,Unnamed Apartment,Apartment Complex,", Chennai"
13.0713423,80.1628323,Unnamed Apartment,Apartment Complex,", Chennai"
12.9887474,80.221552,Unnamed Apartment,Apartment Complex,", Chennai"
13.0524895,80.2290773,Ram's Apartments,Apartment Complex,", Chennai"
12.9787674,80.2204512,Urbanville Complex,Residential Apartment,", Chennai"
13.0577675,80.2345065,BrownStone Apartments,Apartment Complex,", Chennai"
13.0770621,80.1753284,Unnamed Apartment,Apartment Complex,", Chennai"
13.0773904,80.1749308,Unnamed Apartment,Apartment Complex,", Chennai"
13.0766226,80.175797,Unnamed Apartment,Apartment Complex,", Chennai"
13.0762445,80.1762345,Unnamed Apartment,Apartment Complex,", Chennai"
13.0758786,80.1766664,Unnamed Apartment,Apartment Complex,", Chennai"
12.9580181,80.1424971,Unnamed Apartment,Apartment Complex,", Chennai"
12.9971042,80.2061954,Shantiniketan Apartments,Apartment Complex,", Chennai"
12.978931,80.2184492,Unnamed Apartment,Apartment Complex,", Chennai"
13.0766128,80.2107817,Unnamed Apartment,Apartment Complex,", Chennai"
13.0674416,80.2421777,Garden City Apartments,Apartment Complex,", Chennai"
13.08581,80.1673206,Unnamed Apartment,Apartment Complex,", Chennai"
13.0708032,80.1690752,Unnamed Apartment,Apartment Complex,", Chennai"
13.0724573,80.1677038,Unnamed Apartment,Apartment Complex,", Chennai"
13.0729041,80.1674821,Unnamed Apartment,Apartment Complex,", Chennai"
13.0726638,80.168268,Unnamed Apartment,Apartment Complex,", Chennai"
13.0704394,80.1689008,Unnamed Apartment,Apartment Complex,", Chennai"
13.0712119,80.1690065,Unnamed Apartment,Apartment Complex,", Chennai"
13.0706443,80.1685475,Unnamed Apartment,Apartment Complex,", Chennai"
13.0729939,80.1678894,Unnamed Apartment,Apartment Complex,", Chennai"
13.0718744,80.1682979,Unnamed Apartment,Apartment Complex,", Chennai"
13.0697189,80.1686304,Unnamed Apartment,Apartment Complex,", Chennai"
13.0694551,80.1685994,Unnamed Apartment,Apartment Complex,", Chennai"
13.0696693,80.1680404,Unnamed Apartment,Apartment Complex,", Chennai"
13.0749748,80.1651717,Unnamed Apartment,Apartment Complex,", Chennai"
13.0746774,80.1658084,Unnamed Apartment,Apartment Complex,", Chennai"
12.9762336,80.2622258,Unnamed Apartment,Apartment Complex,", Chennai"
13.077758,80.1473984,Unnamed Apartment,Apartment Complex,", Chennai"
13.0782272,80.1470786,Unnamed Apartment,Apartment Complex,", Chennai"
13.0779661,80.147429,Unnamed Apartment,Apartment Complex,", Chennai"
13.0724958,80.1629814,Unnamed Apartment,Apartment Complex,", Chennai"
13.0749291,80.1617131,Unnamed Apartment,Apartment Complex,", Chennai"
13.0749621,80.1619458,Unnamed Apartment,Apartment Complex,", Chennai"
13.0749197,80.161478,Unnamed Apartment,Apartment Complex,", Chennai"
13.0702926,80.1662831,Unnamed Apartment,Apartment Complex,", Chennai"
13.0753711,80.1617174,Unnamed Apartment,Apartment Complex,", Chennai"
13.0699455,80.1662415,Unnamed Apartment,Apartment Complex,", Chennai"
13.0756927,80.1617106,Unnamed Apartment,Apartment Complex,", Chennai"
13.0752526,80.1623729,Unnamed Apartment,Apartment Complex,", Chennai"
13.0760578,80.1618236,Unnamed Apartment,Apartment Complex,", Chennai"
13.0749664,80.1658396,Unnamed Apartment,Apartment Complex,", Chennai"
13.0701472,80.1671203,Unnamed Apartment,Apartment Complex,", Chennai"
13.0700828,80.1684609,Unnamed Apartment,Apartment Complex,", Chennai"
13.0696107,80.1691922,Unnamed Apartment,Apartment Complex,", Chennai"
13.0711994,80.1686124,Unnamed Apartment,Apartment Complex,", Chennai"
13.0709765,80.1679886,Unnamed Apartment,Apartment Complex,", Chennai"
13.0709179,80.1682612,Unnamed Apartment,Apartment Complex,", Chennai"
13.0704537,80.1594106,D Block,Residential Apartment,", Chennai"
13.066213,80.1530264,Unnamed Apartment,Apartment Complex,", Chennai"
13.0652204,80.1534132,Unnamed Apartment,Apartment Complex,", Chennai"
13.066244,80.1525449,Unnamed Apartment,Apartment Complex,", Chennai"
13.0661985,80.1534591,Unnamed Apartment,Apartment Complex,", Chennai"
13.065908,80.153035,Unnamed Apartment,Apartment Complex,", Chennai"
13.019861,80.180088,Casa XS,Residential Apartment,", Chennai"
12.9841442,80.2230921,Unnamed Apartment,Apartment Complex,", Chennai"
12.9779823,80.2208045,TVH Mahanya,Residential Apartment,"Velachery Main Road, Chennai"
12.8917815,80.1131409,Unnamed Apartment,Apartment Complex,", Chennai"
13.0153065,80.1541789,Unnamed Apartment,Apartment Complex,", Chennai"
12.9776959,80.2459522,Ramaniyam Magnum,Residential Apartment,", Chennai"
13.0781152,80.238015,BOSCO ILLAM Hostel,Residential Apartment,"Taylors Road, சென்னை - Chennai"
13.0357233,80.2795114,Unnamed Apartment,Apartment Complex,", Chennai"
13.0098259,80.159805,Unnamed Apartment,Apartment Complex,", Chennai"
12.8754756,80.2262727,Unnamed Apartment,Apartment Complex,", Chennai"
13.0596585,80.2807626,"Presidency College, Chennai",Residency,", Chennai"
13.0964125,80.260981,Unnamed Apartment,Apartment Complex,", Chennai"
13.0956915,80.260436,Unnamed Apartment,Apartment Complex,", Chennai"
13.0354772,80.2794771,Unnamed Apartment,Apartment Complex,", Chennai"
13.0341801,80.2793317,Unnamed Apartment,Apartment Complex,", Chennai"
13.0339446,80.2792956,Unnamed Apartment,Apartment Complex,", Chennai"
13.0328983,80.2791659,6,Residential Apartment,", Chennai"
13.0326556,80.2791351,5,Residential Apartment,", Chennai"
13.0324066,80.2791036,4,Residential Apartment,", Chennai"
13.0321611,80.2790783,3,Residential Apartment,", Chennai"
13.0319181,80.2790515,2,Residential Apartment,", Chennai"
13.0316778,80.2790208,1,Residential Apartment,", Chennai"
13.0950848,80.2674581,Unnamed Apartment,Apartment Complex,", Chennai"
13.0949167,80.2681072,Unnamed Apartment,Apartment Complex,", Chennai"
13.0953377,80.2682118,Unnamed Apartment,Apartment Complex,", Chennai"
13.095489,80.2671311,Unnamed Apartment,Apartment Complex,", Chennai"
13.0959273,80.2672206,Unnamed Apartment,Apartment Complex,", Chennai"
13.0958698,80.2676431,Unnamed Apartment,Apartment Complex,", Chennai"
13.1068141,80.2926269,Salma Classic Terrace,Residential Apartment,", Chennai"
13.0834746,80.2165656,AA Block,Residential Apartment,", Chennai"
13.0676346,80.2076912,KOYAMBEDU,Residential Apartment,", Chennai"
13.0672191,80.2080529,Unnamed Apartment,Apartment Complex,", Chennai"
13.1398151,80.2188261,Unnamed Apartment,Apartment Complex,", Chennai"
13.0954654,80.2159435,ICF Colony South,Housing Colony,", Chennai"
12.9590118,80.241657,ASV,Residential Apartment,", Chennai"
13.0124639,80.2245525,Unnamed Apartment,Apartment Complex,", Chennai"
12.8910761,80.1233471,Srushti Villas,Residential Apartment,", Chennai"
12.9822794,80.2585827,Unnamed Apartment,Apartment Complex,", Chennai"
13.1258748,80.2008122,Ganapathy nagar,Residential Apartment,", Chennai"
12.9984432,80.2122132,Rajini Vaikundam Apartments,Apartment Complex,", Chennai"
