CellID,Lat,Lon,schools,offices,apartments,tourist_places,bakeries,supermarkets,RawScore,Score_0_1000,Rank
1.0,12.854521858664786,80.15449155587496,0.0,0.0,3.356506034415097,1.260824733104831,-0.0,-1.090126600865254,3.5272041666546734,9.428585885221565,490
2.0,12.854521858664786,80.16347466762487,0.0,0.0,5.305651074652574,0.739811032329819,-0.0,-0.6351835820596431,5.4102785249227505,13.049623899772477,477
3.0,12.854521858664786,80.17245777937478,0.0,0.0,8.291934914888223,0.0,-0.0,-0.0,8.291934914888223,18.590874720337812,457
4.0,12.854521858664786,80.18144089112468,0.0,0.0,8.428966572504885,0.3473170930494674,-0.0,-0.0,8.776283665554352,19.52224805180591,456
5.0,12.854521858664786,80.1904240028746,0.0,0.0,5.6136757863303615,1.7108321798543904,-0.0,-0.0,7.324507966184752,16.730571253204324,466
6.0,12.854521858664786,80.1994071146245,0.0,0.0,29.37987842085863,6.7269149943177755,-0.0,-0.0,36.106793415176405,72.07716407299625,354
7.0,12.854521858664786,80.20839022637442,0.0,0.0,50.57677290373677,7.732445354970142,-0.0,-0.0,58.309218258706906,114.77108320616107,301
8.0,12.854521858664786,80.21737333812433,0.0,1.8096305450101395,45.14874119422359,5.68990284618345,-0.0,-0.0,52.64827458541718,103.88543116103064,312
9.0,12.854521858664786,80.22635644987423,0.0,2.4975089753322677,39.695065762055734,5.738672590304847,-0.0,-0.0,47.931247327692844,94.81487325082567,322
10.0,12.854521858664786,80.23533956162414,0.0,1.1983702159744765,37.651455345266086,7.363387438921163,-0.0,-0.0,46.21321300016173,91.51119722604282,330
11.0,12.854521858664786,80.24432267337406,0.0,0.0,22.35150050924012,4.516567064075196,-0.0,-0.388659555340523,26.479408017974794,53.56428466866822,383
12.0,12.854521858664786,80.25330578512397,0.0,0.0,6.121601181990444,1.5512014126877396,-0.0,-0.0,7.672802594678184,17.400320742650166,462
13.0,12.854521858664786,80.26228889687388,0.0,0.0,0.0,0.0,-0.0,-0.0,0.0,2.6459857630012857,619
14.0,12.854521858664786,80.27127200862378,0.0,0.0,0.0,0.0,-0.0,-0.0,0.0,2.6459857630012857,619
15.0,12.854521858664786,80.2802551203737,0.0,0.0,0.0,0.0,-0.0,-0.0,0.0,2.6459857630012857,619
16.0,12.854521858664786,80.28923823212361,0.0,0.0,0.0,0.0,-0.0,-0.0,0.0,2.6459857630012857,619
17.0,12.854521858664786,80.29822134387352,0.0,0.0,0.0,0.0,-0.0,-0.0,0.0,2.6459857630012857,619
18.0,12.854521858664786,80.30720445562343,0.0,0.0,0.0,0.0,-0.0,-0.0,0.0,2.6459857630012857,619
19.0,12.854521858664786,80.31618756737333,0.0,0.0,0.0,0.0,-0.0,-0.0,0.0,2.6459857630012857,619
20.0,12.854521858664786,80.32517067912325,0.0,0.0,0.0,0.0,-0.0,-0.0,0.0,2.6459857630012857,619
21.0,12.854521858664786,80.33415379087316,0.0,0.0,0.0,0.0,-0.0,-0.0,0.0,2.6459857630012857,619
22.0,12.854521858664786,80.34313690262307,0.0,0.0,0.0,0.0,-0.0,-0.0,0.0,2.6459857630012857,619
23.0,12.863565575994357,80.15449155587496,0.0,0.0,3.095148561675205,0.2862174553615579,-0.0,-0.0,3.381366017036763,9.148147950617691,492
24.0,12.863565575994357,80.16347466762487,0.0,0.0,7.039398841646847,0.0,-0.0,-0.0,7.039398841646847,16.18232366345083,470
25.0,12.863565575994357,80.17245777937478,0.0,0.0,10.247538732650352,0.0,-0.0,-0.0,10.247538732650352,22.35138249552225,447
26.0,12.863565575994357,80.18144089112468,0.0,0.0,9.435539724898227,0.0,-0.0,-0.0,9.435539724898227,20.7899575512878,450
27.0,12.863565575994357,80.1904240028746,0.0,0.0,6.251881251245598,1.0746598692645213,-0.0,-0.0,7.326541120510119,16.734480885911754,465
28.0,12.863565575994357,80.1994071146245,0.0,0.0,40.02242137777202,2.740810841789145,-0.0,-0.0,42.76323221956116,84.87709300112289,338
29.0,12.863565575994357,80.20839022637442,0.0,0.5293619057027208,68.44879081955895,4.756593824713981,-0.0,-0.0,73.73474654997565,144.43344045294955,277
30.0,12.863565575994357,80.21737333812433,0.0,0.6414323114681387,48.555207410846634,4.200122718795394,-0.0,-0.0,53.39676244111016,105.32472800397991,309
31.0,12.863565575994357,80.22635644987423,0.0,0.0,19.303538136251625,5.033454979206708,-0.0,-0.0,24.336993115458334,49.44455048457178,393
32.0,12.863565575994357,80.23533956162414,0.0,0.0,15.01568617283116,6.415819839254201,-0.0,-0.9611486705346083,20.470357341550752,42.009243926301174,405
33.0,12.863565575994357,80.24432267337406,0.0,0.0,7.750670518123959,5.599731409207578,-0.0,-1.4389830473690803,11.911418879962458,25.550923309521263,439
34.0,12.863565575994357,80.25330578512397,0.0,0.0,2.748952027132624,2.4358769490309906,-0.0,-0.8325886566841573,4.352240319479458,11.015080470334533,485
35.0,12.863565575994357,80.26228889687388,0.0,0.0,0.5746053647084617,0.0,-0.0,-0.0,0.5746053647084617,3.7509171003319506,509
36.0,12.863565575994357,80.27127200862378,0.0,0.0,0.0,0.0,-0.0,-0.0,0.0,2.6459857630012857,619
37.0,12.863565575994357,80.2802551203737,0.0,0.0,0.0,0.0,-0.0,-0.0,0.0,2.6459857630012857,619
38.0,12.863565575994357,80.28923823212361,0.0,0.0,0.0,0.0,-0.0,-0.0,0.0,2.6459857630012857,619
39.0,12.863565575994357,80.29822134387352,0.0,0.0,0.0,0.0,-0.0,-0.0,0.0,2.6459857630012857,619
40.0,12.863565575994357,80.30720445562343,0.0,0.0,0.0,0.0,-0.0,-0.0,0.0,2.6459857630012857,619
41.0,12.863565575994357,80.31618756737333,0.0,0.0,0.0,0.0,-0.0,-0.0,0.0,2.6459857630012857,619
42.0,12.863565575994357,80.32517067912325,0.0,0.0,0.0,0.0,-0.0,-0.0,0.0,2.6459857630012857,619
43.0,12.863565575994357,80.33415379087316,0.0,0.0,0.0,0.0,-0.0,-0.0,0.0,2.6459857630012857,619
44.0,12.863565575994357,80.34313690262307,0.0,0.0,0.0,0.0,-0.0,-0.0,0.0,2.6459857630012857,619
45.0,12.872609293323928,80.15449155587496,0.0,0.0,1.6094169873312583,1.5673381164536064,-0.0,-0.0,3.1767551037848647,8.754693548870891,493
46.0,12.872609293323928,80.16347466762487,0.0,0.0,3.7234217680064523,1.0515609699783837,-0.0,-0.0,4.7749827379848355,11.82798855388948,482
47.0,12.872609293323928,80.17245777937478,0.0,0.0,5.720017982701849,0.0,-0.0,-0.0,5.720017982701849,13.645234129554403,475
48.0,12.872609293323928,80.18144089112468,0.0,0.0,5.70751600983417,0.0,-1.099285913516998,-0.6111125662856636,3.9971175300315083,10.332200840659644,487
49.0,12.872609293323928,80.1904240028746,0.0,0.0,19.40041452425605,0.0,-0.9497042874127755,-0.0,18.450710236843275,38.12558478665379,412
50.0,12.872609293323928,80.1994071146245,0.0,0.5195537117782933,197.6875238994359,2.123825716755822,-0.5128197860061505,-0.0,199.81808354196383,386.88406607207173,99
51.0,12.872609293323928,80.20839022637442,0.0,1.6288798419260093,279.91772963561573,5.909634049240377,-0.0,-0.0,287.4562435267821,555.4069432685887,35
52.0,12.872609293323928,80.21737333812433,0.0,1.9737139385241764,148.93140191695252,8.035361061374978,-0.0,-0.0,158.94047691685168,308.2789027212589,140
53.0,12.872609293323928,80.22635644987423,0.0,0.9243063356579031,12.498533600492902,6.964965447010091,-0.0,-0.33761353777958775,20.050191845381306,41.20129110842545,408
54.0,12.872609293323928,80.23533956162414,0.0,0.0,9.8510081630208,6.006415782353183,-0.0,-1.3078386943170799,14.549585251056904,30.62395756146069,430
55.0,12.872609293323928,80.24432267337406,0.0,0.0,8.311386585182643,4.931680203681754,-0.0,-1.9580014567225243,11.285065332141873,24.346483348216086,441
56.0,12.872609293323928,80.25330578512397,0.0,0.0,5.302773819333876,2.327879196076677,-0.0,-1.132912417507905,6.497740597902648,15.140747645551803,471
57.0,12.872609293323928,80.26228889687388,0.0,0.0,1.1995165557658978,0.0,-0.0,-0.0,1.1995165557658978,4.952583496882778,501
58.0,12.872609293323928,80.27127200862378,0.0,0.0,0.0,0.0,-0.0,-0.0,0.0,2.6459857630012857,619
59.0,12.872609293323928,80.2802551203737,0.0,0.0,0.0,0.0,-0.0,-0.0,0.0,2.6459857630012857,619
60.0,12.872609293323928,80.28923823212361,0.0,0.0,0.0,0.0,-0.0,-0.0,0.0,2.6459857630012857,619
61.0,12.872609293323928,80.29822134387352,0.0,0.0,0.0,0.0,-0.0,-0.0,0.0,2.6459857630012857,619
62.0,12.872609293323928,80.30720445562343,0.0,0.0,0.0,0.0,-0.0,-0.0,0.0,2.6459857630012857,619
63.0,12.872609293323928,80.31618756737333,0.0,0.0,0.0,0.0,-0.0,-0.0,0.0,2.6459857630012857,619
64.0,12.872609293323928,80.32517067912325,0.0,0.0,0.0,0.0,-0.0,-0.0,0.0,2.6459857630012857,619
65.0,12.872609293323928,80.33415379087316,0.0,0.0,0.0,0.0,-0.0,-0.0,0.0,2.6459857630012857,619
66.0,12.872609293323928,80.34313690262307,0.0,0.0,0.0,0.0,-0.0,-0.0,0.0,2.6459857630012857,619
67.0,12.8816530106535,80.15449155587496,0.0,0.0,0.0,4.30770252181693,-0.0,-0.0,4.30770252181693,10.929436981158291,486
68.0,12.8816530106535,80.16347466762487,0.0,0.0,0.9221686902255983,2.676099184491121,-0.0,-0.0,3.5982678747167194,9.565237094568543,488
69.0,12.8816530106535,80.17245777937478,0.0,0.4360137821339415,2.2357206649863683,1.2955228365266347,-1.3022452478781394,-1.5115183488145698,1.1534936869542354,4.864084305773303,502
70.0,12.8816530106535,80.18144089112468,0.0,1.07635483617553,2.8229552990580125,1.6854212781296725,-3.657758092263473,-3.30298426675342,-1.376010945653678,0.0,726
71.0,12.8816530106535,80.1904240028746,0.0,1.027036199870627,101.57153244660746,1.3669690544464548,-4.185778444758915,-2.7959139763168688,96.98384527984877,189.14005011776717,238
72.0,12.8816530106535,80.1994071146245,0.0,0.9663472233989956,373.6597758477406,2.1851425201302894,-1.945508882729178,-0.7277503028371077,374.1380064057036,722.090726718089,13
73.0,12.8816530106535,80.20839022637442,0.0,1.8420260394768893,509.35914518020047,5.8825278883014676,-0.0,-0.0,517.0836991079789,996.9666417442567,2
74.0,12.8816530106535,80.21737333812433,0.0,2.2319678493994535,288.27624775584457,9.216855722223867,-0.0,-0.0,299.72507132746784,578.999156536854,28
75.0,12.8816530106535,80.22635644987423,0.0,1.04527718051351,30.807162568658146,7.473559497321329,-0.0,-0.0,39.325999246492984,78.26750203850416,347
76.0,12.8816530106535,80.23533956162414,0.0,0.0,12.068038867235437,5.165496395321624,-0.0,-0.6540152955303831,16.57951996702668,34.52739915488965,421
77.0,12.8816530106535,80.24432267337406,0.0,0.0,7.75752598829753,3.6347964939785102,-0.0,-0.979130210531549,10.41319227174449,22.669924224727495,445
78.0,12.8816530106535,80.25330578512397,0.0,0.0,4.835911334505265,1.4298822344204358,-0.0,-0.5665422399648032,5.699251328960898,13.605301111348918,476
79.0,12.8816530106535,80.26228889687388,0.0,0.0,0.9613875949203459,0.0,-0.0,-0.0,0.9613875949203459,4.494675918352365,506
80.0,12.8816530106535,80.27127200862378,0.0,0.0,0.0,0.0,-0.0,-0.0,0.0,2.6459857630012857,619
81.0,12.8816530106535,80.2802551203737,0.0,0.0,0.0,0.0,-0.0,-0.0,0.0,2.6459857630012857,619
82.0,12.8816530106535,80.28923823212361,0.0,0.0,0.0,0.0,-0.0,-0.0,0.0,2.6459857630012857,619
83.0,12.8816530106535,80.29822134387352,0.0,0.0,0.0,0.0,-0.0,-0.0,0.0,2.6459857630012857,619
84.0,12.8816530106535,80.30720445562343,0.0,0.0,0.0,0.0,-0.0,-0.0,0.0,2.6459857630012857,619
85.0,12.8816530106535,80.31618756737333,0.0,0.0,0.0,0.0,-0.0,-0.0,0.0,2.6459857630012857,619
86.0,12.8816530106535,80.32517067912325,0.0,0.0,0.0,0.0,-0.0,-0.0,0.0,2.6459857630012857,619
87.0,12.8816530106535,80.33415379087316,0.0,0.0,0.0,0.0,-0.0,-0.0,0.0,2.6459857630012857,619
88.0,12.8816530106535,80.34313690262307,0.0,0.0,0.0,0.0,-0.0,-0.0,0.0,2.6459857630012857,619
89.0,12.89069672798307,80.15449155587496,0.0,0.0,0.45394910546341805,5.526126008482864,-0.0,-0.5975137646664197,5.382561349279863,12.996325448642171,479
90.0,12.89069672798307,80.16347466762487,0.0,0.0,2.835841896354342,3.0186382673425998,-0.0,-0.0,5.854480163696942,13.903796765047174,474
91.0,12.89069672798307,80.17245777937478,0.0,0.8973503077752882,5.851126112656644,2.166165440696534,-1.7543039571059056,-2.5868962838484735,4.573441620174087,11.440437182971227,483
92.0,12.89069672798307,80.18144089112468,0.0,2.215150211959699,5.85559508040925,3.6961431421836917,-4.694303208303219,-5.599896146579922,1.4726890796695002,5.477877726100329,499
93.0,12.89069672798307,80.1904240028746,0.0,2.113655468119495,77.26572095870802,2.9944317999951764,-5.107748320918515,-4.697846884449716,72.56821302145445,142.19026708410368,278
94.0,12.89069672798307,80.1994071146245,0.4749044639085656,0.7795699029998191,311.173323049324,2.9474562655034395,-2.264266071193042,-1.5272018907368943,311.58378571980586,601.8027465437043,25
95.0,12.89069672798307,80.20839022637442,0.7984094197965497,2.448488928928315,426.98352359155524,5.297005062437673,-0.0,-0.0,435.5274270027178,840.1388668231315,8
96.0,12.89069672798307,80.21737333812433,0.6458201656872371,4.187636055041445,261.1028677938795,12.151962424529627,-0.0,-0.0,278.08828643913785,537.3929288011832,39
97.0,12.89069672798307,80.22635644987423,0.0,3.5598628720382552,57.76367323102646,14.749295297248715,-0.0,-0.0,76.07283140031342,148.92943610343747,269
98.0,12.89069672798307,80.23533956162414,0.0,1.0425631985583657,31.91824377584271,10.050034271568205,-0.0,-0.0,43.01084124596929,85.35323017193242,337
99.0,12.89069672798307,80.24432267337406,0.0,0.0,9.68138680617008,5.082845527775162,-0.0,-0.0,14.764232333945241,31.03671090996148,427
100.0,12.89069672798307,80.25330578512397,0.0,0.0,3.3233222339931117,2.0637229649997257,-0.0,-0.0,5.387045198992837,13.004947620247304,478
101.0,12.89069672798307,80.26228889687388,0.0,0.0,0.7229103176101475,0.3533275118099976,-0.0,-0.0,1.0762378294201451,4.715525967782358,504
102.0,12.89069672798307,80.27127200862378,0.0,0.0,0.0,0.0,-0.0,-0.0,0.0,2.6459857630012857,619
103.0,12.89069672798307,80.2802551203737,0.0,0.0,0.0,0.0,-0.0,-0.0,0.0,2.6459857630012857,619
104.0,12.89069672798307,80.28923823212361,0.0,0.0,0.0,0.0,-0.0,-0.0,0.0,2.6459857630012857,619
105.0,12.89069672798307,80.29822134387352,0.0,0.0,0.0,0.0,-0.0,-0.0,0.0,2.6459857630012857,619
106.0,12.89069672798307,80.30720445562343,0.0,0.0,0.0,0.0,-0.0,-0.0,0.0,2.6459857630012857,619
107.0,12.89069672798307,80.31618756737333,0.0,0.0,0.0,0.0,-0.0,-0.0,0.0,2.6459857630012857,619
108.0,12.89069672798307,80.32517067912325,0.0,0.0,0.0,0.0,-0.0,-0.0,0.0,2.6459857630012857,619
109.0,12.89069672798307,80.33415379087316,0.0,0.0,0.0,0.0,-0.0,-0.0,0.0,2.6459857630012857,619
110.0,12.89069672798307,80.34313690262307,0.0,0.0,0.0,0.0,-0.0,-0.0,0.0,2.6459857630012857,619
111.0,12.899740445312641,80.15449155587496,0.0,0.0,3.412392237217076,5.387143522459708,-0.9140608022003291,-2.0030563456241075,5.882418611852348,13.957520709826143,473
112.0,12.899740445312641,80.16347466762487,0.0,0.0,9.324251787114237,3.030935676735952,-0.0,-0.0,12.35518746385019,26.40426343646071,437
113.0,12.899740445312641,80.17245777937478,0.0,0.6787234503984214,13.232216376001034,2.233273440140195,-0.7111786567880478,-1.6945465838727378,13.738488025878866,29.06426669053422,432
114.0,12.899740445312641,80.18144089112468,0.7167963017491652,1.6754054733676849,12.551993456816968,4.937803418161629,-3.39598937729827,-3.6289790343622106,12.857030238434966,27.3692767170677,435
115.0,12.899740445312641,80.1904240028746,2.8678519466547834,1.5986436875601429,13.52680231395222,6.742395731785271,-4.461203381610579,-3.0127518740319035,17.261738424309936,35.83926395576931,416
116.0,12.899740445312641,80.1994071146245,4.612487719758135,1.3539174263374507,98.17394945576876,6.609920809032859,-2.5331300219273043,-0.9695529915253525,107.24759239744455,208.87661459349707,215
117.0,12.899740445312641,80.20839022637442,3.93476641855279,7.500191904650748,153.63053367649556,9.548068864203534,-0.0,-0.0,174.61356086390265,338.41729451037367,123
118.0,12.899740445312641,80.21737333812433,2.413779523081865,20.312700511337063,116.74026558894877,21.69681493593974,-0.0,-0.0,161.16356055930743,312.5537580096408,137
119.0,12.899740445312641,80.22635644987423,0.6096352472776155,21.81216497989797,90.71542337235786,27.901348874729425,-0.0,-0.0,141.03857247426288,273.8546240225185,159
120.0,12.899740445312641,80.23533956162414,0.6264401227032791,9.581690553012331,55.873489314881425,18.47399581383281,-0.0,-0.0,84.55561580442985,165.24131707705772,252
121.0,12.899740445312641,80.24432267337406,0.4387686400768426,0.8118877911894471,13.23302659307738,5.838497828631192,-0.0,-0.0,20.32218085297486,41.72430950741319,407
122.0,12.899740445312641,80.25330578512397,0.0,0.0,3.9939929162284713,2.288521073576579,-0.0,-0.0,6.28251398980505,14.726879905150389,472
123.0,12.899740445312641,80.26228889687388,0.0,0.0,0.0,0.3899583565001244,-0.0,-0.0,0.3899583565001244,3.395852079633337,511
124.0,12.899740445312641,80.27127200862378,0.0,0.0,0.0,0.0,-0.0,-0.0,0.0,2.6459857630012857,619
125.0,12.899740445312641,80.2802551203737,0.0,0.0,0.0,0.0,-0.0,-0.0,0.0,2.6459857630012857,619
126.0,12.899740445312641,80.28923823212361,0.0,0.0,0.0,0.0,-0.0,-0.0,0.0,2.6459857630012857,619
127.0,12.899740445312641,80.29822134387352,0.0,0.0,0.0,0.0,-0.0,-0.0,0.0,2.6459857630012857,619
128.0,12.899740445312641,80.30720445562343,0.0,0.0,0.0,0.0,-0.0,-0.0,0.0,2.6459857630012857,619
129.0,12.899740445312641,80.31618756737333,0.0,0.0,0.0,0.0,-0.0,-0.0,0.0,2.6459857630012857,619
130.0,12.899740445312641,80.32517067912325,0.0,0.0,0.0,0.0,-0.0,-0.0,0.0,2.6459857630012857,619
131.0,12.899740445312641,80.33415379087316,0.0,0.0,0.0,0.0,-0.0,-0.0,0.0,2.6459857630012857,619
132.0,12.899740445312641,80.34313690262307,0.0,0.0,0.0,0.0,-0.0,-0.0,0.0,2.6459857630012857,619
133.0,12.908784162642213,80.15449155587496,1.120696225872444,0.7321798163659431,13.715769031725145,8.364095878194838,-2.199060797863259,-4.108309297067875,17.625370857227235,36.53850711477457,414
134.0,12.908784162642213,80.16347466762487,0.6308339377614299,0.0,16.217859189594297,5.541328710405244,-0.0,-2.0187690281493946,20.371252809611576,41.81867190985882,406
135.0,12.908784162642213,80.17245777937478,0.0,0.0,18.830893211136424,4.278254646041454,-0.0,-0.7499220451481894,22.35922581202969,45.6414236679347,401
136.0,12.908784162642213,80.18144089112468,3.2908615579838663,0.46569847066045056,19.636609100233837,6.404137300690159,-2.7908030074757404,-0.7879296591304794,26.21857376296209,53.06271618373237,385
137.0,12.908784162642213,80.1904240028746,8.542104950119302,0.44436238660740524,21.51149860877367,9.449694178209715,-5.3331306289143905,-0.37551563178001096,34.23901386301569,68.48553704484468,364
138.0,12.908784162642213,80.1994071146245,11.350959982300525,0.714599614583312,20.536054349968722,9.30165512433124,-3.9399241623734325,-0.0,37.96334490881037,75.64720022419897,350
139.0,12.908784162642213,80.20839022637442,6.8184283160086245,11.850895552231853,22.260581843914593,11.820670036004216,-1.1252424448684473,-0.0,51.62533330329084,101.91837699082797,315
140.0,12.908784162642213,80.21737333812433,2.8583466304088043,32.772012768548734,54.654386057246256,22.40931174420578,-0.0,-0.0,112.69405720040957,219.34983675270522,200
141.0,12.908784162642213,80.22635644987423,3.2322877845970215,36.045840138223014,78.66650980035973,27.5715239150288,-0.0,-0.0,145.51616163820856,282.4647569708003,155
142.0,12.908784162642213,80.23533956162414,6.221051561761415,18.18113698197221,49.59609544038463,16.210451562279918,-0.0,-0.0,90.20873554639816,176.11192417581432,246
143.0,12.908784162642213,80.24432267337406,6.300233865956612,3.233931681149139,11.660362475998106,4.631639959119934,-0.0,-0.0,25.82616798222379,52.30814361842498,387
144.0,12.908784162642213,80.25330578512397,2.663012538675279,0.4232742795989215,3.521982469345488,3.1270480474742417,-0.0,-0.0,9.735317335093931,21.366411751125263,449
145.0,12.908784162642213,80.26228889687388,0.0,0.0,0.5266492500112331,1.1232190075877402,-0.0,-0.0,1.6498682575989734,5.818582561176292,497
146.0,12.908784162642213,80.27127200862378,0.0,0.0,0.0,0.0,-0.0,-0.0,0.0,2.6459857630012857,619
147.0,12.908784162642213,80.2802551203737,0.0,0.0,0.0,0.0,-0.0,-0.0,0.0,2.6459857630012857,619
148.0,12.908784162642213,80.28923823212361,0.0,0.0,0.0,0.0,-0.0,-0.0,0.0,2.6459857630012857,619
149.0,12.908784162642213,80.29822134387352,0.0,0.0,0.0,0.0,-0.0,-0.0,0.0,2.6459857630012857,619
150.0,12.908784162642213,80.30720445562343,0.0,0.0,0.0,0.0,-0.0,-0.0,0.0,2.6459857630012857,619
151.0,12.908784162642213,80.31618756737333,0.0,0.0,0.0,0.0,-0.0,-0.0,0.0,2.6459857630012857,619
152.0,12.908784162642213,80.32517067912325,0.0,0.0,0.0,0.0,-0.0,-0.0,0.0,2.6459857630012857,619
153.0,12.908784162642213,80.33415379087316,0.0,0.0,0.0,0.0,-0.0,-0.0,0.0,2.6459857630012857,619
154.0,12.908784162642213,80.34313690262307,0.0,0.0,0.0,0.0,-0.0,-0.0,0.0,2.6459857630012857,619
155.0,12.917827879971783,80.15449155587496,4.296832543210561,3.365505063891396,22.312095816883364,17.93954017933999,-1.9446794474222913,-7.561068133417532,38.40822602248549,76.50267967858174,349
156.0,12.917827879971783,80.16347466762487,2.04577878962234,1.2599909646042775,17.812426169912094,11.070863411099626,-0.0,-4.476128102014868,27.712931233223472,55.93627515042202,379
157.0,12.917827879971783,80.17245777937478,1.5445387474049257,0.6620185030577836,17.068707614215548,8.47148073986247,-0.0,-2.3795180779012317,25.367227526639496,51.425628900517346,390
158.0,12.917827879971783,80.18144089112468,5.513457667848874,0.0,40.14342528526749,7.236930410034188,-2.6592245855299343,-0.988321769458385,49.246267008162235,97.34357650248153,318
159.0,12.917827879971783,80.1904240028746,14.930982161247659,0.0,67.73314692754704,7.892326937146142,-5.081581208787024,-1.0215832960947127,84.45329152105909,165.04455367349357,253
160.0,12.917827879971783,80.1994071146245,18.857752416576133,0.0,61.168085906621165,8.255337774841452,-4.299410925387975,-1.444111707798184,82.53765346485258,161.36089763878235,259
161.0,12.917827879971783,80.20839022637442,11.326643707714627,7.603633010530371,24.630528283906052,8.297318596656494,-1.6324283819202692,-0.7735430458782594,49.45215217100902,97.73948120907308,317
162.0,12.917827879971783,80.21737333812433,2.8778840731642283,22.717743033763128,28.230359453738053,11.337297704542182,-0.0,-0.2718249584684434,64.89145930673915,127.42833433977194,293
163.0,12.917827879971783,80.22635644987423,6.403279839310969,26.8774306266638,37.55464014243483,14.755669871180164,-0.0,-0.0,85.59102047958974,167.23233759769505,251
164.0,12.917827879971783,80.23533956162414,13.96086455547492,15.688529758910688,28.96984478761801,10.186730839170801,-0.0,-0.0,68.80596994117442,134.95570135712686,284
165.0,12.917827879971783,80.24432267337406,13.553803250853662,4.035149749617105,12.512964596751377,6.908470815171117,-0.0,-0.0,37.01038841239326,73.8147225609625,352
166.0,12.917827879971783,80.25330578512397,6.515361989730106,1.0411207389322241,5.921570094931501,9.052284630764781,-0.0,-0.0,22.530337454358612,45.97046099929911,399
167.0,12.917827879971783,80.26228889687388,0.9550606229826211,0.0,2.680263895653324,5.469613820007756,-0.0,-0.0,9.1049383386437,20.154231095752657,454
168.0,12.917827879971783,80.27127200862378,0.0,0.0,0.0,0.3003211830497579,-0.0,-0.0,0.3003211830497579,3.223485220536388,512
169.0,12.917827879971783,80.2802551203737,0.0,0.0,0.0,0.0,-0.0,-0.0,0.0,2.6459857630012857,619
170.0,12.917827879971783,80.28923823212361,0.0,0.0,0.0,0.0,-0.0,-0.0,0.0,2.6459857630012857,619
171.0,12.917827879971783,80.29822134387352,0.0,0.0,0.0,0.0,-0.0,-0.0,0.0,2.6459857630012857,619
172.0,12.917827879971783,80.30720445562343,0.0,0.0,0.0,0.0,-0.0,-0.0,0.0,2.6459857630012857,619
173.0,12.917827879971783,80.31618756737333,0.0,0.0,0.0,0.0,-0.0,-0.0,0.0,2.6459857630012857,619
174.0,12.917827879971783,80.32517067912325,0.0,0.0,0.0,0.0,-0.0,-0.0,0.0,2.6459857630012857,619
175.0,12.917827879971783,80.33415379087316,0.0,0.0,0.0,0.0,-0.0,-0.0,0.0,2.6459857630012857,619
176.0,12.917827879971783,80.34313690262307,0.0,0.0,0.0,0.0,-0.0,-0.0,0.0,2.6459857630012857,619
177.0,12.926871597301355,80.15449155587496,8.539364201197149,4.580245432474918,18.910418383958238,22.336541161113367,-0.0,-6.57359992305507,47.7929692556886,94.54897288788582,324
178.0,12.926871597301355,80.16347466762487,5.290367207470825,2.4326822128858594,12.501173672279947,12.860680432702457,-0.0,-4.461286357741531,28.623617167597555,57.687469081350116,375
179.0,12.926871597301355,80.17245777937478,2.4257337431668144,1.2781980065896295,21.62641752657499,9.13172421595506,-0.0,-2.82436191444237,31.637711577844122,63.4833901988711,371
180.0,12.926871597301355,80.18144089112468,4.239041977806019,0.0,67.59690494267785,6.132894837570185,-0.9313279057393808,-2.14057733517032,74.89693651714437,146.6682614162163,275
181.0,12.926871597301355,80.1904240028746,14.571180729048017,0.0,116.22931108561428,5.225513996499031,-2.5131492472084886,-2.845693919318362,130.66716264463446,253.91103066802552,176
182.0,12.926871597301355,80.1994071146245,19.72772309226196,0.0,108.22856955283619,6.1733251242416465,-3.263737704286923,-4.128408933948959,126.73747113110393,246.35447173901986,181
183.0,12.926871597301355,80.20839022637442,12.080181769522012,1.6484742973263655,66.36570679450408,8.06345815477312,-2.002289444495829,-3.116234564600368,83.03929700702938,162.3255278075277,258
184.0,12.926871597301355,80.21737333812433,4.227189263286025,5.496892811870654,31.80188889827911,7.749581326097343,-0.7953693005295346,-1.008052782354178,47.47213021664942,93.93201883516251,325
185.0,12.926871597301355,80.22635644987423,8.236313463678083,10.707953659734414,16.62072562744786,9.25592644362712,-0.0,-0.0,44.82091919448747,88.83390050877081,333
186.0,12.926871597301355,80.23533956162414,14.618575897826105,8.096749403730072,18.796090245699205,11.176026768852081,-0.5372133996978018,-0.4926757322683892,51.65755318414127,101.9803338715382,314
187.0,12.926871597301355,80.24432267337406,13.98730970538776,4.993066071057245,15.742591290006146,12.982872515377794,-0.4663312851898339,-0.8147082921387909,46.42480000450032,91.91806622870911,328
188.0,12.926871597301355,80.25330578512397,6.826217144680779,0.9411256441180411,14.963554837260961,12.663698810388087,-0.0,-0.4874628101882978,34.90713362625957,69.77029091043497,363
189.0,12.926871597301355,80.26228889687388,1.6436296184592274,0.0,8.395705012317395,7.359433040561566,-0.0,-0.3088336403732384,17.08993403096495,35.508894506131,417
190.0,12.926871597301355,80.27127200862378,0.0,0.0,0.5639587797220791,1.2533373131465253,-0.0,-0.0,1.8172960928686044,6.140536154534601,496
191.0,12.926871597301355,80.2802551203737,0.0,0.0,0.0,0.0,-0.0,-0.0,0.0,2.6459857630012857,619
192.0,12.926871597301355,80.28923823212361,0.0,0.0,0.0,0.0,-0.0,-0.0,0.0,2.6459857630012857,619
193.0,12.926871597301355,80.29822134387352,0.0,0.0,0.0,0.0,-0.0,-0.0,0.0,2.6459857630012857,619
194.0,12.926871597301355,80.30720445562343,0.0,0.0,0.0,0.0,-0.0,-0.0,0.0,2.6459857630012857,619
195.0,12.926871597301355,80.31618756737333,0.0,0.0,0.0,0.0,-0.0,-0.0,0.0,2.6459857630012857,619
196.0,12.926871597301355,80.32517067912325,0.0,0.0,0.0,0.0,-0.0,-0.0,0.0,2.6459857630012857,619
197.0,12.926871597301355,80.33415379087316,0.0,0.0,0.0,0.0,-0.0,-0.0,0.0,2.6459857630012857,619
198.0,12.926871597301355,80.34313690262307,0.0,0.0,0.0,0.0,-0.0,-0.0,0.0,2.6459857630012857,619
199.0,12.935915314630925,80.15449155587496,11.35143897500782,2.202720760349606,12.160305501803435,24.269577601582522,-0.0,-3.449132291162078,46.534910547581305,92.12980213841891,327
200.0,12.935915314630925,80.16347466762487,6.679801376590758,1.7261158512234933,8.619521171149723,11.413164276999698,-0.0,-2.232128702574613,26.20647397338906,53.03944902074455,386
201.0,12.935915314630925,80.17245777937478,1.919638270522693,0.9069696630119093,20.74255393413144,7.260886008068298,-0.8436929730354212,-2.544870462314013,27.441484440384908,55.41429939758963,380
202.0,12.935915314630925,80.18144089112468,2.3420225122720426,0.4388780096003848,66.89357611889524,4.51873512843879,-2.005806885744937,-3.5808456807212097,68.60655920274031,134.57224657680493,286
203.0,12.935915314630925,80.1904240028746,9.727326976448133,1.0827801891440207,107.14480377325592,5.638820173371646,-2.808047936032753,-6.1328474616928395,114.65283571449413,223.1164492767636,197
204.0,12.935915314630925,80.1994071146245,12.686273162281768,4.154407455936989,122.4419407926799,7.687420414422763,-2.560092773915847,-6.7047743976475935,137.705174653758,267.44470177347324,162
205.0,12.935915314630925,80.20839022637442,8.189492331856593,6.042813504125518,106.60714628408422,10.355740643562173,-2.6301498891880444,-4.607206758898059,123.95783611554242,241.00940184640962,185
206.0,12.935915314630925,80.21737333812433,2.877348941248886,6.0573887827307775,66.89763757992846,10.002138874147855,-1.0448090002730819,-1.2970319518264255,83.49267322595648,163.19734283512878,256
207.0,12.935915314630925,80.22635644987423,8.196279708695172,7.411669013777921,34.904523374420485,11.949817233446382,-0.8987456672417894,-0.5374194782141337,61.02612418488403,119.99552885667397,298
208.0,12.935915314630925,80.23533956162414,16.087592938167923,10.658653917090588,52.62651132407137,14.363229611882419,-2.017620699596642,-1.4590572295424737,90.25930986207317,176.20917552375764,244
209.0,12.935915314630925,80.24432267337406,15.440929415408188,6.662670057459435,65.05185416705888,13.94776580105039,-2.8373485446592763,-2.50041000320906,95.76546089310855,186.79717068693083,240
210.0,12.935915314630925,80.25330578512397,7.513875090603461,0.9216282336917303,61.47060623888894,10.690676989416401,-2.3802319500822833,-2.208977352017804,76.00757725050045,148.80395632296973,270
211.0,12.935915314630925,80.26228889687388,2.3509013601423514,0.0,36.91264608992328,6.241892726736661,-1.1439193490744608,-1.0056046266372047,43.35591620109062,86.01678842436014,335
212.0,12.935915314630925,80.27127200862378,0.0,0.0,6.194217352095244,1.3479320568389133,-0.0,-0.0,7.542149408934157,17.14908257447904,463
213.0,12.935915314630925,80.2802551203737,0.0,0.0,0.0,0.0,-0.0,-0.0,0.0,2.6459857630012857,619
214.0,12.935915314630925,80.28923823212361,0.0,0.0,0.0,0.0,-0.0,-0.0,0.0,2.6459857630012857,619
215.0,12.935915314630925,80.29822134387352,0.0,0.0,0.0,0.0,-0.0,-0.0,0.0,2.6459857630012857,619
216.0,12.935915314630925,80.30720445562343,0.0,0.0,0.0,0.0,-0.0,-0.0,0.0,2.6459857630012857,619
217.0,12.935915314630925,80.31618756737333,0.0,0.0,0.0,0.0,-0.0,-0.0,0.0,2.6459857630012857,619
218.0,12.935915314630925,80.32517067912325,0.0,0.0,0.0,0.0,-0.0,-0.0,0.0,2.6459857630012857,619
219.0,12.935915314630925,80.33415379087316,0.0,0.0,0.0,0.0,-0.0,-0.0,0.0,2.6459857630012857,619
220.0,12.935915314630925,80.34313690262307,0.0,0.0,0.0,0.0,-0.0,-0.0,0.0,2.6459857630012857,619
221.0,12.944959031960497,80.15449155587496,16.516804938623594,4.180225084956039,27.393081557864686,23.170889759926904,-2.536525661798679,-3.867552193497517,64.85692348607503,127.36192404697633,294
222.0,12.944959031960497,80.16347466762487,5.438642021106579,1.0578835201673242,20.21671019144346,9.579938934582673,-0.0,-0.6667975140816247,35.626377153218414,71.15335267929309,359
223.0,12.944959031960497,80.17245777937478,1.9555789023766954,1.716692558861764,30.57911230763142,7.293018891191921,-3.4521859271199835,-2.339848400047183,35.75236833289463,71.39562609197198,356
224.0,12.944959031960497,80.18144089112468,4.873379961948323,3.3576286446601267,47.816130503747544,12.289533979000451,-7.755585867732583,-7.366722613980689,53.21436460764316,104.97398801017363,310
225.0,12.944959031960497,80.1904240028746,8.425656283604877,4.526736600472883,68.73791352063142,16.650575765668812,-7.344346207589652,-10.507398516981148,80.48913744580719,157.4217253242051,263
226.0,12.944959031960497,80.1994071146245,7.3147983622029855,9.624393624995465,90.23379453638748,14.490119755227289,-3.407556056784574,-8.579949233680566,109.67560098834808,213.5455281542999,208
227.0,12.944959031960497,80.20839022637442,2.82379682121872,14.173243398241802,106.5826341371909,9.810704442338045,-1.269696832473404,-4.155243932184506,127.96543803433156,248.71577776906278,180
228.0,12.944959031960497,80.21737333812433,0.504265459815018,11.776693057336685,81.4321282587783,6.765044692620914,-0.5043951342116745,-0.8925020767218399,99.08123425761741,193.17320217384713,234
229.0,12.944959031960497,80.22635644987423,7.451028697850617,10.313369844492478,76.69961876335203,8.835863885201483,-1.2405331268758901,-1.0679279649008782,100.99142009911986,196.84637392968736,232
230.0,12.944959031960497,80.23533956162414,18.058159982685652,11.710446275134993,128.3395367494212,15.47242088911041,-3.210486800177976,-3.142734725268497,167.22734237090577,324.2140434122494,133
231.0,12.944959031960497,80.24432267337406,20.540613220551574,8.578994609496034,155.8443598254245,14.248754928376442,-4.234222938258382,-4.048461286851491,190.93003835873873,369.7928931493493,103
232.0,12.944959031960497,80.25330578512397,11.58392914920277,3.7010548382422592,120.60977270539698,8.346640914264178,-3.810089175588754,-3.2344487607357317,137.1968596707817,266.46724282787113,163
233.0,12.944959031960497,80.26228889687388,4.117391147437874,0.9392275331912867,71.2848355735948,4.3756924054978255,-1.9138233422523099,-1.5112793015600159,77.29204401590947,151.2739081682336,268
234.0,12.944959031960497,80.27127200862378,1.180088828272579,0.0,23.025534728000288,1.0919361200593218,-0.47232969394249397,-0.2948176341091756,24.53041234828052,49.81648396224844,392
235.0,12.944959031960497,80.2802551203737,0.0,0.0,0.0,0.0,-0.0,-0.0,0.0,2.6459857630012857,619
236.0,12.944959031960497,80.28923823212361,0.0,0.0,0.0,0.0,-0.0,-0.0,0.0,2.6459857630012857,619
237.0,12.944959031960497,80.29822134387352,0.0,0.0,0.0,0.0,-0.0,-0.0,0.0,2.6459857630012857,619
238.0,12.944959031960497,80.30720445562343,0.0,0.0,0.0,0.0,-0.0,-0.0,0.0,2.6459857630012857,619
239.0,12.944959031960497,80.31618756737333,0.0,0.0,0.0,0.0,-0.0,-0.0,0.0,2.6459857630012857,619
240.0,12.944959031960497,80.32517067912325,0.0,0.0,0.0,0.0,-0.0,-0.0,0.0,2.6459857630012857,619
241.0,12.944959031960497,80.33415379087316,0.0,0.0,0.0,0.0,-0.0,-0.0,0.0,2.6459857630012857,619
242.0,12.944959031960497,80.34313690262307,0.0,0.0,0.0,0.0,-0.0,-0.0,0.0,2.6459857630012857,619
243.0,12.954002749290067,80.15449155587496,11.703018686873676,7.827452557266663,45.51438090662945,16.00825370981286,-3.440904936500221,-6.8118651687293434,70.80033575535309,138.79074610528207,282
244.0,12.954002749290067,80.16347466762487,2.0282266002810747,1.502217588117862,39.44217571219891,6.076085300506254,-0.0,-1.1444600037181594,47.90424519738594,94.76294978859707,323
245.0,12.954002749290067,80.17245777937478,1.8881449063532851,4.0543920258327955,38.565628227607206,9.33339719409457,-4.696565659119819,-3.362917182821735,45.7820795119463,90.68215362331976,331
246.0,12.954002749290067,80.18144089112468,9.316947482628523,5.96026041403848,42.06027417871152,23.28285984278403,-10.204192444582713,-8.917690681327533,61.4984587922523,120.9037997177575,297
247.0,12.954002749290067,80.1904240028746,16.329538418164145,6.172702672753765,43.641033452794325,35.146543341513436,-9.24898091439238,-12.599590849300881,79.44124612153242,155.40669373309638,265
248.0,12.954002749290067,80.1994071146245,10.892216489481356,11.792872481044768,50.65494103102514,28.796079230687486,-4.607443858847894,-10.208059679095772,87.32060569429508,170.55822527937607,250
249.0,12.954002749290067,80.20839022637442,2.7112381847093987,16.625586708200547,68.59898724000732,15.40136082978787,-1.7725190691213792,-4.8262268366914896,96.73842705689228,188.66812572939287,239
250.0,12.954002749290067,80.21737333812433,1.615634772146989,14.480330761472102,60.273576351915864,7.583851327767613,-0.7913061100971,-1.5975326015121474,81.56455450169334,159.48968723115908,261
251.0,12.954002749290067,80.22635644987423,4.816458623216495,8.829906259231814,88.75525730883928,12.011700492481111,-0.6292818947762123,-2.1289372172937284,111.65510357169876,217.35199180919614,204
252.0,12.954002749290067,80.23533956162414,13.981950271436329,14.275142984110902,177.51489954031865,21.369810463661935,-1.4126111562980728,-6.060622252115551,219.66856985111417,425.0553497588537,83
253.0,12.954002749290067,80.24432267337406,18.498146891943613,19.9869557420318,201.66120057708082,24.709750215389505,-2.3433197057843316,-7.440678545441564,255.0720551752199,493.1341091786831,53
254.0,12.954002749290067,80.25330578512397,12.209125559035876,13.41792698179485,139.4767654355337,16.035502977349953,-2.2553223652696195,-4.597323896721591,174.2866746917232,337.788712186635,124
255.0,12.954002749290067,80.26228889687388,4.676690376948956,3.152728373258149,68.82929477198736,7.0330741397109495,-1.1767214160831276,-1.6882076640021073,80.82685858182019,158.0711426275904,262
256.0,12.954002749290067,80.27127200862378,1.4902952082499166,0.39135451301270435,21.376835933584907,2.692830501943063,-0.0,-0.38574719298791976,25.565568963802672,51.80702747921664,389
257.0,12.954002749290067,80.2802551203737,0.0,0.0,0.42115611609782794,0.0,-0.0,-0.0,0.42115611609782794,3.4558434830402662,510
258.0,12.954002749290067,80.28923823212361,0.0,0.0,0.0,0.0,-0.0,-0.0,0.0,2.6459857630012857,619
259.0,12.954002749290067,80.29822134387352,0.0,0.0,0.0,0.0,-0.0,-0.0,0.0,2.6459857630012857,619
260.0,12.954002749290067,80.30720445562343,0.0,0.0,0.0,0.0,-0.0,-0.0,0.0,2.6459857630012857,619
261.0,12.954002749290067,80.31618756737333,0.0,0.0,0.0,0.0,-0.0,-0.0,0.0,2.6459857630012857,619
262.0,12.954002749290067,80.32517067912325,0.0,0.0,0.0,0.0,-0.0,-0.0,0.0,2.6459857630012857,619
263.0,12.954002749290067,80.33415379087316,0.0,0.0,0.0,0.0,-0.0,-0.0,0.0,2.6459857630012857,619
264.0,12.954002749290067,80.34313690262307,0.0,0.0,0.0,0.0,-0.0,-0.0,0.0,2.6459857630012857,619
265.0,12.96304646661964,80.15449155587496,1.0371400406780604,10.121804529779467,50.778268590262805,11.467827531722278,-3.6488547981892863,-7.290542317004924,62.4656435772484,122.7636375187391,296
266.0,12.96304646661964,80.16347466762487,0.0,3.6507015364141475,36.16526579063813,6.506832371568022,-0.8690514212712197,-2.002941013160936,43.45080726418814,86.19925819524762,334
267.0,12.96304646661964,80.17245777937478,4.452723851667846,3.716441755890192,24.540787554820387,11.77999580855369,-2.5390235552661364,-2.068752963149724,39.88217245251626,79.33698945032214,344
268.0,12.96304646661964,80.18144089112468,17.146791598222016,8.242112544682508,37.17406387797827,32.29081107477268,-8.190443145022392,-8.038112861896348,78.62522308873672,153.83753083226435,267
269.0,12.96304646661964,80.1904240028746,26.022697824428917,10.426640966473366,51.161892788808295,47.16804790994771,-10.341021197930221,-12.339890499366861,112.0983677923612,218.20436207618084,203
270.0,12.96304646661964,80.1994071146245,19.682533934048024,12.222972530435804,49.55146790493869,39.146082558536804,-7.057504792840775,-10.370594765297232,103.17495736982131,201.04518393879962,225
271.0,12.96304646661964,80.20839022637442,9.959560708357426,19.567521005525077,55.32403607444414,25.464671983719676,-4.309513689325313,-7.744031884665315,98.26224419805568,191.59833386012852,236
272.0,12.96304646661964,80.21737333812433,7.884773455865016,23.026836840208865,67.80440978418432,18.65977702223239,-1.679254263647006,-6.797987194885847,108.89855564395774,212.05131698907797,210
273.0,12.96304646661964,80.22635644987423,6.97534451206478,16.212857424836656,98.18632439620872,20.870766611151932,-0.0,-6.8186626122223934,135.42663033203968,263.0631989557249,165
274.0,12.96304646661964,80.23533956162414,8.854098225538326,21.04084284787049,151.88924129540845,27.81179971740571,-0.0,-8.754051801889796,200.84193028433316,388.85286138751707,98
275.0,12.96304646661964,80.24432267337406,11.862316230320179,31.270175279170896,171.22444097814716,32.17139809999413,-0.4466899571386119,-10.45771853008688,235.62392210040687,455.73652640839225,68
276.0,12.96304646661964,80.25330578512397,7.845968946905048,24.90976395543302,134.18512350050645,27.508181301856123,-1.6334434089666523,-8.33000085875672,184.4855934369773,357.4006156262035,112
277.0,12.96304646661964,80.26228889687388,2.418179054609091,8.57107191442717,84.0552726582959,15.735048214617466,-1.282056188484343,-4.365332411033342,105.13218324243195,204.80881082728004,220
278.0,12.96304646661964,80.27127200862378,0.6916630813483199,1.4550314592961389,35.346714415624575,4.836410836919682,-0.5224219031530999,-1.6147658423537383,40.192632047681876,79.93398446071076,342
279.0,12.96304646661964,80.2802551203737,0.0,0.0,1.0482857339424565,0.0,-0.0,-0.0,1.0482857339424565,4.661775780028669,505
280.0,12.96304646661964,80.28923823212361,0.0,0.0,0.0,0.0,-0.0,-0.0,0.0,2.6459857630012857,619
281.0,12.96304646661964,80.29822134387352,0.0,0.0,0.0,0.0,-0.0,-0.0,0.0,2.6459857630012857,619
282.0,12.96304646661964,80.30720445562343,0.0,0.0,0.0,0.0,-0.0,-0.0,0.0,2.6459857630012857,619
283.0,12.96304646661964,80.31618756737333,0.0,0.0,0.0,0.0,-0.0,-0.0,0.0,2.6459857630012857,619
284.0,12.96304646661964,80.32517067912325,0.0,0.0,0.0,0.0,-0.0,-0.0,0.0,2.6459857630012857,619
285.0,12.96304646661964,80.33415379087316,0.0,0.0,0.0,0.0,-0.0,-0.0,0.0,2.6459857630012857,619
286.0,12.96304646661964,80.34313690262307,0.0,0.0,0.0,0.0,-0.0,-0.0,0.0,2.6459857630012857,619
287.0,12.972090183949211,80.15449155587496,0.5667895111027158,9.19157467177368,40.18044841334648,12.651653074156336,-4.043718118186076,-4.221020513675294,54.32572703851784,107.11107069757328,306
288.0,12.972090183949211,80.16347466762487,0.0,3.147823454672851,18.556255528817253,8.144388809356538,-1.105551756761251,-1.3314469434259717,27.411469092659424,55.356581700645414,381
289.0,12.972090183949211,80.17245777937478,3.2410952879179193,2.9515178698761257,18.04189271456869,14.313549498274934,-1.7400056198541882,-1.3127139670951427,35.49533578368834,70.9013680571969,360
290.0,12.972090183949211,80.18144089112468,17.88245114498031,11.640483193486471,54.03903430238806,37.935785758108686,-12.231486813213603,-7.656101747710363,101.61016583803956,198.03618453495218,230
291.0,12.972090183949211,80.1904240028746,28.168737528438992,15.137365347761254,80.3441245705668,55.998302296284216,-16.73208150350059,-12.796156188354225,150.12029205119646,291.31822108185787,152
292.0,12.972090183949211,80.1994071146245,23.667767975041265,13.016452705064028,69.0124143466607,45.3551095679742,-12.08655585911668,-10.716372974632119,128.2488157609914,249.26069598549267,179
293.0,12.972090183949211,80.20839022637442,17.997306031797635,23.611522776969753,87.82794355886774,30.715323911522056,-5.26415699453821,-10.93112334751956,143.9568159370994,279.46622956971777,156
294.0,12.972090183949211,80.21737333812433,17.535479908651027,34.63469158693658,124.8986205879613,33.044966973755216,-3.032437598668928,-15.051896216846274,192.0294252417889,371.9069475831236,101
295.0,12.972090183949211,80.22635644987423,15.410865550290689,29.16345384879027,113.12628122451616,31.215327740511395,-2.6739054971292835,-14.71359539963644,171.5284274673428,332.4847697219322,128
296.0,12.972090183949211,80.23533956162414,9.767068090814501,28.3255152531024,105.59173113284044,27.953077363969793,-2.149607690588578,-12.454788322792268,157.03299582734627,304.6109320397991,143
297.0,12.972090183949211,80.24432267337406,7.272637721128034,42.88789692310043,137.55018557908826,31.494863534737053,-1.4043377796888223,-9.306706297201996,208.49453968116296,403.5683660699324,91
298.0,12.972090183949211,80.25330578512397,5.038267395000471,43.65675897967061,202.89984009754966,35.95958399080366,-3.151530077510381,-9.1853581317834,275.21756225373065,531.8726999482924,41
299.0,12.972090183949211,80.26228889687388,1.1803164285965595,20.622493579545047,206.5992336914915,30.90150682362835,-3.19141068171389,-7.055800129298989,249.05633971224856,481.5662524551836,58
300.0,12.972090183949211,80.27127200862378,0.0,5.936473612951803,118.75936422747026,13.939997451603704,-1.0838987105685247,-3.3199211602574747,134.23201542119978,260.7660267883554,169
301.0,12.972090183949211,80.2802551203737,0.0,0.0,27.48241982173335,1.704088342283737,-0.0,-0.0,29.186508164017088,58.76987439749398,373
302.0,12.972090183949211,80.28923823212361,0.0,0.0,0.0,0.0,-0.0,-0.0,0.0,2.6459857630012857,619
303.0,12.972090183949211,80.29822134387352,0.0,0.0,0.0,0.0,-0.0,-0.0,0.0,2.6459857630012857,619
304.0,12.972090183949211,80.30720445562343,0.0,0.0,0.0,0.0,-0.0,-0.0,0.0,2.6459857630012857,619
305.0,12.972090183949211,80.31618756737333,0.0,0.0,0.0,0.0,-0.0,-0.0,0.0,2.6459857630012857,619
306.0,12.972090183949211,80.32517067912325,0.0,0.0,0.0,0.0,-0.0,-0.0,0.0,2.6459857630012857,619
307.0,12.972090183949211,80.33415379087316,0.0,0.0,0.0,0.0,-0.0,-0.0,0.0,2.6459857630012857,619
308.0,12.972090183949211,80.34313690262307,0.0,0.0,0.0,0.0,-0.0,-0.0,0.0,2.6459857630012857,619
309.0,12.981133901278781,80.15449155587496,0.538228253118195,4.20036520690486,24.415214187117854,9.72959721842095,-2.14387780641581,-1.1049384075283015,35.63458865161775,71.16914289369957,358
310.0,12.981133901278781,80.16347466762487,0.0,1.1654882863834475,9.764585589313237,4.317899458414806,-0.5168638600421435,-0.0,14.73110947406935,30.973017655239687,428
311.0,12.981133901278781,80.17245777937478,3.4738668391019853,3.8479779104402696,18.47956923886135,11.689887567799516,-4.801502641704634,-0.8904861281070244,31.79931278639147,63.79413954170933,370
312.0,12.981133901278781,80.18144089112468,11.811769951666376,12.293231200306927,66.06120081603221,42.27001354796294,-15.605314464431752,-7.386004180242861,109.44489687129384,213.10189810097842,209
313.0,12.981133901278781,80.1904240028746,19.11251549308779,14.876241675198344,92.77446629646596,66.16895390986834,-20.2219607962938,-11.751395062108855,160.9588215162178,312.1600572219713,138
314.0,12.981133901278781,80.1994071146245,18.21839985875515,9.916500338242423,74.83501067171244,52.42868742261535,-11.812979330629124,-9.449497185566699,134.13612177512954,260.5816291110945,170
315.0,12.981133901278781,80.20839022637442,18.461793388712728,17.207439758889617,97.3910551128188,32.73019159290745,-2.000053073241192,-11.41097689465057,152.37944988543686,295.6624448575875,148
316.0,12.981133901278781,80.21737333812433,22.066508847262902,33.247239875828605,148.5222930395553,34.60120731920935,-2.669320323432386,-19.039964251550543,216.72796450687323,419.40074366720614,85
317.0,12.981133901278781,80.22635644987423,20.056092930394847,32.8204732424381,119.17457696509777,36.37066524547529,-5.433685785560606,-20.896320481300563,182.09180211654484,352.79749980545586,114
318.0,12.981133901278781,80.23533956162414,12.114092775510759,38.44649719926175,72.81568974739491,26.84065849761428,-4.845849426810964,-12.679938734432485,132.69115005853826,257.8030359595526,174
319.0,12.981133901278781,80.24432267337406,7.1811960561763515,59.18869907575099,138.46736363812994,27.44879324795293,-3.614543055298207,-7.220975025561435,221.45053393715054,428.4819588397807,80
320.0,12.981133901278781,80.25330578512397,3.9532029116963177,65.52620679903956,309.84980401194787,38.263524397995155,-4.093660964742056,-7.0602149554485765,406.4388622004882,784.2033173451613,10
321.0,12.981133901278781,80.26228889687388,1.1840876110290943,40.505954727497596,382.61385685328173,41.138105300672066,-4.2765398165680155,-7.759619959833208,453.40584471607923,874.5179819631433,5
322.0,12.981133901278781,80.27127200862378,0.0,13.208113693567231,254.264870833283,24.868468827278345,-1.8714700318806923,-4.2786313519900885,286.19135197025776,552.974633365186,37
323.0,12.981133901278781,80.2802551203737,0.0,0.6373304403231629,65.47759568175091,5.096280614105489,-0.0,-0.0,71.21120673617958,139.58082613272023,281
324.0,12.981133901278781,80.28923823212361,0.0,0.0,0.0,0.0,-0.0,-0.0,0.0,2.6459857630012857,619
325.0,12.981133901278781,80.29822134387352,0.0,0.0,0.0,0.0,-0.0,-0.0,0.0,2.6459857630012857,619
326.0,12.981133901278781,80.30720445562343,0.0,0.0,0.0,0.0,-0.0,-0.0,0.0,2.6459857630012857,619
327.0,12.981133901278781,80.31618756737333,0.0,0.0,0.0,0.0,-0.0,-0.0,0.0,2.6459857630012857,619
328.0,12.981133901278781,80.32517067912325,0.0,0.0,0.0,0.0,-0.0,-0.0,0.0,2.6459857630012857,619
329.0,12.981133901278781,80.33415379087316,0.0,0.0,0.0,0.0,-0.0,-0.0,0.0,2.6459857630012857,619
330.0,12.981133901278781,80.34313690262307,0.0,0.0,0.0,0.0,-0.0,-0.0,0.0,2.6459857630012857,619
331.0,12.990177618608353,80.15449155587496,0.0,0.0,9.774601207659437,5.009615699342562,-0.0,-0.0,14.784216907001998,31.075140034348074,426
332.0,12.990177618608353,80.16347466762487,0.0,0.0,5.641142303105969,1.517287545910417,-0.0,-0.0,7.158429849016386,16.41121308606068,469
333.0,12.990177618608353,80.17245777937478,1.9111528601323697,2.232687165062427,14.360575195103667,4.4048805807432805,-3.5788324420908078,-0.30727010420462886,19.023193254746307,39.22643497953639,409
334.0,12.990177618608353,80.18144089112468,5.806256923210842,6.681703611204463,49.86033944377047,30.639831197794432,-10.163679307609849,-4.013420322386108,78.81103154598425,154.19482924916656,266
335.0,12.990177618608353,80.1904240028746,9.563204405246342,7.9897319299223115,79.27960480552933,57.820764123399734,-12.804523691007148,-6.499321250836284,135.3494603222543,262.9148056977586,166
336.0,12.990177618608353,80.1994071146245,11.243462743376051,4.663216656685923,70.88150390234193,50.00126677774974,-6.576876860704385,-5.507763211549033,124.70481000790024,242.44578742950068,183
337.0,12.990177618608353,80.20839022637442,13.04775129255159,7.1996876510303505,88.87377080648866,27.345132139182233,-0.5363826640775842,-7.421536313127275,128.508422912048,249.75990482379356,178
338.0,12.990177618608353,80.21737333812433,15.205443067988064,21.4540382266292,126.06424937769711,21.650563530653518,-2.1777330451324697,-14.679634119185426,167.51692703865,324.7708972006986,132
339.0,12.990177618608353,80.22635644987423,13.589377582339328,27.23695491331567,89.07622468380856,26.582158209861216,-5.038433375245596,-15.260979514634837,136.1853024994443,264.52207961367225,164
340.0,12.990177618608353,80.23533956162414,11.775942329514447,36.43453252014727,48.170107785288124,26.294784790398825,-5.305180024632327,-10.664587077293959,106.70560032342239,207.8343966401792,216
341.0,12.990177618608353,80.24432267337406,9.462918627172332,57.609910568119965,153.24381609662566,25.634206164867717,-4.913949363979278,-7.238295452703598,233.7986066401028,452.2265552586669,71
342.0,12.990177618608353,80.25330578512397,6.19472134961903,61.273324077298525,347.86510543753866,36.980200296308006,-6.82247919505801,-8.962176600797095,436.52869536490914,842.0642452800909,7
343.0,12.990177618608353,80.26228889687388,4.675698921929542,40.53132023440376,439.30532796329356,47.97833737372357,-6.288545087163681,-7.54098125804377,518.6611581481429,1000.0,1
344.0,12.990177618608353,80.27127200862378,2.0992781371168285,13.976210808456319,305.02738164746154,36.47148845580621,-2.5846852355033336,-4.116962968702694,350.87271084463487,677.352971527224,16
345.0,12.990177618608353,80.2802551203737,0.42377674154345557,1.9279192554181992,91.82462621431222,13.656722383271122,-0.7586391170533497,-1.032309060960724,106.04209641653091,206.55851878697175,218
346.0,12.990177618608353,80.28923823212361,0.0,0.0,0.0,0.2961658670780748,-0.0,-0.0,0.2961658670780748,3.2154947994306737,513
347.0,12.990177618608353,80.29822134387352,0.0,0.0,0.0,0.0,-0.0,-0.0,0.0,2.6459857630012857,619
348.0,12.990177618608353,80.30720445562343,0.0,0.0,0.0,0.0,-0.0,-0.0,0.0,2.6459857630012857,619
349.0,12.990177618608353,80.31618756737333,0.0,0.0,0.0,0.0,-0.0,-0.0,0.0,2.6459857630012857,619
350.0,12.990177618608353,80.32517067912325,0.0,0.0,0.0,0.0,-0.0,-0.0,0.0,2.6459857630012857,619
351.0,12.990177618608353,80.33415379087316,0.0,0.0,0.0,0.0,-0.0,-0.0,0.0,2.6459857630012857,619
352.0,12.990177618608353,80.34313690262307,0.0,0.0,0.0,0.0,-0.0,-0.0,0.0,2.6459857630012857,619
353.0,12.999221335937923,80.15449155587496,0.0,0.6714569673141595,41.347268836360485,5.438708857234741,-0.6849003977018651,-0.44619129237145716,46.32634297083606,91.72873931225844,329
354.0,12.999221335937923,80.16347466762487,0.4610617727058688,0.4922109177282497,31.334131752928503,2.6667922667660395,-0.0,-0.0,34.954196710128656,69.86079037213901,362
355.0,12.999221335937923,80.17245777937478,1.274647481570156,0.34345701011791013,20.41979393704898,1.93366523732305,-0.5521042228535895,-0.3232047216816807,23.096254721524826,47.05868565091846,396
356.0,12.999221335937923,80.18144089112468,3.303136395838252,2.055284278194093,54.410322575932966,15.293719231949815,-2.543981773583976,-0.5865781711278333,71.93190253720331,140.9666805367037,280
357.0,12.999221335937923,80.1904240028746,3.816504385795768,5.674480177446672,109.68892249244976,40.740068233457016,-6.412336928329305,-1.5936061217503477,151.91403223906957,294.7674748938476,149
358.0,12.999221335937923,80.1994071146245,5.287666394093117,22.42958401326074,111.99826088389015,43.09003851714913,-5.955765211625593,-1.5245330762734093,175.32525152049416,339.7858325666662,120
359.0,12.999221335937923,80.20839022637442,6.633803580988645,29.424280184265225,111.30179080196314,22.752446346350414,-3.6180855641744603,-4.0940831070662345,162.4001522423267,314.93164896919296,135
360.0,12.999221335937923,80.21737333812433,4.8081508230772805,26.073908963588018,115.38704958500422,12.771844189848315,-1.8755990223367296,-7.671851911357042,149.49350262782406,290.1129429582487,153
361.0,12.999221335937923,80.22635644987423,5.132244931630062,22.972073951419794,86.89152047847384,19.678228484979968,-2.6963610535738747,-7.80607025166768,124.1716365412621,241.42052712442052,184
362.0,12.999221335937923,80.23533956162414,7.713143120493289,32.02084571522532,60.00973637384672,31.16347015502013,-3.7924007592984372,-6.670112045215749,120.44468256007127,234.25382019905723,188
363.0,12.999221335937923,80.24432267337406,9.274705491781832,38.81009250154064,150.30809538598592,35.74506760132905,-6.313502602939892,-11.724354415287273,216.10010396241026,418.1934058425713,86
364.0,12.999221335937923,80.25330578512397,9.810493775080259,33.434505227797004,283.33524443390667,38.28595332672619,-9.893557460361766,-14.617519734141185,340.3551195690072,657.1282800999643,18
365.0,12.999221335937923,80.26228889687388,9.567602703770353,17.546895636208866,324.312180889119,46.85011702855131,-9.228990644077118,-10.493503767383624,378.5543018461888,730.582995546067,12
366.0,12.999221335937923,80.27127200862378,6.108513953220804,8.374456881502953,220.62687651667534,39.07901466410383,-5.064655381395152,-3.0368302716113336,266.08737636249646,514.3159051000623,45
367.0,12.999221335937923,80.2802551203737,1.9876474975761331,2.2346746469891205,79.56215602252455,16.873625806703636,-1.1468054114696096,-1.1273799301382224,98.3839186321856,191.83230643240051,235
368.0,12.999221335937923,80.28923823212361,0.0,0.0,1.2476959358513522,2.136571652668719,-0.0,-0.0,3.3842675885200713,9.153727496957357,491
369.0,12.999221335937923,80.29822134387352,0.0,0.0,0.0,0.0,-0.0,-0.0,0.0,2.6459857630012857,619
370.0,12.999221335937923,80.30720445562343,0.0,0.0,0.0,0.0,-0.0,-0.0,0.0,2.6459857630012857,619
371.0,12.999221335937923,80.31618756737333,0.0,0.0,0.0,0.0,-0.0,-0.0,0.0,2.6459857630012857,619
372.0,12.999221335937923,80.32517067912325,0.0,0.0,0.0,0.0,-0.0,-0.0,0.0,2.6459857630012857,619
373.0,12.999221335937923,80.33415379087316,0.0,0.0,0.0,0.0,-0.0,-0.0,0.0,2.6459857630012857,619
374.0,12.999221335937923,80.34313690262307,0.0,0.0,0.0,0.0,-0.0,-0.0,0.0,2.6459857630012857,619
375.0,13.008265053267495,80.15449155587496,0.0,2.0435711004876875,100.84371168613188,14.407407751322436,-2.3060989875354085,-2.6156751656243618,112.37291638478223,218.73230240186845,201
376.0,13.008265053267495,80.16347466762487,2.8644412169821933,2.4761143908001353,87.90857477248085,11.755343740942529,-1.7513927556803432,-3.079385335952104,100.17369602957325,195.27394003814157,233
377.0,13.008265053267495,80.17245777937478,5.9385422464091375,3.775309212582665,63.954804899791164,7.064830827345085,-0.9308064702253592,-3.846881651578734,75.95579906432397,148.70439000491845,271
378.0,13.008265053267495,80.18144089112468,5.133439123440913,4.645215090332546,96.64572155932936,15.906533759225473,-2.549727366528858,-3.218839413151044,116.56234275264839,226.78831573485107,194
379.0,13.008265053267495,80.1904240028746,2.7402464444818246,18.340830180440523,154.81932903390316,34.46380677743019,-5.357013219795893,-0.9020146443154701,204.1051845721443,395.12790186875344,95
380.0,13.008265053267495,80.1994071146245,2.9844766567563,56.13940388412129,148.96225860011668,42.37522664473308,-9.054489081822684,-0.874696016270748,240.53218068763394,465.17481059061726,64
381.0,13.008265053267495,80.20839022637442,4.164200185326779,75.20044728155912,146.84528565597492,34.12062286046713,-6.850862205199924,-3.2203034449372607,250.25939033319077,483.8796459824936,56
382.0,13.008265053267495,80.21737333812433,2.2245371102397664,63.23551506027266,205.05878355694745,35.61371927881734,-3.2692688348959518,-6.1128638931427455,296.75042227823855,573.279086461069,31
383.0,13.008265053267495,80.22635644987423,2.314094989545759,47.423459128274374,194.97300882837516,41.43103724332351,-2.89152785149152,-5.5701187503527905,277.6799535876745,536.6077294428856,40
384.0,13.008265053267495,80.23533956162414,4.5068873104676594,38.38244833474243,138.4644176096993,43.261299845872145,-2.948522882480494,-6.488991923515505,215.17753829478553,416.41936790364406,87
385.0,13.008265053267495,80.24432267337406,6.2339051326320885,26.95378444020652,160.646253160416,45.48850895093082,-5.372428990223495,-13.515833352752642,220.4341893412093,426.52758969783594,82
386.0,13.008265053267495,80.25330578512397,8.49027184777499,13.521419657297164,188.96177373942677,41.09776833205674,-9.008335611091299,-17.523648253020077,225.5392497124443,436.34431179893295,76
387.0,13.008265053267495,80.26228889687388,8.887768603619913,5.53908723144109,183.15574779911785,37.842467571607926,-9.234473645549489,-11.422537026639015,214.76806053359826,415.631966953245,89
388.0,13.008265053267495,80.27127200862378,6.092838174125861,4.218167522132684,140.65608716989013,30.87091385859793,-5.757400056454343,-3.3350684306362397,172.74553823765604,334.82520006546736,127
389.0,13.008265053267495,80.2802551203737,1.7677681628232915,1.367808201255133,70.38228106391743,12.644250238234335,-2.1441904310865443,-0.8227023809870009,83.19521485415666,162.62534839035058,257
390.0,13.008265053267495,80.28923823212361,0.0,0.0,6.861297732434682,0.9889951931933254,-0.47389462293969775,-0.0,7.37639830268831,16.83035322954648,464
391.0,13.008265053267495,80.29822134387352,0.0,0.0,0.0,0.0,-0.0,-0.0,0.0,2.6459857630012857,619
392.0,13.008265053267495,80.30720445562343,0.0,0.0,0.0,0.0,-0.0,-0.0,0.0,2.6459857630012857,619
393.0,13.008265053267495,80.31618756737333,0.0,0.0,0.0,0.0,-0.0,-0.0,0.0,2.6459857630012857,619
394.0,13.008265053267495,80.32517067912325,0.0,0.0,0.0,0.0,-0.0,-0.0,0.0,2.6459857630012857,619
395.0,13.008265053267495,80.33415379087316,0.0,0.0,0.0,0.0,-0.0,-0.0,0.0,2.6459857630012857,619
396.0,13.008265053267495,80.34313690262307,0.0,0.0,0.0,0.0,-0.0,-0.0,0.0,2.6459857630012857,619
397.0,13.017308770597067,80.15449155587496,1.36293631515383,2.285717976004642,111.54327669126761,22.30437584255518,-2.85357851138376,-3.8103268771030585,130.83240143649442,254.22877486340272,175
398.0,13.017308770597067,80.16347466762487,6.770737807563696,7.301306927204227,108.91324775202438,19.38013860400366,-2.9215251475054727,-5.192833711956164,134.25107223133435,260.8026718807971,168
399.0,13.017308770597067,80.17245777937478,11.322276645624704,12.68644832295655,85.60351524294637,15.195225432764332,-3.545610818939299,-6.245843987308202,115.01601083804445,223.81481305753562,196
400.0,13.017308770597067,80.18144089112468,9.981015369998136,12.77613578929778,104.40017133586315,20.664012350065452,-4.403764212859642,-4.9525317294993725,138.4650389028655,268.9058747323823,161
401.0,13.017308770597067,80.1904240028746,5.576979961161733,23.239304439117152,136.17389285505317,33.07391746760549,-6.033210417084,-1.7926750898584292,190.2382092159951,368.46254758203304,106
402.0,13.017308770597067,80.1994071146245,6.525844861709308,62.096119015409855,122.02613566891466,45.13336869526006,-7.81397623486984,-1.4932337558288005,226.47425825059523,438.14227662475537,75
403.0,13.017308770597067,80.20839022637442,9.597695435964402,89.61616625057957,171.57680101305237,62.00407577142589,-8.864098464352704,-5.209446950278094,318.7211930563914,615.5275488477838,20
404.0,13.017308770597067,80.21737333812433,8.830736578285038,83.67325891596069,299.88466056720057,82.60707726197032,-6.816228371822271,-9.09232093177315,459.0871840198212,885.4428535711518,4
405.0,13.017308770597067,80.22635644987423,4.872857705720979,66.26481138719376,326.95071322855637,80.9783633749198,-4.6693346069068085,-7.579054129876204,466.81835695960785,900.309431191476,3
406.0,13.017308770597067,80.23533956162414,4.713230717710231,44.47062307157332,241.88031299505306,61.11314387673244,-2.417252124565297,-5.93059007488404,343.82946846161974,663.8092427293602,17
407.0,13.017308770597067,80.24432267337406,3.7146887134100126,18.53789441825256,196.64297446327333,46.24073056767937,-5.267830284552494,-10.208010856466144,249.66044702159664,482.727914246399,57
408.0,13.017308770597067,80.25330578512397,3.2562792177655058,9.560348084545927,165.66141618858757,38.78320264822751,-8.075698117237648,-14.433826105504574,194.7517219163843,377.14175931656024,100
409.0,13.017308770597067,80.26228889687388,4.202518318403168,4.6276764487121955,153.46329420062213,36.60449149050168,-7.691364567413558,-11.080343545548644,180.12627234527696,349.0179050224657,115
410.0,13.017308770597067,80.27127200862378,3.830111893465441,4.4164554993276965,143.65726821051342,32.82964307166743,-4.991026252126387,-3.73662413920964,176.00582828363795,341.09454048908214,119
411.0,13.017308770597067,80.2802551203737,1.7011120549688397,2.356266167257833,93.90725020550926,14.456344215285496,-3.5250208881009693,-0.8484347412546237,108.04751701366584,210.4148212136416,211
412.0,13.017308770597067,80.28923823212361,0.7715743924447629,0.36054099639769294,24.491762452246707,1.2470719036093505,-1.2013073013905515,-0.0,25.669642443307957,52.007154481074295,388
413.0,13.017308770597067,80.29822134387352,0.0,0.0,0.0,0.0,-0.0,-0.0,0.0,2.6459857630012857,619
414.0,13.017308770597067,80.30720445562343,0.0,0.0,0.0,0.0,-0.0,-0.0,0.0,2.6459857630012857,619
415.0,13.017308770597067,80.31618756737333,0.0,0.0,0.0,0.0,-0.0,-0.0,0.0,2.6459857630012857,619
416.0,13.017308770597067,80.32517067912325,0.0,0.0,0.0,0.0,-0.0,-0.0,0.0,2.6459857630012857,619
417.0,13.017308770597067,80.33415379087316,0.0,0.0,0.0,0.0,-0.0,-0.0,0.0,2.6459857630012857,619
418.0,13.017308770597067,80.34313690262307,0.0,0.0,0.0,0.0,-0.0,-0.0,0.0,2.6459857630012857,619
419.0,13.026352487926637,80.15449155587496,5.887273934433514,2.712940482102131,78.38658888422475,19.157801691592304,-1.297663692247842,-2.2652980349055247,102.58164326519933,199.90427682699476,228
420.0,13.026352487926637,80.16347466762487,11.326279593855968,8.538751003013953,88.57215698528304,17.55458812055336,-2.0978862680607833,-3.459668617997235,120.43422081664832,234.2337028996704,189
421.0,13.026352487926637,80.17245777937478,13.124949277255578,14.870922046053066,75.78060904229716,14.469932092586125,-4.157669949613598,-4.227445181644004,109.86129732693433,213.90261097380267,207
422.0,13.026352487926637,80.18144089112468,9.774599408351683,13.67012185376983,67.92890879302223,19.590749287313045,-4.878453724439918,-3.9293720469768196,102.15655357104004,199.08685507443036,229
423.0,13.026352487926637,80.1904240028746,7.33481165460813,14.614335827503114,69.70456589710842,26.308265423789383,-3.8017113111667378,-1.9178420436028913,112.24242544823942,218.4813762290908,202
424.0,13.026352487926637,80.1994071146245,11.474814338615097,33.27440079456479,65.76285067721632,40.90256480414375,-5.0793861456837615,-3.633979700855504,142.7012647680007,277.0518806659911,157
425.0,13.026352487926637,80.20839022637442,15.82578577037905,51.99432959400777,140.26365304534932,72.97676652087146,-9.143747298425192,-10.572290042453755,261.3444975897287,505.1956362911373,48
426.0,13.026352487926637,80.21737333812433,13.831550399131721,55.22442524422411,272.58550840162076,108.49126674567158,-11.224332581861855,-16.12611479170133,422.7823034170849,815.6307655890557,9
427.0,13.026352487926637,80.22635644987423,10.948696130228342,49.219390922257006,310.1920749440725,103.40252381513424,-8.092524825257208,-13.83201759867411,451.8381433877608,871.5033871966763,6
428.0,13.026352487926637,80.23533956162414,10.910291404859992,31.33578970703644,264.4598560748261,71.68409919649716,-6.491064682041182,-8.214987440749905,363.68398426042864,701.9882748808637,14
429.0,13.026352487926637,80.24432267337406,8.654502503200236,12.215584774449804,220.21076025466476,46.07028490019438,-10.019631399776571,-9.167715670441048,267.96378536229156,517.9241260337022,44
430.0,13.026352487926637,80.25330578512397,3.4719023657443544,10.33491831349346,207.5138064315156,43.652791697904526,-13.317852798540319,-14.077131773750926,237.5784342363667,459.4949349455468,67
431.0,13.026352487926637,80.26228889687388,2.1413467317036856,11.133682814915389,186.07001614990574,51.002945178121244,-10.917452686983836,-12.476381757638581,226.95415643002363,439.065091777112,74
432.0,13.026352487926637,80.27127200862378,2.427968580340077,9.886377863351806,206.96718782803538,51.22369610462964,-6.580911280960108,-6.104860139942949,257.81945895545385,498.4172003566108,50
433.0,13.026352487926637,80.2802551203737,2.846209789494627,4.771172914202941,169.10209099979957,29.573061094232383,-3.9208007869276305,-1.065722407695332,201.30601160310655,389.7452616741775,97
434.0,13.026352487926637,80.28923823212361,1.2909940683380912,0.9022680648772962,68.4573662292581,6.033918169211802,-1.4358772567627405,-0.0,75.24866927492255,147.34462222017788,274
435.0,13.026352487926637,80.29822134387352,0.0,0.0,0.0,0.0,-0.0,-0.0,0.0,2.6459857630012857,619
436.0,13.026352487926637,80.30720445562343,0.0,0.0,0.0,0.0,-0.0,-0.0,0.0,2.6459857630012857,619
437.0,13.026352487926637,80.31618756737333,0.0,0.0,0.0,0.0,-0.0,-0.0,0.0,2.6459857630012857,619
438.0,13.026352487926637,80.32517067912325,0.0,0.0,0.0,0.0,-0.0,-0.0,0.0,2.6459857630012857,619
439.0,13.026352487926637,80.33415379087316,0.0,0.0,0.0,0.0,-0.0,-0.0,0.0,2.6459857630012857,619
440.0,13.026352487926637,80.34313690262307,0.0,0.0,0.0,0.0,-0.0,-0.0,0.0,2.6459857630012857,619
441.0,13.035396205256209,80.15449155587496,10.099329679184827,5.828772057886972,64.07573402068577,12.034399559150785,-0.0,-0.4679690108434227,91.57026630606494,178.73006541760162,243
442.0,13.035396205256209,80.16347466762487,12.004528979948123,5.839978647816743,74.07701947406987,10.761842766201847,-0.5203674210253977,-1.0627221547370533,101.10028029227414,197.05570549216773,231
443.0,13.035396205256209,80.17245777937478,10.862085086328307,7.536718065220615,65.44429254847505,11.193822404293696,-1.8733200563184895,-2.9597935197810212,90.20380452821816,176.10244212631275,247
444.0,13.035396205256209,80.18144089112468,9.787524960493213,6.089683891926619,49.38285283989422,18.692484741870413,-2.4373150518164874,-5.9937312405846255,75.52150014178336,147.86925946358153,273
445.0,13.035396205256209,80.1904240028746,11.475893771545682,5.838003528306253,46.506347661021636,27.226892224741327,-1.2806923575634959,-6.260031768481463,83.50641305956994,163.2237637035398,255
446.0,13.035396205256209,80.1994071146245,14.444940722253563,13.39135796661999,51.095587748691074,36.3359545260563,-2.3701775292589473,-7.333996391717666,105.56366704264431,205.63852805876994,219
447.0,13.035396205256209,80.20839022637442,13.837086414228793,17.619248543880225,89.82251977634517,57.49081005708227,-7.353010375181345,-12.745442481317667,158.67121193503743,307.76112245896826,141
448.0,13.035396205256209,80.21737333812433,10.221548550396314,24.144187940697993,159.58979226796433,82.33694144446027,-10.185689451001789,-18.71765396005967,247.38912679245746,478.36030292142937,59
449.0,13.035396205256209,80.22635644987423,10.702421141977549,28.706212830538522,203.093407205057,85.16788658306635,-9.797604331989975,-19.054135920011067,298.8181875086384,577.2552738439884,29
450.0,13.035396205256209,80.23533956162414,15.600417576095198,22.114120132960498,190.55599074871122,67.6863931892749,-9.254946152939684,-16.160642165987273,270.54133332811483,522.8805947613412,43
451.0,13.035396205256209,80.24432267337406,14.330001605945181,17.746274676152666,234.22394824326818,57.8434527473558,-14.295996940251872,-15.729580852169093,294.1180994803009,568.2172890466175,33
452.0,13.035396205256209,80.25330578512397,9.916114336709759,20.070562566824933,258.2578203296098,52.198711470375834,-18.7360630167682,-17.60531918117535,304.1018265055768,587.4153918335267,26
453.0,13.035396205256209,80.26228889687388,5.411563932018679,21.69454690572845,234.417462745656,56.47918373825483,-13.981898635764637,-14.141580300826414,289.87927838506687,560.0662926426096,34
454.0,13.035396205256209,80.27127200862378,3.008238614628903,15.535821960771518,235.07825696979745,59.095327277609435,-5.444467431615573,-6.42517264464805,300.84800474654367,581.1584895342099,27
455.0,13.035396205256209,80.2802551203737,2.1713359717616143,6.437762369469661,215.74934072106498,37.8851694616732,-2.5372997637606933,-0.652064007877904,259.0542447523308,500.7916187064159,49
456.0,13.035396205256209,80.28923823212361,0.7938357017299245,1.2312304670376697,94.28192854365923,11.030951732955396,-0.8148632375423259,-0.0,106.5230832078399,207.4834272740846,217
457.0,13.035396205256209,80.29822134387352,0.0,0.0,0.0,0.0,-0.0,-0.0,0.0,2.6459857630012857,619
458.0,13.035396205256209,80.30720445562343,0.0,0.0,0.0,0.0,-0.0,-0.0,0.0,2.6459857630012857,619
459.0,13.035396205256209,80.31618756737333,0.0,0.0,0.0,0.0,-0.0,-0.0,0.0,2.6459857630012857,619
460.0,13.035396205256209,80.32517067912325,0.0,0.0,0.0,0.0,-0.0,-0.0,0.0,2.6459857630012857,619
461.0,13.035396205256209,80.33415379087316,0.0,0.0,0.0,0.0,-0.0,-0.0,0.0,2.6459857630012857,619
462.0,13.035396205256209,80.34313690262307,0.0,0.0,0.0,0.0,-0.0,-0.0,0.0,2.6459857630012857,619
463.0,13.044439922585779,80.15449155587496,9.919894866449905,7.021994555958981,52.852594459597775,6.031833420925592,-0.0,-0.0,75.82631730293225,148.45540441487427,272
464.0,13.044439922585779,80.16347466762487,8.253348756657969,3.155286711682397,47.98458956624902,6.507960890730951,-0.0,-0.6654456245920802,65.23574030072825,128.09036585299827,291
465.0,13.044439922585779,80.17245777937478,9.597155911628397,0.7605787305766467,40.26411229290239,9.30184404918628,-0.0,-4.3172692561727475,55.606421728120964,109.57376906937395,303
466.0,13.044439922585779,80.18144089112468,13.244579126749638,0.4543097471248868,39.655280766635876,21.703647077468347,-0.0,-9.05790554851258,65.99991116946616,129.5598201807909,289
467.0,13.044439922585779,80.1904240028746,18.430256099068906,3.247136015242067,54.99971780424785,33.36010882012428,-0.0,-11.895951241025596,98.14126749765751,191.3657029875911,237
468.0,13.044439922585779,80.1994071146245,20.50927364414132,8.010838994229385,66.11854829023643,37.95980144300412,-0.4945109854262707,-9.921428926797311,122.18252245938766,237.59558113961594,187
469.0,13.044439922585779,80.20839022637442,15.443612180058462,10.372369441987164,73.46891916223137,41.7977639095051,-2.42945301888935,-10.094769873001374,128.55844180189138,249.85608812148084,177
470.0,13.044439922585779,80.21737333812433,6.738477750862549,13.008468670984271,101.37410576331126,47.458350091847,-5.133655942607089,-12.868047407966085,150.5776989264319,292.19778681757737,151
471.0,13.044439922585779,80.22635644987423,7.905082824177191,23.26598978230731,140.72099723813136,54.17780568954847,-6.5824860345717,-15.434822340839762,204.05256715875288,395.0267217675635,96
472.0,13.044439922585779,80.23533956162414,16.583723651311153,28.167537361970446,172.80116168312787,62.83134920258459,-7.912504737171344,-18.769570493472127,253.7016966683506,490.49899271334033,54
473.0,13.044439922585779,80.24432267337406,23.4017872956263,27.442400908725787,212.66909416587114,66.18747832080182,-12.228910456130528,-20.372686675384543,297.09916355951,573.9496948367726,30
474.0,13.044439922585779,80.25330578512397,20.386530345005013,34.37689826673613,239.6954622773456,56.043978251393504,-15.481140083734992,-17.010931688602472,318.0107973681428,614.1615009372343,21
475.0,13.044439922585779,80.26228889687388,14.357303625597908,32.598363860602895,187.3522631177582,49.59557706938507,-11.170486464046764,-10.536042294194989,262.19697891510236,506.8349062818943,47
476.0,13.044439922585779,80.27127200862378,7.561938710543075,16.99216352082328,205.79018114747038,50.443777020768174,-4.764120105383885,-4.273429898275409,271.7505103959456,525.2057690752038,42
477.0,13.044439922585779,80.2802551203737,2.740884748808986,6.592480928529083,199.97401209068641,38.22464031410936,-1.0731295860542458,-1.0976536037510534,245.36123489232855,474.4607895392174,60
478.0,13.044439922585779,80.28923823212361,0.0,2.0410461276161156,105.6597025673935,15.237207208923643,-0.0,-0.0,122.93795590393324,239.04823392953477,186
479.0,13.044439922585779,80.29822134387352,0.0,0.0,0.0,1.0797302143263394,-0.0,-0.0,1.0797302143263394,4.72224161257421,503
480.0,13.044439922585779,80.30720445562343,0.0,0.0,0.0,0.0,-0.0,-0.0,0.0,2.6459857630012857,619
481.0,13.044439922585779,80.31618756737333,0.0,0.0,0.0,0.0,-0.0,-0.0,0.0,2.6459857630012857,619
482.0,13.044439922585779,80.32517067912325,0.0,0.0,0.0,0.0,-0.0,-0.0,0.0,2.6459857630012857,619
483.0,13.044439922585779,80.33415379087316,0.0,0.0,0.0,0.0,-0.0,-0.0,0.0,2.6459857630012857,619
484.0,13.044439922585779,80.34313690262307,0.0,0.0,0.0,0.0,-0.0,-0.0,0.0,2.6459857630012857,619
485.0,13.05348363991535,80.15449155587496,4.866638935557481,5.793339194619062,55.48694182345001,2.045195785625551,-0.0,-1.0456446652999047,67.1464710739522,131.764585479556,287
486.0,13.05348363991535,80.16347466762487,3.218849044558304,1.915113879829256,62.446036850290355,1.9294177929378749,-0.0,-0.8275778359314532,68.68183973168433,134.7170064774774,285
487.0,13.05348363991535,80.17245777937478,5.42326157539088,0.0,50.681593926472274,5.788578546074676,-0.0,-2.3229891196703516,59.57044492826748,117.19634575375618,299
488.0,13.05348363991535,80.18144089112468,11.54114147467432,0.9447764691068807,39.999297072972446,18.08847394831641,-0.0,-6.942990020487182,63.63069894458288,125.00396847309122,295
489.0,13.05348363991535,80.1904240028746,19.82562084944385,3.4601536086359825,51.59547048940521,30.528071589141497,-0.0,-11.422542440487376,93.98677409613916,183.3768636345159,242
490.0,13.05348363991535,80.1994071146245,23.143288899003558,5.980606158986158,104.87831106279592,35.45543996941076,-0.0,-12.247949949005475,157.20969614119093,304.95071604822397,142
491.0,13.05348363991535,80.20839022637442,17.782013286884798,6.900241781249875,126.0468328436239,35.07092818830611,-0.0,-9.086598029563985,176.7134180705007,342.45519282109865,118
492.0,13.05348363991535,80.21737333812433,9.356273981228963,14.205311653232329,119.13483980737465,37.0651871731688,-1.662300108097408,-8.79613243132695,169.30318007558037,328.2057536745984,131
493.0,13.05348363991535,80.22635644987423,7.8686622565372835,25.343883407162615,118.58680836197112,40.086859965143894,-4.302247297622924,-10.523791349467475,177.06017534372452,343.1219860694122,117
494.0,13.05348363991535,80.23533956162414,16.41241617311137,33.941303052974106,131.92419182033996,49.40030844967868,-8.604728138627966,-14.479386452091166,208.59410490538497,403.75982396975047,90
495.0,13.05348363991535,80.24432267337406,23.168985380569346,43.778303366509064,159.91619454185167,57.837304378466776,-11.06589319010525,-17.2075631982592,256.4273312790324,495.74022309583665,52
496.0,13.05348363991535,80.25330578512397,22.88209969528619,55.089827827306095,175.2366958018271,51.74645546580386,-11.705514032539412,-13.313710189326189,279.9358545683577,540.9456904863515,38
497.0,13.05348363991535,80.26228889687388,17.006609188562756,50.40341932885106,148.90195157868425,42.070786709538574,-8.928615970076299,-6.097880614808987,243.35627022075138,470.60536382979944,62
498.0,13.05348363991535,80.27127200862378,10.919888901863443,28.267304124716265,140.60307739167803,47.895728054524525,-4.515184261972071,-2.063678494231585,221.1071357165786,427.8216248464042,81
499.0,13.05348363991535,80.2802551203737,5.475736049721517,8.004091740012795,157.43592484122252,46.18643502613671,-1.737143546997037,-0.35079604635794953,215.01424806373856,416.1053706727701,88
500.0,13.05348363991535,80.28923823212361,1.644052966593351,2.1369727995863532,79.38156300043542,24.951541573622887,-0.578218936083061,-0.0,107.53591140415496,209.43103459238452,214
501.0,13.05348363991535,80.29822134387352,0.0,0.0,11.526085642784885,5.340700154732377,-0.0,-0.0,16.866785797517263,35.07979395965171,418
502.0,13.05348363991535,80.30720445562343,0.0,0.0,0.0,0.0,-0.0,-0.0,0.0,2.6459857630012857,619
503.0,13.05348363991535,80.31618756737333,0.0,0.0,0.0,0.0,-0.0,-0.0,0.0,2.6459857630012857,619
504.0,13.05348363991535,80.32517067912325,0.0,0.0,0.0,0.0,-0.0,-0.0,0.0,2.6459857630012857,619
505.0,13.05348363991535,80.33415379087316,0.0,0.0,0.0,0.0,-0.0,-0.0,0.0,2.6459857630012857,619
506.0,13.05348363991535,80.34313690262307,0.0,0.0,0.0,0.0,-0.0,-0.0,0.0,2.6459857630012857,619
507.0,13.062527357244923,80.15449155587496,1.5441303165138311,5.128843730739881,172.13614402643577,0.9583857584394866,-0.0,-2.2552416466562013,177.51226218547276,343.99132170274015,116
508.0,13.062527357244923,80.16347466762487,0.5091378948357863,1.9573833805823848,222.16555973647547,1.0039049108811915,-0.0,-1.9340531840802808,223.70193273869455,432.8112624652643,78
509.0,13.062527357244923,80.17245777937478,1.3746473221808357,0.0,185.27569315099555,2.322560457247649,-0.0,-0.9776136279656462,187.9952873024584,364.14954449910886,109
510.0,13.062527357244923,80.18144089112468,6.090885592045371,1.7703392059455698,100.3533094497756,7.539709809540414,-0.0,-2.591435578872357,113.16280847843458,220.25121708834902,199
511.0,13.062527357244923,80.1904240028746,11.405633133868228,6.644397218157899,74.52249250775974,17.088978078746162,-0.0,-6.49109920659402,103.17040173193801,201.0364237228881,226
512.0,13.062527357244923,80.1994071146245,15.810840252428726,10.188044083588705,135.50673117107647,23.97830519720659,-0.0,-10.479576385219803,175.00434431908067,339.16874744182275,122
513.0,13.062527357244923,80.20839022637442,17.492995258109456,10.505830789810346,178.32113637920995,28.665599936125695,-0.0,-12.734271690293387,222.25129067296206,430.02176557553173,79
514.0,13.062527357244923,80.21737333812433,13.448053216193511,15.916205852541657,139.1484623536226,35.956481578617726,-0.6156855762648762,-14.923320645778606,188.93019677893201,365.9473188353217,107
515.0,13.062527357244923,80.22635644987423,10.39389605913362,26.066589898328182,75.42212361228054,38.05718368657171,-4.390175548195288,-12.717594079602263,132.8320236285165,258.07392730799927,173
516.0,13.062527357244923,80.23533956162414,12.619836397188983,34.80131807075143,86.53959765928803,39.235117587375285,-8.70154146821477,-11.219763647375544,153.2745645990134,297.3836962733975,147
517.0,13.062527357244923,80.24432267337406,13.561769412470756,45.62508547801902,111.806103916182,41.179468750825144,-10.789901869704565,-10.471911284617251,190.9106144031751,369.7555420584696,104
518.0,13.062527357244923,80.25330578512397,11.465056003883511,57.46280925120927,145.6492207935119,44.378916872302995,-9.729023897416491,-7.3541043083995135,241.87287471509163,467.75288405754645,63
519.0,13.062527357244923,80.26228889687388,14.179648476955364,53.630133700361924,127.32900044914379,53.08365309052847,-7.198331381562288,-2.678805148838492,238.34529918658876,460.96956982896944,65
520.0,13.062527357244923,80.27127200862378,14.882832872173502,31.06726151742482,123.34486774369063,64.94963736727087,-4.599751868232149,-0.3841219264589576,229.2607257058687,443.5004848853863,73
521.0,13.062527357244923,80.2802551203737,10.620691780972416,10.085050864832821,114.12824394106363,59.434918411557966,-2.4041767250502417,-0.0,191.86472827337658,371.59024528144136,102
522.0,13.062527357244923,80.28923823212361,2.1759287733200474,2.6274096335139068,62.61459463931163,36.5914223451003,-0.8002770653927574,-0.0,103.20907832585313,201.11079647201774,224
523.0,13.062527357244923,80.29822134387352,0.0,0.4267970619087551,7.738710115593721,10.499508371544351,-0.0,-0.0,18.665015549046828,38.53768093081401,411
524.0,13.062527357244923,80.30720445562343,0.0,0.0,0.0,0.0,-0.0,-0.0,0.0,2.6459857630012857,619
525.0,13.062527357244923,80.31618756737333,0.0,0.0,0.0,0.0,-0.0,-0.0,0.0,2.6459857630012857,619
526.0,13.062527357244923,80.32517067912325,0.0,0.0,0.0,0.0,-0.0,-0.0,0.0,2.6459857630012857,619
527.0,13.062527357244923,80.33415379087316,0.0,0.0,0.0,0.0,-0.0,-0.0,0.0,2.6459857630012857,619
528.0,13.062527357244923,80.34313690262307,0.0,0.0,0.0,0.0,-0.0,-0.0,0.0,2.6459857630012857,619
529.0,13.071571074574493,80.15449155587496,0.0,5.675731647878401,239.64368179964902,1.669267956206061,-0.43338894928310834,-2.9032696130815423,243.65202284136882,471.1740782182975,61
530.0,13.071571074574493,80.16347466762487,0.0,4.812795311865461,354.4992866262053,3.6729310082918154,-1.262309739129411,-4.48408362006044,357.23861958717265,689.5942287312636,15
531.0,13.071571074574493,80.17245777937478,0.5530719557255587,2.778045164993399,309.9634085164137,4.589068609094806,-1.4231631116241408,-3.829650503505545,312.63078063109776,603.8160543869039,24
532.0,13.071571074574493,80.18144089112468,2.619945003673023,2.6014620607171803,178.4012698956865,6.583135958948889,-0.6210750304670373,-2.503960205276548,187.08077768328204,362.3909978537413,111
533.0,13.071571074574493,80.1904240028746,5.363784491121747,9.266592808845378,113.57922912144218,13.003426272754163,-2.6034814475846737,-4.9997754210458,133.609775825533,259.5694977080378,171
534.0,13.071571074574493,80.1994071146245,9.815412262673174,14.59547876754076,158.656833003339,19.61081188610931,-4.832265767310399,-10.563246812160235,187.2830233401916,362.77990401070304,110
535.0,13.071571074574493,80.20839022637442,14.691239808481031,18.04544301925466,169.7110524056965,24.081700627623185,-2.7462085346492535,-15.934313470886748,207.84891385551938,402.3268666848623,92
536.0,13.071571074574493,80.21737333812433,15.411640118720458,21.56010063453868,113.80345082683536,30.801543939998865,-0.9508323203058465,-19.04340482016009,161.5824983796274,313.3593500811652,136
537.0,13.071571074574493,80.22635644987423,10.523101355697321,26.723152287110445,52.18118656890098,35.02942377903694,-1.5612534082371958,-15.02194670659354,107.87366387591496,210.08051215251461,212
538.0,13.071571074574493,80.23533956162414,5.383832354730653,28.649827643852774,57.750673878016364,31.928646523757983,-4.845797037110464,-7.3137572080791005,111.55342615516821,217.15647229141297,205
539.0,13.071571074574493,80.24432267337406,2.8712081289119027,31.667118371534016,94.54460455289025,27.278949503614108,-5.978327628492594,-3.423032988672696,146.96051993978497,285.2421705623967,154
540.0,13.071571074574493,80.25330578512397,2.763573216132105,36.13810841482655,131.20798769585247,41.97930219017677,-4.98947037015639,-2.3786195441961646,204.72088160263533,396.3118499922384,93
541.0,13.071571074574493,80.26228889687388,14.33809842276264,31.39669214337246,124.71465700447922,68.35352366725428,-3.9077648073049964,-0.5004763750274143,234.3947300555362,453.3728645051236,70
542.0,13.071571074574493,80.27127200862378,24.889840578575257,21.342285829516566,94.19554674841328,82.52968870908721,-2.491770938870381,-1.4896632528443174,218.9759276738776,423.7234407754179,84
543.0,13.071571074574493,80.2802551203737,18.105400929991944,11.322167712065887,65.41876240930435,73.42208993716437,-1.2227974405101398,-2.0096769376748247,165.0359466103416,320.00012200278013,134
544.0,13.071571074574493,80.28923823212361,5.227857816146464,5.250187505171111,33.725785473835316,47.695188053642596,-0.8881150409218465,-1.069017366550353,89.94188644132329,175.59878949826836,248
545.0,13.071571074574493,80.29822134387352,0.5650873133511565,0.43404910044424033,8.241226159097241,14.431619693135662,-0.0,-0.0,23.6719822660283,48.16577487207303,395
546.0,13.071571074574493,80.30720445562343,0.0,0.0,0.0,0.0,-0.0,-0.0,0.0,2.6459857630012857,619
547.0,13.071571074574493,80.31618756737333,0.0,0.0,0.0,0.0,-0.0,-0.0,0.0,2.6459857630012857,619
548.0,13.071571074574493,80.32517067912325,0.0,0.0,0.0,0.0,-0.0,-0.0,0.0,2.6459857630012857,619
549.0,13.071571074574493,80.33415379087316,0.0,0.0,0.0,0.0,-0.0,-0.0,0.0,2.6459857630012857,619
550.0,13.071571074574493,80.34313690262307,0.0,0.0,0.0,0.0,-0.0,-0.0,0.0,2.6459857630012857,619
551.0,13.080614791904065,80.15449155587496,0.0,5.916121687122583,164.76926892901452,2.6302123808076376,-0.8434596862875336,-2.323034117527918,170.1491091931293,329.8324241662923,130
552.0,13.080614791904065,80.16347466762487,0.0,10.858263315065518,253.72134237387456,6.49854652231118,-2.4566060325147268,-4.869246783652474,263.75229939508404,509.8256934263824,46
553.0,13.080614791904065,80.17245777937478,0.0,9.428002463908651,244.7619586024928,11.338137673596854,-2.769633869914376,-5.25285865818461,257.5056062118993,497.81368052724656,51
554.0,13.080614791904065,80.18144089112468,1.3098342922104025,4.41008364741419,175.74289221203765,17.634610263250078,-3.861051210616956,-4.516705481405525,190.71966372288983,369.38835545790795,105
555.0,13.080614791904065,80.1904240028746,2.3959638479588006,8.135909917939056,153.17047657648868,25.39809689998979,-9.031455514903051,-7.107588845309787,172.96140288216347,335.2402947112666,126
556.0,13.080614791904065,80.1994071146245,7.10756141821291,13.985308839032044,151.1784858446518,27.94686779080992,-13.473455505179167,-13.162224716068879,173.5825436714586,336.4347108534388,125
557.0,13.080614791904065,80.20839022637442,12.428550962814631,19.761368418481673,124.26462750671064,24.804398653675783,-10.641978577523052,-16.923054212926928,153.69391275123274,298.1900773883284,146
558.0,13.080614791904065,80.21737333812433,12.376503174707803,23.429605089109927,61.54999828425929,26.251322542167266,-3.6969298924657745,-16.674523141876726,103.2359760559018,201.16251917886876,223
559.0,13.080614791904065,80.22635644987423,6.239318779234308,22.83881833750659,44.864755903131616,27.76352456768247,-0.6420342136472262,-11.308980721764758,89.755402652143,175.24019245893507,249
560.0,13.080614791904065,80.23533956162414,1.222245649903794,18.960914789038906,47.80369070591321,19.51277364000168,-0.6035011481164736,-3.3766374113113606,83.51948622542974,163.24890261021176,254
561.0,13.080614791904065,80.24432267337406,0.0,17.12742332249132,75.62735419208744,16.05728502515958,-1.0758793225111933,-0.0,107.73618321722715,209.81614516711744,213
562.0,13.080614791904065,80.25330578512397,2.1065451745980583,13.567002177125227,100.1119499933121,35.87083685824819,-0.9871491692663921,-0.0,150.66918503401718,292.3737090651057,150
563.0,13.080614791904065,80.26228889687388,14.171849226021243,13.305728269518333,97.4917571215876,65.0007500527066,-1.0636306671858633,-0.880736055466865,188.02571794718105,364.20806078704203,108
564.0,13.080614791904065,80.27127200862378,24.593179378689435,13.896780768161019,90.64020873793666,82.14135292524942,-2.0163059258420732,-4.581804781066674,204.6734111031278,396.22056709492114,94
565.0,13.080614791904065,80.2802551203737,20.569233124388326,18.039410232132425,61.128036361071935,94.16992468118477,-4.921315003445249,-6.36628398373278,182.61900541159943,353.8112798319361,113
566.0,13.080614791904065,80.28923823212361,9.04756959300527,15.55028164959987,35.425585412939256,73.71260264395708,-3.803725650985145,-3.4848605484930797,126.44745310002328,245.7967846191049,182
567.0,13.080614791904065,80.29822134387352,2.020209702148441,6.420094207423263,4.841329823953715,26.845674197730936,-1.411919758773312,-0.27681743585700436,38.43857073662603,76.56103072720663,348
568.0,13.080614791904065,80.30720445562343,0.0,0.0,0.0,0.0,-0.0,-0.0,0.0,2.6459857630012857,619
569.0,13.080614791904065,80.31618756737333,0.0,0.0,0.0,0.0,-0.0,-0.0,0.0,2.6459857630012857,619
570.0,13.080614791904065,80.32517067912325,0.0,0.0,0.0,0.0,-0.0,-0.0,0.0,2.6459857630012857,619
571.0,13.080614791904065,80.33415379087316,0.0,0.0,0.0,0.0,-0.0,-0.0,0.0,2.6459857630012857,619
572.0,13.080614791904065,80.34313690262307,0.0,0.0,0.0,0.0,-0.0,-0.0,0.0,2.6459857630012857,619
573.0,13.089658509233635,80.15449155587496,0.0,7.246154733570602,89.21472994167283,1.5894372174076274,-0.6032636735789058,-1.7016083878907136,95.74544983118143,186.7586906260498,241
574.0,13.089658509233635,80.16347466762487,0.0,15.2832124253964,101.7563386565478,5.233928842767951,-1.7569582232105563,-3.1403996466059723,117.37612205489562,228.35316407764412,192
575.0,13.089658509233635,80.17245777937478,0.0,14.481558537935705,91.69452370058224,13.52289671263835,-1.9808262558197098,-3.209385076658781,114.50876761867782,222.8394150484846,198
576.0,13.089658509233635,80.18144089112468,0.0,7.6148908123903425,92.40056266421782,25.667072117078806,-3.8547643913515044,-4.066035757202057,117.7617254451334,229.0946560577457,191
577.0,13.089658509233635,80.1904240028746,0.9593865460531763,6.560098247258859,114.09803763871952,34.79904740208053,-9.871935912437348,-7.929267616031196,138.61536630564353,269.19494522909315,160
578.0,13.089658509233635,80.1994071146245,3.7677712633949714,9.754051623178764,112.40610567140328,33.80025314044528,-15.275764251395065,-11.158124957975149,133.29429248905208,258.96284234717064,172
579.0,13.089658509233635,80.20839022637442,7.317277857943273,13.53543333641638,78.87469497973117,28.37494251013319,-12.605695512918267,-11.669936400143428,103.82671677116232,202.2984778186905,222
580.0,13.089658509233635,80.21737333812433,6.1097263567965525,14.513865763604157,40.52824773265182,20.573001097767925,-5.123512873676662,-10.276184217876017,66.32514385926777,130.1852229579969,288
581.0,13.089658509233635,80.22635644987423,2.6738645722855723,11.51785501075943,31.897452427471123,17.928115573231647,-1.4424416662810229,-5.287602055945014,57.28724386152174,112.80588829717786,302
582.0,13.089658509233635,80.23533956162414,1.5415173995547833,6.415304526660151,37.250630143593916,11.200156522568374,-0.0,-1.6690024145019013,54.738606177875326,107.9050122923192,304
583.0,13.089658509233635,80.24432267337406,0.46897356034965043,5.784702801012587,62.20641296904434,12.229812393480419,-0.0,-0.28569538089099034,80.404206342996,157.2584079541041,264
584.0,13.089658509233635,80.25330578512397,0.0,6.634945157404466,86.11956875269298,24.5328004184144,-0.0,-0.9195843092797399,116.3677300192321,226.41408722777064,195
585.0,13.089658509233635,80.26228889687388,5.58492330272461,7.669587370067279,118.04984047938592,41.99133925466256,-0.45577618368260303,-2.2414701846755287,170.59844403848223,330.69646787712156,129
586.0,13.089658509233635,80.27127200862378,12.78993422660381,12.458090787302705,160.68037857891412,67.78095092028502,-9.215219441634062,-6.426264296664101,238.0678707748075,460.43609178495825,66
587.0,13.089658509233635,80.2802551203737,14.046734050274742,21.954873156712402,178.83125758623137,108.8147017895258,-20.13546263309193,-8.414245321023166,295.0978586286292,570.1013065872015,32
588.0,13.089658509233635,80.28923823212361,9.087802733411248,23.972280996102782,116.64350444639663,106.0219818169447,-18.05487900771706,-4.732916931136455,232.93777405400186,450.5712262990061,72
589.0,13.089658509233635,80.29822134387352,2.8619569839023713,11.749309029214732,52.92973835058699,48.488040988977936,-5.622093216042568,-0.304508432556386,110.10244370408307,214.36632086124965,206
590.0,13.089658509233635,80.30720445562343,0.0,2.0420902339626066,4.032204491052855,3.0892212059698303,-0.0,-0.0,9.163515930985293,20.26687226031339,452
591.0,13.089658509233635,80.31618756737333,0.0,0.0,0.0,0.0,-0.0,-0.0,0.0,2.6459857630012857,619
592.0,13.089658509233635,80.32517067912325,0.0,0.0,0.0,0.0,-0.0,-0.0,0.0,2.6459857630012857,619
593.0,13.089658509233635,80.33415379087316,0.0,0.0,0.0,0.0,-0.0,-0.0,0.0,2.6459857630012857,619
594.0,13.089658509233635,80.34313690262307,0.0,0.0,0.0,0.0,-0.0,-0.0,0.0,2.6459857630012857,619
595.0,13.098702226563207,80.15449155587496,0.0,5.388413501605851,78.01218442083399,0.8837732400095075,-0.0,-2.354781198965715,81.92958996348364,160.19162832976633,260
596.0,13.098702226563207,80.16347466762487,0.0,12.325615901634514,53.64203272998519,1.9654647828694576,-0.4617881496701402,-1.8141651976496629,65.65716006716937,128.9007305566895,290
597.0,13.098702226563207,80.17245777937478,0.0,11.297600858415514,34.23433671893251,8.851067223620324,-0.5206259765531731,-1.034402560479988,52.82797626393519,104.23098661205957,311
598.0,13.098702226563207,80.18144089112468,0.0,8.408159614937533,29.607377354427953,18.73786735760537,-0.5610899848283651,-1.7833753577672775,54.40893898437521,107.27108223290713,305
599.0,13.098702226563207,80.1904240028746,0.0,7.98258766044971,45.434893286952544,26.20805946374552,-3.629854361940559,-3.660432877347236,72.33525317185997,141.74229939363948,279
600.0,13.098702226563207,80.1994071146245,4.012691960920529,6.489640531947719,47.031546549398634,30.028943876764412,-9.132063677855825,-3.942644300812567,74.4881149403629,145.88212226871295,276
601.0,13.098702226563207,80.20839022637442,6.510305812049474,5.008920424607586,33.69007666974527,28.150197974031578,-9.995283735591585,-4.29866485546642,59.065552289375894,116.22546776868562,300
602.0,13.098702226563207,80.21737333812433,5.541597551757674,4.847805850081874,25.71146271876969,20.98643403274121,-6.291237124021752,-3.8760618235873747,46.92000120574133,92.87030816576898,326
603.0,13.098702226563207,80.22635644987423,3.3777053600082922,3.119861293886838,18.601516565922076,11.80399845135448,-1.190951635098131,-2.1226202114801134,33.58950982459344,67.2365800913368,365
604.0,13.098702226563207,80.23533956162414,2.276898171180836,1.6760926368706508,26.057763336114704,9.783362391436247,-0.0,-0.0,39.79411653560244,79.16766325183663,345
605.0,13.098702226563207,80.24432267337406,0.6927274395180266,3.65655028843035,73.12861031375536,13.239475450219349,-0.0,-0.4818278161782592,90.23553567574483,176.16345920242284,245
606.0,13.098702226563207,80.25330578512397,0.0,5.269127445902566,133.33602205129404,19.654042253907996,-0.0,-1.5508210212218128,156.70837072988277,303.98669762588366,144
607.0,13.098702226563207,80.26228889687388,0.41904078206995055,3.728048528205439,203.22600004577998,22.080729494463583,-2.2886141151083663,-2.551116068727865,224.6140886666827,434.5652831049383,77
608.0,13.098702226563207,80.27127200862378,3.4110408579682634,5.986882937413698,277.708635102699,45.07754520349723,-14.338998049138972,-4.651783967353687,313.1933220850855,604.8977875541082,23
609.0,13.098702226563207,80.2802551203737,6.222152388152046,14.082320014045733,312.9749953334663,95.76603633649064,-29.887801313620173,-5.490044585009596,393.667658173525,759.6450650009722,11
610.0,13.098702226563207,80.28923823212361,5.929199026793346,15.552499373341728,234.22361675801045,105.09181341777777,-25.71057710950976,-2.92419124515826,332.16236022125526,641.3740997554546,19
611.0,13.098702226563207,80.29822134387352,2.5313761994480424,8.40516601843676,104.83193214578816,51.94147742841216,-8.258868590028989,-0.0,159.45108320205614,309.26076770236057,139
612.0,13.098702226563207,80.30720445562343,0.4171616515174117,0.6447304810412595,20.921668798842084,5.824846176603371,-0.4622063842721591,-0.0,27.346200723731968,55.23107457768112,382
613.0,13.098702226563207,80.31618756737333,0.0,0.0,0.0,0.0,-0.0,-0.0,0.0,2.6459857630012857,619
614.0,13.098702226563207,80.32517067912325,0.0,0.0,0.0,0.0,-0.0,-0.0,0.0,2.6459857630012857,619
615.0,13.098702226563207,80.33415379087316,0.0,0.0,0.0,0.0,-0.0,-0.0,0.0,2.6459857630012857,619
616.0,13.098702226563207,80.34313690262307,0.0,0.0,0.0,0.0,-0.0,-0.0,0.0,2.6459857630012857,619
617.0,13.107745943892779,80.15449155587496,2.810934441062183,2.2705144981211616,49.10501972314388,8.120657333200507,-3.455995536871657,-7.521134154800629,51.32999630385545,101.3504618167068,316
618.0,13.107745943892779,80.16347466762487,0.8353601304819119,5.567484616182013,30.765842373875962,2.688320951644844,-1.0110982921375578,-3.1612305526402453,35.68467922740692,71.26546403912167,357
619.0,13.107745943892779,80.17245777937478,0.0,4.445562124576485,7.509475357134104,3.025670517714005,-0.0,-0.375563261377928,14.605144738046665,30.730795092106003,429
620.0,13.107745943892779,80.18144089112468,0.0,4.2275584374174455,6.097461215143974,6.85344236969555,-0.0,-0.36438058397427503,16.814081438282695,34.97844666686799,420
621.0,13.107745943892779,80.1904240028746,0.4425462724872679,5.881791722501786,9.847755274311329,11.11866692657854,-0.48757265624833934,-0.547931867005088,26.2552556726255,53.1332532757778,384
622.0,13.107745943892779,80.1994071146245,3.7453832327738676,4.00091654308299,15.221935631826288,19.48219639738814,-5.843328583909296,-0.6013057581055699,36.005797463056425,71.88295497002778,355
623.0,13.107745943892779,80.20839022637442,6.228538828256202,0.5150752032847805,14.984561544721895,24.4344447023038,-9.598111366703085,-0.2866573535757015,36.27785155828789,72.40609852860368,353
624.0,13.107745943892779,80.21737333812433,4.450926357663826,0.0,16.795292904725155,18.283896565179226,-6.850734953192637,-0.7567769450218355,31.922603929353738,64.03122094721176,369
625.0,13.107745943892779,80.22635644987423,2.5056013832390986,0.3843586345279444,12.865884583807201,8.255371989301336,-1.3286162971925086,-0.2824349205525287,22.400165373130545,45.72014796599246,400
626.0,13.107745943892779,80.23533956162414,1.2359298626666722,3.671506255382436,18.599879195775696,8.863313789967846,-0.0,-0.0,32.37062910379265,64.89274624014348,368
627.0,13.107745943892779,80.24432267337406,0.0,7.474646669902873,82.70459939048389,14.036429141839209,-0.0,-0.2986314940652455,103.91704370816072,202.47217105134112,221
628.0,13.107745943892779,80.25330578512397,0.0,7.6121999168311705,153.29557838395104,15.169276239577034,-0.0,-0.9611405197177948,175.11591402064147,339.38328922497107,121
629.0,13.107745943892779,80.26228889687388,0.0,4.689804433822131,219.4089099628678,12.54819036787048,-0.4142334166140096,-1.1976415280499477,235.03502981989647,454.6041221967152,69
630.0,13.107745943892779,80.27127200862378,0.0,2.6982515907657363,272.603190760594,22.152857955927146,-8.957041113495558,-1.5584087910166624,286.9388504027746,554.4120276072541,36
631.0,13.107745943892779,80.2802551203737,0.6950322536848821,2.633589979977357,279.87609217307244,54.273806114240465,-18.31103394690955,-1.487195894905108,317.6802906791605,613.525956578822,22
632.0,13.107745943892779,80.28923823212361,1.1205099298118883,3.5621532734810932,199.36265535786762,62.31365316993202,-15.138567375630972,-0.8733132949765348,250.3470910604851,484.0482891728393,55
633.0,13.107745943892779,80.29822134387352,0.6993728215883006,1.1339561558752913,90.1695121070657,31.331429511458435,-3.877233158289955,-0.0,119.45703743769778,232.35463840769694,190
634.0,13.107745943892779,80.30720445562343,0.0,0.3670099891182613,19.21445408667742,4.365207365865731,-0.0,-0.0,23.946671441661415,48.6939855307684,394
635.0,13.107745943892779,80.31618756737333,0.0,0.0,0.0,0.0,-0.0,-0.0,0.0,2.6459857630012857,619
636.0,13.107745943892779,80.32517067912325,0.0,0.0,0.0,0.0,-0.0,-0.0,0.0,2.6459857630012857,619
637.0,13.107745943892779,80.33415379087316,0.0,0.0,0.0,0.0,-0.0,-0.0,0.0,2.6459857630012857,619
638.0,13.107745943892779,80.34313690262307,0.0,0.0,0.0,0.0,-0.0,-0.0,0.0,2.6459857630012857,619
639.0,13.116789661222349,80.15449155587496,8.101422494191777,5.0160794780115125,18.358850143410006,19.755228026794782,-7.99227991135803,-14.833826035756159,28.405474195293884,57.26799334909852,377
640.0,13.116789661222349,80.16347466762487,3.5679657671828755,3.8207483555166712,14.037934905198359,9.958270332279882,-2.6691332939058263,-7.357954742629271,21.357831323642692,43.71580267793508,402
641.0,13.116789661222349,80.17245777937478,0.47171848251604515,0.9343692116017386,5.3041382273654865,2.008018934607303,-0.0,-0.4687432433529809,8.249501612737593,18.509278048652643,458
642.0,13.116789661222349,80.18144089112468,0.0,1.1960976471446207,5.070516616456599,1.0172365338266134,-0.0,-0.0,7.283850797427833,16.652389978531655,467
643.0,13.116789661222349,80.1904240028746,0.0,2.9002678809706737,26.269758567253575,3.8844062989263497,-2.645887227068954,-1.8826720791608578,28.525873440920787,57.49951381106224,376
644.0,13.116789661222349,80.1994071146245,1.7578821458470901,1.9543102463610014,43.64662477419442,13.076624932936593,-8.299045616609805,-3.8393259748036677,48.29707050792564,95.51832908431979,320
645.0,13.116789661222349,80.20839022637442,2.9269511687850898,0.37212766431631955,34.16567313921137,18.362311104175866,-9.684234572535267,-3.032170202222718,43.110658301730666,85.54517232855811,336
646.0,13.116789661222349,80.21737333812433,1.8903821652014319,0.0,13.24012597250485,13.04969098585491,-5.028211052214678,-0.2849162030150453,22.86707186833147,46.617980895924276,398
647.0,13.116789661222349,80.22635644987423,0.4156838068305007,0.3690324494532918,7.199815163148537,5.8630655202315385,-0.9776011835143292,-0.0,12.86999575614954,27.394208622871982,434
648.0,13.116789661222349,80.23533956162414,1.9121736829719995,3.1529361797824507,12.816539891302611,7.200010516874438,-0.0,-0.0,25.0816602709315,50.87650035225297,391
649.0,13.116789661222349,80.24432267337406,1.0764734697058929,6.495316925247456,52.28744344324563,10.836134917365097,-0.0,-0.0,70.69536875556408,138.5889009180007,283
650.0,13.116789661222349,80.25330578512397,0.0,6.993352784400289,98.93090972561522,11.093842173761825,-0.0,-0.0,117.01810468377734,227.66471834261685,193
651.0,13.116789661222349,80.26228889687388,0.0,3.8992639001134295,123.73183652679029,7.561586954049657,-0.0,-0.27277384921550274,134.91991353173788,262.08881321867307,167
652.0,13.116789661222349,80.27127200862378,0.0,1.9106361209914753,143.48697362086472,10.0280974656386,-1.1053577874948928,-0.0,154.32034941999993,299.39467718618283,145
653.0,13.116789661222349,80.2802551203737,0.0,1.1447593538689942,122.42255199653542,20.63917029261575,-3.145280183620107,-0.0,141.06120145940005,273.89813819127806,158
654.0,13.116789661222349,80.28923823212361,0.0,1.1109226576148177,79.49153154186291,24.9249856208592,-2.5318264818007714,-0.0,102.99561333853616,200.70031622175227,227
655.0,13.116789661222349,80.29822134387352,0.0,0.4174500059545533,39.610244365782364,13.381631033649944,-0.0,-0.0,53.409325405386866,105.34888582388844,308
656.0,13.116789661222349,80.30720445562343,0.0,0.0,10.255998420092467,2.7038772110630487,-0.0,-0.0,12.959875631155516,27.567042182370432,433
657.0,13.116789661222349,80.31618756737333,0.0,0.0,0.0,0.0,-0.0,-0.0,0.0,2.6459857630012857,619
658.0,13.116789661222349,80.32517067912325,0.0,0.0,0.0,0.0,-0.0,-0.0,0.0,2.6459857630012857,619
659.0,13.116789661222349,80.33415379087316,0.0,0.0,0.0,0.0,-0.0,-0.0,0.0,2.6459857630012857,619
660.0,13.116789661222349,80.34313690262307,0.0,0.0,0.0,0.0,-0.0,-0.0,0.0,2.6459857630012857,619
661.0,13.12583337855192,80.15449155587496,8.912220103093993,7.074311324373391,10.485784889857777,22.45210936577488,-6.496383243508066,-14.226106761297025,28.20193567829495,56.87660110043749,378
662.0,13.12583337855192,80.16347466762487,3.7194086034924494,5.607077814570204,8.220358357011333,12.750949854882593,-2.155064476275284,-7.545778667859163,20.596951485822128,42.25267680340105,403
663.0,13.12583337855192,80.17245777937478,0.0,2.2181772535033053,3.076529249598944,3.4632033825402018,-0.0,-1.510931579583594,7.246978306058858,16.581486409401727,468
664.0,13.12583337855192,80.18144089112468,0.0,0.9124168071189043,7.173706495353194,0.29834941040399365,-0.0,-0.6781494558819449,7.706323256994146,17.464778947386524,461
665.0,13.12583337855192,80.1904240028746,0.0,2.2247244983289423,41.94681902671633,4.122026398865968,-4.266239359451237,-3.6735029360402285,40.35382762841977,80.24395380582276,341
666.0,13.12583337855192,80.1994071146245,0.0,2.100517006842545,68.54720197583507,10.34451001090005,-8.529739651925755,-7.503290115377773,64.95919922627414,127.55859410495954,292
667.0,13.12583337855192,80.20839022637442,0.47388516418773374,0.7679680837411129,49.440855598420384,11.462674949588584,-7.747872831700559,-5.935395835347549,48.4621151288897,95.83569990081672,319
668.0,13.12583337855192,80.21737333812433,0.463816574253096,0.0,16.448375194669534,8.008179745135003,-2.521974215595096,-1.818333608124012,20.580063690338523,42.220202594849695,404
669.0,13.12583337855192,80.22635644987423,3.8483602488818947,0.0,5.536746923733309,4.814574461971192,-0.0,-0.0,14.199681634586396,29.95111408552176,431
670.0,13.12583337855192,80.23533956162414,7.252997755136296,0.5056097321748323,4.191597424531783,4.870213845288294,-0.0,-0.0,16.820418757131208,34.99063294743627,419
671.0,13.12583337855192,80.24432267337406,6.324222369331112,2.367159726722191,8.59440149246484,5.788418173510316,-0.0,-0.0,23.07420176202846,47.01627914460124,397
672.0,13.12583337855192,80.25330578512397,2.7522621342456244,2.5505011633711194,24.107083394505736,6.004792583320213,-0.0,-0.0,35.41463927544269,70.74619355613908,361
673.0,13.12583337855192,80.26228889687388,0.8467000878148371,1.6230491996130998,35.01372321764409,5.163670330776616,-0.0,-0.0,42.64714283584865,84.65386014275852,339
674.0,13.12583337855192,80.27127200862378,0.0,1.5680643864291133,33.52050127918008,4.534188389298418,-0.0,-0.0,39.62275405490762,78.83814357347704,346
675.0,13.12583337855192,80.2802551203737,0.0,2.223140883519833,38.6003814055008,7.146107916316165,-0.0,-0.0,47.9696302053368,94.88868120134359,321
676.0,13.12583337855192,80.28923823212361,0.0,2.157431847717228,39.18308838694156,10.575200786939634,-0.0,-0.0,51.91572102159842,102.47677499690435,313
677.0,13.12583337855192,80.29822134387352,0.0,0.810724458390024,31.61982963164032,7.475463103327574,-0.0,-0.0,39.906017193357926,79.38284144371566,343
678.0,13.12583337855192,80.30720445562343,0.0,0.0,8.250836334533847,1.5619651376729884,-0.0,-0.0,9.812801472206836,21.515409056929244,448
679.0,13.12583337855192,80.31618756737333,0.0,0.0,0.0,0.0,-0.0,-0.0,0.0,2.6459857630012857,619
680.0,13.12583337855192,80.32517067912325,0.0,0.0,0.0,0.0,-0.0,-0.0,0.0,2.6459857630012857,619
681.0,13.12583337855192,80.33415379087316,0.0,0.0,0.0,0.0,-0.0,-0.0,0.0,2.6459857630012857,619
682.0,13.12583337855192,80.34313690262307,0.0,0.0,0.0,0.0,-0.0,-0.0,0.0,2.6459857630012857,619
683.0,13.13487709588149,80.15449155587496,4.217415951064378,4.833003334131064,5.165442953924424,12.015756075042475,-1.4755991105936825,-5.776084737384919,18.979934466183735,39.14325094744508,410
684.0,13.13487709588149,80.16347466762487,1.2021135057846037,4.704152299409763,3.4900337142360573,8.077173919657607,-0.0,-2.2431768676040305,15.230296571484,31.93292422938807,423
685.0,13.13487709588149,80.17245777937478,0.0,1.4722497653897437,1.0422750070907387,2.8372869394817175,-0.0,-1.789814511510298,3.561997200451902,9.495490783303866,489
686.0,13.13487709588149,80.18144089112468,0.0,0.6919824398125025,1.6848946017110977,0.0,-0.0,-0.8033436649465335,1.5735333765770665,5.671795205274548,498
687.0,13.13487709588149,80.1904240028746,0.0,1.6871895383832947,29.267850143755282,3.394057123807287,-2.673023137390098,-2.7191290447908867,28.95694462376488,58.32843760432738,374
688.0,13.13487709588149,80.1994071146245,0.0,1.5929962429035813,47.109161039758874,7.493590942974522,-5.353107869263248,-5.562243182285057,45.28039717408867,89.71744885282835,332
689.0,13.13487709588149,80.20839022637442,0.0,0.5824353242159515,33.136710915896856,8.28008799005657,-4.151547988797301,-4.406600508096657,33.441085733275415,66.9511695473623,366
690.0,13.13487709588149,80.21737333812433,0.6468376485312959,0.0,8.320694332239157,3.945111893718112,-0.5578495771395044,-1.0864580731160682,11.268336224232991,24.31431428626608,442
691.0,13.13487709588149,80.22635644987423,6.190523547771118,0.0,2.9707034643570944,3.034338223086634,-0.0,-0.0,12.195565235214845,26.097319552212014,438
692.0,13.13487709588149,80.23533956162414,11.310446962661477,0.0,1.5695140210915692,4.598501566623888,-0.0,-0.0,17.478462550376932,36.25601133258596,415
693.0,13.13487709588149,80.24432267337406,9.635840221329135,0.0,1.2899452704708005,3.875247836415136,-0.0,-0.0,14.801033328215071,31.10747699449724,425
694.0,13.13487709588149,80.25330578512397,4.729843610086688,0.3930955316393919,1.1615083488571054,2.711815260599599,-0.0,-0.0,8.996262751182783,19.945254518847026,455
695.0,13.13487709588149,80.26228889687388,1.512137283518431,0.42594254960782774,3.2409247575310034,2.560980319567491,-0.0,-0.0,7.739984910224754,17.529508269118015,460
696.0,13.13487709588149,80.27127200862378,0.0,0.6331165276252643,7.290959654565228,1.4682886080162625,-0.0,-0.0,9.392364790206756,20.70693476511521,451
697.0,13.13487709588149,80.2802551203737,0.0,1.5866205131078006,24.197480786628056,5.038265484253717,-0.0,-0.0,30.822366783989573,61.91553151047128,372
698.0,13.13487709588149,80.28923823212361,0.0,1.5397267026743042,42.63334795829645,9.80251955159963,-0.0,-0.0,53.97559421257038,106.43778646568349,307
699.0,13.13487709588149,80.29822134387352,0.0,0.5786225848717709,33.38863260688528,8.064676573517628,-0.0,-0.0,42.031931765274685,83.4708464907805,340
700.0,13.13487709588149,80.30720445562343,0.0,0.0,10.176392840535083,2.448851700505957,-0.0,-0.0,12.62524454104104,26.92356685021754,436
701.0,13.13487709588149,80.31618756737333,0.0,0.0,0.0,0.0,-0.0,-0.0,0.0,2.6459857630012857,619
702.0,13.13487709588149,80.32517067912325,0.0,0.0,0.0,0.0,-0.0,-0.0,0.0,2.6459857630012857,619
703.0,13.13487709588149,80.33415379087316,0.0,0.0,0.0,0.0,-0.0,-0.0,0.0,2.6459857630012857,619
704.0,13.13487709588149,80.34313690262307,0.0,0.0,0.0,0.0,-0.0,-0.0,0.0,2.6459857630012857,619
705.0,13.143920813211063,80.15449155587496,0.6057863059046844,1.7334047036813072,3.1168358710271624,2.718516538885744,-0.0,-0.2916931558188066,7.8828502636800915,17.804229696634998,459
706.0,13.143920813211063,80.16347466762487,0.0,1.639528715437617,1.6770264606201122,1.887119665802009,-0.0,-0.6722357068047874,4.531439135054951,11.35966894636166,484
707.0,13.143920813211063,80.17245777937478,0.0,0.0,0.4848064212810015,0.8921799528590744,-0.0,-0.7791548627896661,0.5978315113504098,3.7955795745209038,508
708.0,13.143920813211063,80.18144089112468,0.0,0.0,1.5952345973917816,0.0,-0.0,-0.3497275686180386,1.245507028773743,5.041020392822327,500
709.0,13.143920813211063,80.1904240028746,0.0,0.4702230442204247,7.87154951573619,0.811864272069919,-0.0,-0.0,9.153636832026534,20.247875350965597,453
710.0,13.143920813211063,80.1994071146245,0.0,0.4439721209209563,14.461432331673684,3.111134279150318,-0.7434636059147703,-1.3176331281408806,15.95544199768931,33.3273349932743,422
711.0,13.143920813211063,80.20839022637442,0.0,0.0,8.557783703163347,3.5703738093688386,-0.5811189782010578,-0.807690813564884,10.739347720766244,23.297101412062208,444
712.0,13.143920813211063,80.21737333812433,0.0,0.0,3.090559805325505,1.797378372759678,-0.0,-0.0,4.887938178085182,12.045195028375101,481
713.0,13.143920813211063,80.22635644987423,3.9258673143838103,0.0,4.11103992100548,2.2595897727297025,-0.0,-0.0,10.296497008118992,22.445526295962424,446
714.0,13.143920813211063,80.23533956162414,7.252918054241148,0.0,3.7223856844498746,4.183611351742688,-0.0,-0.0,15.158915090433709,31.795661961818467,424
715.0,13.143920813211063,80.24432267337406,6.204449204458624,0.0,2.016312985953928,3.5089451776234224,-0.0,-0.0,11.729707368035974,25.20150307049656,440
716.0,13.143920813211063,80.25330578512397,2.4968408414148326,0.0,0.753283248617576,1.7295489623659144,-0.0,-0.0,4.979673052398323,12.221595639264118,480
717.0,13.143920813211063,80.26228889687388,0.9924428378111769,0.0,0.5934946453243838,0.7957635843023378,-0.0,-0.0,2.3817010674378984,7.225852759024262,494
718.0,13.143920813211063,80.27127200862378,0.0,0.0,1.3593975256998425,0.4933947032031335,-0.0,-0.0,1.8527922289029761,6.208793075662426,495
719.0,13.143920813211063,80.2802551203737,0.0,0.4161323933455262,14.857783022095173,2.7930083859493955,-0.0,-0.0,18.066923801390097,37.387586700628596,413
720.0,13.143920813211063,80.28923823212361,0.0,0.4038337183591451,28.128992719593974,8.600022793681013,-0.0,-0.0,37.13284923163413,74.0502073042055,351
721.0,13.143920813211063,80.29822134387352,0.0,0.0,22.39599124809882,10.726546852065619,-0.0,-0.0,33.12253810016444,66.33862172954753,367
722.0,13.143920813211063,80.30720445562343,0.0,0.0,6.591177799830076,4.469305274624141,-0.0,-0.0,11.060483074454217,23.91462525992019,443
723.0,13.143920813211063,80.31618756737333,0.0,0.0,0.5357081370382438,0.3078105681146501,-0.0,-0.0,0.8435187051528938,4.268021177552111,507
724.0,13.143920813211063,80.32517067912325,0.0,0.0,0.0,0.0,-0.0,-0.0,0.0,2.6459857630012857,619
725.0,13.143920813211063,80.33415379087316,0.0,0.0,0.0,0.0,-0.0,-0.0,0.0,2.6459857630012857,619
726.0,13.143920813211063,80.34313690262307,0.0,0.0,0.0,0.0,-0.0,-0.0,0.0,2.6459857630012857,619
