CellID,Lat,Lon,schools,offices,apartments,tourist_places,bakeries,supermarkets,RawScore,Score_0_1000,Rank
1.0,12.8045,80.0045,0.0,0.0,0.0,0.0,-0.0,-0.0,0.0,1.8407549616491528,1510
2.0,12.8045,80.0135,0.0,0.0,0.0,0.0,-0.0,-0.0,0.0,1.8407549616491528,1510
3.0,12.8045,80.0225,0.0,0.0,0.0,0.0,-0.0,-0.0,0.0,1.8407549616491528,1510
4.0,12.8045,80.0315,0.0,0.0,0.0,0.0,-0.0,-0.0,0.0,1.8407549616491528,1510
5.0,12.8045,80.0405,0.0,0.0,0.0,0.0,-0.0,-0.0,0.0,1.8407549616491528,1510
6.0,12.8045,80.0495,0.0,0.0,0.0,0.0,-0.0,-0.0,0.0,1.8407549616491528,1510
7.0,12.8045,80.0585,0.0,0.0,0.0,0.0,-0.0,-0.0,0.0,1.8407549616491528,1510
8.0,12.8045,80.0675,0.0,0.0,0.0,0.0,-0.0,-0.0,0.0,1.8407549616491528,1510
9.0,12.8045,80.0765,0.0,0.0,0.0,0.0,-0.0,-0.0,0.0,1.8407549616491528,1510
10.0,12.8045,80.0855,0.0,0.0,0.0,0.0,-0.0,-0.0,0.0,1.8407549616491528,1510
11.0,12.8045,80.0945,0.0,0.0,0.0,0.43238323102635806,-0.0,-0.0,0.43238323102635806,2.687605643920495,985
12.0,12.8045,80.1035,0.0,0.0,0.0,1.48316810591828,-0.0,-0.0,1.48316810591828,4.745636169550167,911
13.0,12.8045,80.1125,0.0,0.0,0.0,1.9582248405790297,-0.0,-0.0,1.9582248405790297,5.676065684381485,880
14.0,12.8045,80.1215,0.0,0.0,0.0,0.9951427311081655,-0.0,-0.0,0.9951427311081655,3.78980672944295,944
15.0,12.8045,80.1305,0.0,0.0,0.0,0.0,-0.0,-0.0,0.0,1.8407549616491528,1510
16.0,12.8045,80.1395,0.0,0.0,0.0,0.0,-0.0,-0.0,0.0,1.8407549616491528,1510
17.0,12.8045,80.1485,0.0,0.0,0.0,0.0,-0.0,-0.0,0.0,1.8407549616491528,1510
18.0,12.8045,80.1575,0.0,0.0,0.0,0.0,-0.0,-0.0,0.0,1.8407549616491528,1510
19.0,12.8045,80.1665,0.0,0.0,0.0,0.0,-0.0,-0.0,0.0,1.8407549616491528,1510
20.0,12.8045,80.1755,0.0,0.0,0.6282289671151684,0.48080958683937414,-0.0,-0.0,1.1090385539545426,4.012879106825297,933
21.0,12.8045,80.1845,0.0,0.0,36.97649502344963,1.7723476871097352,-0.0,-0.0,38.748842710559366,77.73288382328342,443
22.0,12.8045,80.1935,0.0,0.0,82.04817923634829,2.1661860074866395,-0.0,-0.0,84.21436524383493,166.78006700319816,282
23.0,12.8045,80.2025,0.0,0.0,73.64218968791437,0.7631655970127206,-0.0,-0.0,74.40535528492708,147.56848297300914,307
24.0,12.8045,80.2115,0.0,2.003554427059667,36.78705141566528,1.5804507328284088,-2.3456491258428436,-1.3136225388252445,36.71178491088527,73.7431736224847,462
25.0,12.8045,80.2205,0.0,2.2553428589653484,32.457929117629504,4.611255541318082,-5.526624704324748,-3.3608905331636936,30.437012280424494,61.45362328402735,494
26.0,12.8045,80.2295,0.0,0.0,41.89692958954748,5.207404085066623,-5.013529820876882,-3.4111223233943146,38.679681530342904,77.59742715325027,445
27.0,12.8045,80.2385,0.0,0.0,26.885976619770936,3.330315793817001,-1.7511122551368299,-1.373957930461584,27.09122222798952,54.90067583989184,510
28.0,12.8045,80.2475,0.0,0.0,7.03136057023025,2.466871546884717,-0.0,-0.0,9.498232117114966,20.44366037418596,665
29.0,12.8045,80.2565,0.0,0.0,1.4487157686603578,1.8753764185176476,-0.0,-0.0,3.3240921871780054,8.351205725344311,816
30.0,12.8045,80.2655,0.0,0.0,0.0,0.36801916008750013,-0.0,-0.0,0.36801916008750013,2.5615444244348344,991
31.0,12.8045,80.2745,0.0,0.0,0.0,0.0,-0.0,-0.0,0.0,1.8407549616491528,1510
32.0,12.8045,80.2835,0.0,0.0,0.0,0.0,-0.0,-0.0,0.0,1.8407549616491528,1510
33.0,12.8045,80.2925,0.0,0.0,0.0,0.0,-0.0,-0.0,0.0,1.8407549616491528,1510
34.0,12.8045,80.3015,0.0,0.0,0.0,0.0,-0.0,-0.0,0.0,1.8407549616491528,1510
35.0,12.8045,80.3105,0.0,0.0,0.0,0.0,-0.0,-0.0,0.0,1.8407549616491528,1510
36.0,12.8045,80.3195,0.0,0.0,0.0,0.0,-0.0,-0.0,0.0,1.8407549616491528,1510
37.0,12.8045,80.3285,0.0,0.0,0.0,0.0,-0.0,-0.0,0.0,1.8407549616491528,1510
38.0,12.8045,80.3375,0.0,0.0,0.0,0.0,-0.0,-0.0,0.0,1.8407549616491528,1510
39.0,12.8045,80.3465,0.0,0.0,0.0,0.0,-0.0,-0.0,0.0,1.8407549616491528,1510
40.0,12.8045,80.3555,0.0,0.0,0.0,0.0,-0.0,-0.0,0.0,1.8407549616491528,1510
41.0,12.8045,80.3645,0.0,0.0,0.0,0.0,-0.0,-0.0,0.0,1.8407549616491528,1510
42.0,12.8045,80.3735,0.0,0.0,0.0,0.0,-0.0,-0.0,0.0,1.8407549616491528,1510
43.0,12.8045,80.38250000000001,0.0,0.0,0.0,0.0,-0.0,-0.0,0.0,1.8407549616491528,1510
44.0,12.8045,80.39150000000001,0.0,0.0,0.0,0.0,-0.0,-0.0,0.0,1.8407549616491528,1510
45.0,12.8045,80.40050000000001,0.0,0.0,0.0,0.0,-0.0,-0.0,0.0,1.8407549616491528,1510
46.0,12.813500000000001,80.0045,0.0,0.0,0.0,0.0,-0.0,-0.0,0.0,1.8407549616491528,1510
47.0,12.813500000000001,80.0135,0.0,0.0,0.0,0.0,-0.0,-0.0,0.0,1.8407549616491528,1510
48.0,12.813500000000001,80.0225,0.0,0.0,0.0,0.0,-0.0,-0.0,0.0,1.8407549616491528,1510
49.0,12.813500000000001,80.0315,0.0,0.0,0.0,0.0,-0.0,-0.0,0.0,1.8407549616491528,1510
50.0,12.813500000000001,80.0405,0.0,0.0,0.0,0.0,-0.0,-0.0,0.0,1.8407549616491528,1510
51.0,12.813500000000001,80.0495,0.0,0.0,0.0,0.0,-0.0,-0.0,0.0,1.8407549616491528,1510
52.0,12.813500000000001,80.0585,0.0,0.0,0.0,0.0,-0.0,-0.0,0.0,1.8407549616491528,1510
53.0,12.813500000000001,80.0675,0.0,0.0,0.0,0.0,-0.0,-0.0,0.0,1.8407549616491528,1510
54.0,12.813500000000001,80.0765,0.0,0.0,0.0,0.0,-0.0,-0.0,0.0,1.8407549616491528,1510
55.0,12.813500000000001,80.0855,0.0,0.0,0.0,0.0,-0.0,-0.0,0.0,1.8407549616491528,1510
56.0,12.813500000000001,80.0945,0.0,0.0,0.0,0.0,-0.0,-0.0,0.0,1.8407549616491528,1510
57.0,12.813500000000001,80.1035,0.0,0.0,0.0,0.9242768996967996,-0.0,-0.0,0.9242768996967996,3.6510113891657903,951
58.0,12.813500000000001,80.1125,0.0,0.0,0.0,1.220309507379064,-0.0,-0.0,1.220309507379064,4.23081050671068,927
59.0,12.813500000000001,80.1215,0.0,0.0,0.0,0.6201592778938461,-0.0,-0.0,0.6201592778938461,3.0553772455769295,975
60.0,12.813500000000001,80.1305,0.0,0.0,0.0,0.0,-0.0,-0.0,0.0,1.8407549616491528,1510
61.0,12.813500000000001,80.1395,0.0,0.0,0.0,0.0,-0.0,-0.0,0.0,1.8407549616491528,1510
62.0,12.813500000000001,80.1485,0.0,0.0,0.0,0.0,-0.0,-0.0,0.0,1.8407549616491528,1510
63.0,12.813500000000001,80.1575,0.0,0.0,0.0,0.0,-0.0,-0.0,0.0,1.8407549616491528,1510
64.0,12.813500000000001,80.1665,0.0,0.0,0.0,0.0,-0.0,-0.0,0.0,1.8407549616491528,1510
65.0,12.813500000000001,80.1755,0.0,0.0,1.1990293201494453,1.2784364509168094,-0.0,-0.0,2.477465771066255,6.693032820693735,854
66.0,12.813500000000001,80.1845,0.0,0.0,34.8956283365293,3.0123422378049223,-0.0,-0.0,37.90797057433422,76.08598105007708,450
67.0,12.813500000000001,80.1935,0.0,0.0,78.10316785973151,3.194609325070817,-0.0,-0.0,81.29777718480233,161.06773958052426,292
68.0,12.813500000000001,80.2025,0.0,2.225973846986112,70.60784434988095,1.6213728107948073,-0.0,-0.0,74.45519100766187,147.66608947754278,306
69.0,12.813500000000001,80.2115,0.0,7.315278043569473,33.67212254416029,0.5131630627350676,-1.5825476651090873,-0.899668153195463,39.01834783216027,78.26072713386137,442
70.0,12.813500000000001,80.2205,0.0,8.788657572160398,31.29483597330203,2.599684868249605,-3.731740089893699,-2.3879330304090636,36.563505293409264,73.45275834683116,466
71.0,12.813500000000001,80.2295,0.0,4.08749501016763,46.10759166751254,4.369751654249338,-3.3881861152160253,-2.5150146777373843,48.6616375389761,97.14773727107777,395
72.0,12.813500000000001,80.2385,0.0,0.0,35.13811558895115,5.836395515814636,-1.1844704583961905,-1.0492313671297817,38.74080927923981,77.71714982551066,444
73.0,12.813500000000001,80.2475,0.0,0.0,13.817000791923348,5.245617358980131,-0.0,-0.0,19.06261815090348,39.176132535500074,571
74.0,12.813500000000001,80.2565,0.0,0.0,2.9063827650000267,2.4012536624915977,-0.0,-0.0,5.307636427491625,12.23610613935362,744
75.0,12.813500000000001,80.2655,0.0,0.0,0.0,0.0,-0.0,-0.0,0.0,1.8407549616491528,1510
76.0,12.813500000000001,80.2745,0.0,0.0,0.0,0.0,-0.0,-0.0,0.0,1.8407549616491528,1510
77.0,12.813500000000001,80.2835,0.0,0.0,0.0,0.0,-0.0,-0.0,0.0,1.8407549616491528,1510
78.0,12.813500000000001,80.2925,0.0,0.0,0.0,0.0,-0.0,-0.0,0.0,1.8407549616491528,1510
79.0,12.813500000000001,80.3015,0.0,0.0,0.0,0.0,-0.0,-0.0,0.0,1.8407549616491528,1510
80.0,12.813500000000001,80.3105,0.0,0.0,0.0,0.0,-0.0,-0.0,0.0,1.8407549616491528,1510
81.0,12.813500000000001,80.3195,0.0,0.0,0.0,0.0,-0.0,-0.0,0.0,1.8407549616491528,1510
82.0,12.813500000000001,80.3285,0.0,0.0,0.0,0.0,-0.0,-0.0,0.0,1.8407549616491528,1510
83.0,12.813500000000001,80.3375,0.0,0.0,0.0,0.0,-0.0,-0.0,0.0,1.8407549616491528,1510
84.0,12.813500000000001,80.3465,0.0,0.0,0.0,0.0,-0.0,-0.0,0.0,1.8407549616491528,1510
85.0,12.813500000000001,80.3555,0.0,0.0,0.0,0.0,-0.0,-0.0,0.0,1.8407549616491528,1510
86.0,12.813500000000001,80.3645,0.0,0.0,0.0,0.0,-0.0,-0.0,0.0,1.8407549616491528,1510
87.0,12.813500000000001,80.3735,0.0,0.0,0.0,0.0,-0.0,-0.0,0.0,1.8407549616491528,1510
88.0,12.813500000000001,80.38250000000001,0.0,0.0,0.0,0.0,-0.0,-0.0,0.0,1.8407549616491528,1510
89.0,12.813500000000001,80.39150000000001,0.0,0.0,0.0,0.0,-0.0,-0.0,0.0,1.8407549616491528,1510
90.0,12.813500000000001,80.40050000000001,0.0,0.0,0.0,0.0,-0.0,-0.0,0.0,1.8407549616491528,1510
91.0,12.822500000000002,80.0045,0.0,0.0,0.0,0.0,-0.0,-0.0,0.0,1.8407549616491528,1510
92.0,12.822500000000002,80.0135,0.0,0.0,0.0,0.0,-0.0,-0.0,0.0,1.8407549616491528,1510
93.0,12.822500000000002,80.0225,0.0,0.0,0.0,0.0,-0.0,-0.0,0.0,1.8407549616491528,1510
94.0,12.822500000000002,80.0315,0.0,0.0,0.0,0.0,-0.0,-0.0,0.0,1.8407549616491528,1510
95.0,12.822500000000002,80.0405,0.0,0.0,0.0,0.0,-0.0,-0.0,0.0,1.8407549616491528,1510
96.0,12.822500000000002,80.0495,0.0,0.0,0.0,0.0,-0.0,-0.0,0.0,1.8407549616491528,1510
97.0,12.822500000000002,80.0585,0.0,0.0,0.0,0.0,-0.0,-0.0,0.0,1.8407549616491528,1510
98.0,12.822500000000002,80.0675,0.0,0.0,0.0,0.0,-0.0,-0.0,0.0,1.8407549616491528,1510
99.0,12.822500000000002,80.0765,0.0,0.0,0.0,0.0,-0.0,-0.0,0.0,1.8407549616491528,1510
100.0,12.822500000000002,80.0855,0.0,0.0,0.0,0.0,-0.0,-0.0,0.0,1.8407549616491528,1510
101.0,12.822500000000002,80.0945,0.0,0.0,0.0,0.0,-0.0,-0.0,0.0,1.8407549616491528,1510
102.0,12.822500000000002,80.1035,0.0,0.0,0.0,0.0,-0.0,-0.0,0.0,1.8407549616491528,1510
103.0,12.822500000000002,80.1125,0.0,0.0,0.0,0.28219153969825234,-0.0,-0.0,0.28219153969825234,2.393445447257041,996
104.0,12.822500000000002,80.1215,0.0,0.0,7.92560736955116,0.4881456729269974,-0.0,-0.0,8.413753042478158,18.31963756672146,686
105.0,12.822500000000002,80.1305,0.0,0.961165905202141,10.223418188398256,0.9313454372578895,-0.0,-0.0,12.115929530858285,25.570591026760972,628
106.0,12.822500000000002,80.1395,0.0,0.6257444366937694,3.812985304107251,1.0721822070521148,-0.0,-0.0,5.510911947853135,12.634234468009161,739
107.0,12.822500000000002,80.1485,0.0,0.0,0.6510424631931292,0.6805315574103061,-0.0,-0.0,1.3315740206034352,4.448729293045165,922
108.0,12.822500000000002,80.1575,0.0,0.0,0.0,0.0,-0.0,-0.0,0.0,1.8407549616491528,1510
109.0,12.822500000000002,80.1665,0.0,0.0,0.0,0.5685205219002976,-0.0,-0.0,0.5685205219002976,2.9542393831279714,976
110.0,12.822500000000002,80.1755,0.0,0.0,0.8491971767892985,1.851977023217402,-0.0,-0.0,2.7011742000067005,7.131180329856776,841
111.0,12.822500000000002,80.1845,0.0,0.0,8.354823215149981,3.3540150146499097,-0.0,-0.0,11.708838229799891,24.7732762344419,634
112.0,12.822500000000002,80.1935,0.0,0.0,34.86797893220519,3.4233212790233116,-0.0,-0.0,38.2913002112285,76.83675707755663,447
113.0,12.822500000000002,80.2025,0.0,3.273751745599045,35.661201823994816,1.5249666710795418,-0.0,-0.0,40.4599202406734,81.08414046280812,440
114.0,12.822500000000002,80.2115,0.0,11.18245815010704,10.360717709195356,0.0,-0.0,-0.0,21.543175859302394,44.034466154925305,552
115.0,12.822500000000002,80.2205,0.0,14.59467020836183,17.75465896525083,0.702768427283298,-1.813238427378127,-0.9964383898796744,30.242420783638153,61.072503180394875,495
116.0,12.822500000000002,80.2295,0.0,8.149198051093034,35.15098262443442,3.793010381546657,-1.7600004211441709,-1.353470811501316,43.97971982442863,87.97789689245975,421
117.0,12.822500000000002,80.2385,0.0,1.071574467978547,34.336694630167685,6.909837154495203,-0.732047888105806,-0.470582095034905,41.115476269500725,82.3680895858158,436
118.0,12.822500000000002,80.2475,0.0,0.0,14.944242111457378,7.266423479054873,-0.0,-0.0,22.21066559051225,45.34178821027514,547
119.0,12.822500000000002,80.2565,0.0,0.0,2.8998429845284144,2.9419096003795624,-0.0,-0.0,5.841752584907977,13.282207375163601,723
120.0,12.822500000000002,80.2655,0.0,0.0,0.0,0.0,-0.0,-0.0,0.0,1.8407549616491528,1510
121.0,12.822500000000002,80.2745,0.0,0.0,0.0,0.0,-0.0,-0.0,0.0,1.8407549616491528,1510
122.0,12.822500000000002,80.2835,0.0,0.0,0.0,0.0,-0.0,-0.0,0.0,1.8407549616491528,1510
123.0,12.822500000000002,80.2925,0.0,0.0,0.0,0.0,-0.0,-0.0,0.0,1.8407549616491528,1510
124.0,12.822500000000002,80.3015,0.0,0.0,0.0,0.0,-0.0,-0.0,0.0,1.8407549616491528,1510
125.0,12.822500000000002,80.3105,0.0,0.0,0.0,0.0,-0.0,-0.0,0.0,1.8407549616491528,1510
126.0,12.822500000000002,80.3195,0.0,0.0,0.0,0.0,-0.0,-0.0,0.0,1.8407549616491528,1510
127.0,12.822500000000002,80.3285,0.0,0.0,0.0,0.0,-0.0,-0.0,0.0,1.8407549616491528,1510
128.0,12.822500000000002,80.3375,0.0,0.0,0.0,0.0,-0.0,-0.0,0.0,1.8407549616491528,1510
129.0,12.822500000000002,80.3465,0.0,0.0,0.0,0.0,-0.0,-0.0,0.0,1.8407549616491528,1510
130.0,12.822500000000002,80.3555,0.0,0.0,0.0,0.0,-0.0,-0.0,0.0,1.8407549616491528,1510
131.0,12.822500000000002,80.3645,0.0,0.0,0.0,0.0,-0.0,-0.0,0.0,1.8407549616491528,1510
132.0,12.822500000000002,80.3735,0.0,0.0,0.0,0.0,-0.0,-0.0,0.0,1.8407549616491528,1510
133.0,12.822500000000002,80.38250000000001,0.0,0.0,0.0,0.0,-0.0,-0.0,0.0,1.8407549616491528,1510
134.0,12.822500000000002,80.39150000000001,0.0,0.0,0.0,0.0,-0.0,-0.0,0.0,1.8407549616491528,1510
135.0,12.822500000000002,80.40050000000001,0.0,0.0,0.0,0.0,-0.0,-0.0,0.0,1.8407549616491528,1510
136.0,12.831500000000002,80.0045,0.0,0.0,0.0,0.0,-0.0,-0.0,0.0,1.8407549616491528,1510
137.0,12.831500000000002,80.0135,0.0,0.0,0.0,0.0,-0.0,-0.0,0.0,1.8407549616491528,1510
138.0,12.831500000000002,80.0225,0.0,0.0,0.0,0.0,-0.0,-0.0,0.0,1.8407549616491528,1510
139.0,12.831500000000002,80.0315,0.0,0.0,0.0,0.0,-0.0,-0.0,0.0,1.8407549616491528,1510
140.0,12.831500000000002,80.0405,0.0,0.0,0.0,0.0,-0.0,-0.0,0.0,1.8407549616491528,1510
141.0,12.831500000000002,80.0495,0.0,0.0,0.0,0.0,-0.0,-0.0,0.0,1.8407549616491528,1510
142.0,12.831500000000002,80.0585,0.0,0.0,0.0,0.0,-0.0,-0.0,0.0,1.8407549616491528,1510
143.0,12.831500000000002,80.0675,0.0,0.0,0.0,0.0,-0.0,-0.0,0.0,1.8407549616491528,1510
144.0,12.831500000000002,80.0765,0.0,0.0,0.0,0.0,-0.0,-0.0,0.0,1.8407549616491528,1510
145.0,12.831500000000002,80.0855,0.0,0.0,0.0,0.0,-0.0,-0.0,0.0,1.8407549616491528,1510
146.0,12.831500000000002,80.0945,0.0,0.0,0.0,0.0,-0.0,-0.0,0.0,1.8407549616491528,1510
147.0,12.831500000000002,80.1035,0.0,0.0,0.0,0.0,-0.0,-0.0,0.0,1.8407549616491528,1510
148.0,12.831500000000002,80.1125,0.0,0.0,7.818768800375626,0.534339749895472,-0.0,-0.0,8.353108550271097,18.2008613841215,688
149.0,12.831500000000002,80.1215,0.0,1.4352319554999586,23.14172457800418,1.7292333283792338,-0.0,-0.0,26.30618986188337,53.36313888855352,518
150.0,12.831500000000002,80.1305,0.0,3.3160959976007987,28.03322223354924,3.4735479413089725,-0.0,-0.0,34.82286617245901,70.0436034088242,475
151.0,12.831500000000002,80.1395,0.0,3.179998512480706,15.465596990997277,4.555401472038147,-0.0,-0.0,23.200996975516134,47.28141664377037,541
152.0,12.831500000000002,80.1485,0.0,0.9264105900408875,3.0359720965583605,4.05754331064438,-0.0,-0.5917861215959894,7.42813987564764,16.389250070414597,699
153.0,12.831500000000002,80.1575,0.0,0.0,0.0,2.165178000727775,-0.0,-0.6496908953921599,1.5154871053356154,4.808935032093772,909
154.0,12.831500000000002,80.1665,0.0,0.0,0.0,1.508891769472997,-0.0,-0.27460526513736605,1.234286504335631,4.2581853643819105,924
155.0,12.831500000000002,80.1755,0.0,0.0,0.0,1.5768784349355296,-0.0,-0.0,1.5768784349355296,4.929173944305571,905
156.0,12.831500000000002,80.1845,0.0,0.0,1.9542358450972408,2.495587303275829,-0.0,-0.0,4.44982314837307,10.556023035856292,770
157.0,12.831500000000002,80.1935,0.0,0.0,18.179679100342668,3.5982498101983014,-0.0,-0.0,21.777928910540968,44.49424527525512,550
158.0,12.831500000000002,80.2025,0.0,0.8591135621235352,38.62231647621539,5.894498423342941,-0.0,-0.0,45.37592846168186,90.71246232471391,410
159.0,12.831500000000002,80.2115,0.0,8.887873065945257,37.31398880096423,4.940314088052501,-0.5065334827437986,-0.33990844407717996,50.29573402814101,100.3482215346827,387
160.0,12.831500000000002,80.2205,0.0,15.637653819608957,32.65610435316334,3.8741947572983886,-1.9384801665392586,-1.2916974431155541,48.93777532041588,97.68857107737058,392
161.0,12.831500000000002,80.2295,0.0,11.85490596507113,47.47336861254303,5.303945625590508,-2.8559963680104863,-1.889744354632108,59.88647948056207,119.13232033193331,349
162.0,12.831500000000002,80.2385,0.0,3.826818824318382,52.04196773567865,6.396354357319519,-1.6199328961758095,-1.0643604378157132,59.58084758332502,118.53372038141093,350
163.0,12.831500000000002,80.2475,0.0,0.4065927422431218,25.289759772601137,4.828674408040847,-0.0,-0.0,30.525026922885104,61.62600568618646,493
164.0,12.831500000000002,80.2565,0.0,0.0,4.726822267584518,1.8383247801097358,-0.0,-0.0,6.565147047694254,14.699022483621233,710
165.0,12.831500000000002,80.2655,0.0,0.0,0.0,0.0,-0.0,-0.0,0.0,1.8407549616491528,1510
166.0,12.831500000000002,80.2745,0.0,0.0,0.0,0.0,-0.0,-0.0,0.0,1.8407549616491528,1510
167.0,12.831500000000002,80.2835,0.0,0.0,0.0,0.0,-0.0,-0.0,0.0,1.8407549616491528,1510
168.0,12.831500000000002,80.2925,0.0,0.0,0.0,0.0,-0.0,-0.0,0.0,1.8407549616491528,1510
169.0,12.831500000000002,80.3015,0.0,0.0,0.0,0.0,-0.0,-0.0,0.0,1.8407549616491528,1510
170.0,12.831500000000002,80.3105,0.0,0.0,0.0,0.0,-0.0,-0.0,0.0,1.8407549616491528,1510
171.0,12.831500000000002,80.3195,0.0,0.0,0.0,0.0,-0.0,-0.0,0.0,1.8407549616491528,1510
172.0,12.831500000000002,80.3285,0.0,0.0,0.0,0.0,-0.0,-0.0,0.0,1.8407549616491528,1510
173.0,12.831500000000002,80.3375,0.0,0.0,0.0,0.0,-0.0,-0.0,0.0,1.8407549616491528,1510
174.0,12.831500000000002,80.3465,0.0,0.0,0.0,0.0,-0.0,-0.0,0.0,1.8407549616491528,1510
175.0,12.831500000000002,80.3555,0.0,0.0,0.0,0.0,-0.0,-0.0,0.0,1.8407549616491528,1510
176.0,12.831500000000002,80.3645,0.0,0.0,0.0,0.0,-0.0,-0.0,0.0,1.8407549616491528,1510
177.0,12.831500000000002,80.3735,0.0,0.0,0.0,0.0,-0.0,-0.0,0.0,1.8407549616491528,1510
178.0,12.831500000000002,80.38250000000001,0.0,0.0,0.0,0.0,-0.0,-0.0,0.0,1.8407549616491528,1510
179.0,12.831500000000002,80.39150000000001,0.0,0.0,0.0,0.0,-0.0,-0.0,0.0,1.8407549616491528,1510
180.0,12.831500000000002,80.40050000000001,0.0,0.0,0.0,0.0,-0.0,-0.0,0.0,1.8407549616491528,1510
181.0,12.840500000000002,80.0045,0.0,0.0,0.0,0.0,-0.0,-0.0,0.0,1.8407549616491528,1510
182.0,12.840500000000002,80.0135,0.0,0.0,0.0,0.0,-0.0,-0.0,0.0,1.8407549616491528,1510
183.0,12.840500000000002,80.0225,0.0,0.0,0.0,0.0,-0.0,-0.0,0.0,1.8407549616491528,1510
184.0,12.840500000000002,80.0315,0.0,0.0,0.0,0.0,-0.0,-0.0,0.0,1.8407549616491528,1510
185.0,12.840500000000002,80.0405,0.0,0.0,0.0,0.0,-0.0,-0.0,0.0,1.8407549616491528,1510
186.0,12.840500000000002,80.0495,0.0,0.0,0.0,0.0,-0.0,-0.0,0.0,1.8407549616491528,1510
187.0,12.840500000000002,80.0585,0.0,0.0,0.0,0.0,-0.0,-0.0,0.0,1.8407549616491528,1510
188.0,12.840500000000002,80.0675,0.0,0.0,0.0,0.0,-0.0,-0.0,0.0,1.8407549616491528,1510
189.0,12.840500000000002,80.0765,0.0,0.0,0.0,0.0,-0.0,-0.0,0.0,1.8407549616491528,1510
190.0,12.840500000000002,80.0855,0.0,0.0,0.0,0.0,-0.0,-0.0,0.0,1.8407549616491528,1510
191.0,12.840500000000002,80.0945,0.0,0.0,0.0,0.0,-0.0,-0.0,0.0,1.8407549616491528,1510
192.0,12.840500000000002,80.1035,0.0,0.0,0.0,0.0,-0.0,-0.0,0.0,1.8407549616491528,1510
193.0,12.840500000000002,80.1125,0.0,0.0,8.01626995912209,0.58955589336789,-0.0,-0.0,8.60582585248998,18.695824658478426,680
194.0,12.840500000000002,80.1215,0.0,1.9052301773906088,23.283301238116344,1.8781480358605298,-0.0,-0.0,27.066679451367484,54.85260721549615,512
195.0,12.840500000000002,80.1305,0.0,4.288319509306644,28.56303542884888,3.891188554407081,-0.0,-0.0,36.7425434925626,73.80341630538734,460
196.0,12.840500000000002,80.1395,0.0,4.000847427638234,16.78735730935781,5.571278279899925,-0.0,-0.5340984493762582,25.82538456751971,52.421450445629795,523
197.0,12.840500000000002,80.1485,0.0,1.5475115334250917,4.399399181085839,5.758103671322806,-0.0,-1.522954960119975,10.182059425713762,21.782980637527448,656
198.0,12.840500000000002,80.1575,0.0,0.0,1.1417406180047522,4.035117636909028,-0.0,-1.6719666954571961,3.504891559456584,8.705313056021552,811
199.0,12.840500000000002,80.1665,0.0,0.0,0.0,1.5651994584653113,-0.0,-0.7067128773844101,0.8584865810809011,3.522156770834567,957
200.0,12.840500000000002,80.1755,0.0,0.0,0.4134180741416602,0.6086967907019178,-0.0,-0.0,1.022114864843578,3.8426334077623867,941
201.0,12.840500000000002,80.1845,0.0,0.0,0.0,0.9903608033440825,-0.0,-0.0,0.9903608033440825,3.7804410128771773,946
202.0,12.840500000000002,80.1935,0.0,0.0,20.86069414434052,4.894594281514948,-0.0,-0.0,25.75528842585547,52.28416259278674,525
203.0,12.840500000000002,80.2025,0.0,0.37341469661979276,52.24501727752086,10.930364767943027,-0.0,-0.0,63.548796742083674,126.3052069035326,338
204.0,12.840500000000002,80.2115,0.0,5.01241463732895,57.46913625166364,11.04162753961153,-0.41595792581680385,-0.2852979637101611,72.82192253907716,144.46722694610267,313
205.0,12.840500000000002,80.2205,0.0,11.552797370104313,53.610275697286134,8.854441506820216,-1.5917757368101813,-1.0841188600619864,71.34161997733848,141.56795809286632,318
206.0,12.840500000000002,80.2295,0.0,11.021221519864833,70.61208884776512,8.482406686193976,-2.345158415270552,-1.5860368745251276,86.18452176402828,170.63874669654956,275
207.0,12.840500000000002,80.2385,0.0,4.524355238113956,70.24094487440703,5.888777791310471,-1.3302103294222876,-0.8933215547017123,78.43054601970746,155.4520808450396,298
208.0,12.840500000000002,80.2475,0.0,0.3835507833386258,33.073636118915566,1.906668285439494,-0.0,-0.0,35.36385518769369,71.10316558371544,474
209.0,12.840500000000002,80.2565,0.0,0.0,5.8422729168937035,0.3268863039061237,-0.0,-0.0,6.169159220799827,13.923454567676199,719
210.0,12.840500000000002,80.2655,0.0,0.0,0.0,0.0,-0.0,-0.0,0.0,1.8407549616491528,1510
211.0,12.840500000000002,80.2745,0.0,0.0,0.0,0.0,-0.0,-0.0,0.0,1.8407549616491528,1510
212.0,12.840500000000002,80.2835,0.0,0.0,0.0,0.0,-0.0,-0.0,0.0,1.8407549616491528,1510
213.0,12.840500000000002,80.2925,0.0,0.0,0.0,0.0,-0.0,-0.0,0.0,1.8407549616491528,1510
214.0,12.840500000000002,80.3015,0.0,0.0,0.0,0.0,-0.0,-0.0,0.0,1.8407549616491528,1510
215.0,12.840500000000002,80.3105,0.0,0.0,0.0,0.0,-0.0,-0.0,0.0,1.8407549616491528,1510
216.0,12.840500000000002,80.3195,0.0,0.0,0.0,0.0,-0.0,-0.0,0.0,1.8407549616491528,1510
217.0,12.840500000000002,80.3285,0.0,0.0,0.0,0.0,-0.0,-0.0,0.0,1.8407549616491528,1510
218.0,12.840500000000002,80.3375,0.0,0.0,0.0,0.0,-0.0,-0.0,0.0,1.8407549616491528,1510
219.0,12.840500000000002,80.3465,0.0,0.0,0.0,0.0,-0.0,-0.0,0.0,1.8407549616491528,1510
220.0,12.840500000000002,80.3555,0.0,0.0,0.0,0.0,-0.0,-0.0,0.0,1.8407549616491528,1510
221.0,12.840500000000002,80.3645,0.0,0.0,0.0,0.0,-0.0,-0.0,0.0,1.8407549616491528,1510
222.0,12.840500000000002,80.3735,0.0,0.0,0.0,0.0,-0.0,-0.0,0.0,1.8407549616491528,1510
223.0,12.840500000000002,80.38250000000001,0.0,0.0,0.0,0.0,-0.0,-0.0,0.0,1.8407549616491528,1510
224.0,12.840500000000002,80.39150000000001,0.0,0.0,0.0,0.0,-0.0,-0.0,0.0,1.8407549616491528,1510
225.0,12.840500000000002,80.40050000000001,0.0,0.0,0.0,0.0,-0.0,-0.0,0.0,1.8407549616491528,1510
226.0,12.849500000000003,80.0045,0.0,0.0,0.0,0.0,-0.0,-0.0,0.0,1.8407549616491528,1510
227.0,12.849500000000003,80.0135,0.0,0.0,0.0,0.0,-0.0,-0.0,0.0,1.8407549616491528,1510
228.0,12.849500000000003,80.0225,0.0,0.0,0.0,0.0,-0.0,-0.0,0.0,1.8407549616491528,1510
229.0,12.849500000000003,80.0315,0.0,0.0,0.0,0.0,-0.0,-0.0,0.0,1.8407549616491528,1510
230.0,12.849500000000003,80.0405,0.0,0.0,0.0,0.0,-0.0,-0.0,0.0,1.8407549616491528,1510
231.0,12.849500000000003,80.0495,0.0,0.0,0.0,0.0,-0.0,-0.0,0.0,1.8407549616491528,1510
232.0,12.849500000000003,80.0585,0.0,0.0,0.0,0.0,-0.0,-0.0,0.0,1.8407549616491528,1510
233.0,12.849500000000003,80.0675,0.0,0.0,0.0,0.0,-0.0,-0.0,0.0,1.8407549616491528,1510
234.0,12.849500000000003,80.0765,0.0,0.0,0.0,0.0,-0.0,-0.0,0.0,1.8407549616491528,1510
235.0,12.849500000000003,80.0855,0.0,0.0,0.0,0.0,-0.0,-0.0,0.0,1.8407549616491528,1510
236.0,12.849500000000003,80.0945,0.0,0.0,0.0,0.0,-0.0,-0.0,0.0,1.8407549616491528,1510
237.0,12.849500000000003,80.1035,0.0,0.0,0.0,0.0,-0.0,-0.0,0.0,1.8407549616491528,1510
238.0,12.849500000000003,80.1125,0.0,0.0,0.0,0.0,-0.0,-0.0,0.0,1.8407549616491528,1510
239.0,12.849500000000003,80.1215,0.7039632591151844,0.6993652074414429,8.533917628819227,0.6555785995235665,-0.0,-0.0,10.592824694899422,22.587491135396508,651
240.0,12.849500000000003,80.1305,1.4408567989885854,2.0782473255342686,11.274749443883096,1.9576892620283934,-0.0,-0.0,16.751542830434342,34.649741196793315,586
241.0,12.849500000000003,80.1395,1.1355515847151685,1.8864304030277013,5.700733475415335,3.003967471579955,-0.0,-0.5100643938866304,11.216618540851531,23.80923195727636,640
242.0,12.849500000000003,80.1485,0.0,0.461590760012724,3.5527154452131953,3.1652862300077693,-0.0,-1.454368820334326,5.725223614899363,13.053977807791329,728
243.0,12.849500000000003,80.1575,0.0,0.0,2.3615989636498664,2.3276309362891254,-0.0,-1.5966645212618469,3.092565378677145,7.897745411266805,824
244.0,12.849500000000003,80.1665,0.0,0.0,3.6548603457688937,0.9918380744938211,-0.0,-0.674904567396792,3.971793852865923,9.619771567257505,788
245.0,12.849500000000003,80.1755,0.0,0.0,5.497515282546345,0.0,-0.0,-0.0,5.497515282546345,12.60799622762161,740
246.0,12.849500000000003,80.1845,0.0,0.0,5.108050719521659,0.5500478663307973,-0.0,-0.0,5.658098585852456,12.922509072264923,730
247.0,12.849500000000003,80.1935,0.0,0.0,13.929260759367747,4.995573436371522,-0.0,-0.0,18.92483419573927,38.906273697173056,573
248.0,12.849500000000003,80.2025,0.0,0.0,45.74197452895024,10.236712569203751,-0.0,-0.0,55.97868709815399,111.47865476918325,363
249.0,12.849500000000003,80.2115,0.0,2.0298681773699805,57.642738675923766,10.106699776509933,-0.0,-0.0,69.77930662980367,138.50806578126827,323
250.0,12.849500000000003,80.2205,0.0,5.103892535754192,51.227383447191585,8.421268096511103,-0.4850285169252938,-0.33764310102543027,63.92987246150616,127.05156848703791,336
251.0,12.849500000000003,80.2295,0.0,5.3629595561573185,57.719596680847765,8.568912088581117,-0.7145812061994065,-0.4939561327358169,70.44293098665098,139.80781724950634,322
252.0,12.849500000000003,80.2385,0.0,2.0763334571951946,55.021684961785056,6.751613969267281,-0.0,-0.2782222027742348,63.5714101854733,126.3494968032994,337
253.0,12.849500000000003,80.2475,0.0,0.0,24.10061974269653,2.1885410623683024,-0.0,-0.0,26.28916080506483,53.32978637312182,519
254.0,12.849500000000003,80.2565,0.0,0.0,2.3238376706259767,0.45486078928611107,-0.0,-0.0,2.778698459912088,7.283016635436018,836
255.0,12.849500000000003,80.2655,0.0,0.0,0.0,0.0,-0.0,-0.0,0.0,1.8407549616491528,1510
256.0,12.849500000000003,80.2745,0.0,0.0,0.0,0.0,-0.0,-0.0,0.0,1.8407549616491528,1510
257.0,12.849500000000003,80.2835,0.0,0.0,0.0,0.0,-0.0,-0.0,0.0,1.8407549616491528,1510
258.0,12.849500000000003,80.2925,0.0,0.0,0.0,0.0,-0.0,-0.0,0.0,1.8407549616491528,1510
259.0,12.849500000000003,80.3015,0.0,0.0,0.0,0.0,-0.0,-0.0,0.0,1.8407549616491528,1510
260.0,12.849500000000003,80.3105,0.0,0.0,0.0,0.0,-0.0,-0.0,0.0,1.8407549616491528,1510
261.0,12.849500000000003,80.3195,0.0,0.0,0.0,0.0,-0.0,-0.0,0.0,1.8407549616491528,1510
262.0,12.849500000000003,80.3285,0.0,0.0,0.0,0.0,-0.0,-0.0,0.0,1.8407549616491528,1510
263.0,12.849500000000003,80.3375,0.0,0.0,0.0,0.0,-0.0,-0.0,0.0,1.8407549616491528,1510
264.0,12.849500000000003,80.3465,0.0,0.0,0.0,0.0,-0.0,-0.0,0.0,1.8407549616491528,1510
265.0,12.849500000000003,80.3555,0.0,0.0,0.0,0.0,-0.0,-0.0,0.0,1.8407549616491528,1510
266.0,12.849500000000003,80.3645,0.0,0.0,0.0,0.0,-0.0,-0.0,0.0,1.8407549616491528,1510
267.0,12.849500000000003,80.3735,0.0,0.0,0.0,0.0,-0.0,-0.0,0.0,1.8407549616491528,1510
268.0,12.849500000000003,80.38250000000001,0.0,0.0,0.0,0.0,-0.0,-0.0,0.0,1.8407549616491528,1510
269.0,12.849500000000003,80.39150000000001,0.0,0.0,0.0,0.0,-0.0,-0.0,0.0,1.8407549616491528,1510
270.0,12.849500000000003,80.40050000000001,0.0,0.0,0.0,0.0,-0.0,-0.0,0.0,1.8407549616491528,1510
271.0,12.858500000000003,80.0045,0.0,0.0,0.0,0.0,-0.0,-0.0,0.0,1.8407549616491528,1510
272.0,12.858500000000003,80.0135,0.0,0.0,0.0,0.0,-0.0,-0.0,0.0,1.8407549616491528,1510
273.0,12.858500000000003,80.0225,0.0,0.0,0.0,0.0,-0.0,-0.0,0.0,1.8407549616491528,1510
274.0,12.858500000000003,80.0315,0.0,0.0,0.0,0.0,-0.0,-0.0,0.0,1.8407549616491528,1510
275.0,12.858500000000003,80.0405,0.0,0.0,0.0,0.0,-0.0,-0.0,0.0,1.8407549616491528,1510
276.0,12.858500000000003,80.0495,1.3492788407914866,0.0,0.0,0.0,-0.0,-0.0,1.3492788407914866,4.4834053349909935,920
277.0,12.858500000000003,80.0585,3.096862677801539,0.0,0.0,0.0,-0.0,-0.0,3.096862677801539,7.906161951119145,823
278.0,12.858500000000003,80.0675,2.7373334835667236,0.0,0.0,0.0,-0.0,-0.0,2.7373334835667236,7.202000638684575,839
279.0,12.858500000000003,80.0765,0.931792071629292,0.0,0.0,0.0,-0.0,-0.0,0.931792071629292,3.665730342218874,950
280.0,12.858500000000003,80.0855,0.0,0.0,0.0,0.0,-0.0,-0.0,0.0,1.8407549616491528,1510
281.0,12.858500000000003,80.0945,0.0,0.0,0.0,0.0,-0.0,-0.0,0.0,1.8407549616491528,1510
282.0,12.858500000000003,80.1035,0.0,0.0,0.0,0.0,-0.0,-0.0,0.0,1.8407549616491528,1510
283.0,12.858500000000003,80.1125,0.0,0.0,0.0,0.0,-0.0,-0.0,0.0,1.8407549616491528,1510
284.0,12.858500000000003,80.1215,1.396951749659193,0.0,0.0,0.38708791166849893,-0.0,-0.0,1.7840396613276919,5.334912680967347,890
285.0,12.858500000000003,80.1305,2.859177729848014,0.0,0.0,1.1740454061823045,-0.0,-0.0,4.033223136030318,9.740084813994022,787
286.0,12.858500000000003,80.1395,2.2533615713515585,0.0,1.12515051658489,1.3711951354806784,-0.0,-0.0,4.749707223417127,11.143365502747404,763
287.0,12.858500000000003,80.1485,0.6838338576777492,0.0,1.781030884456891,0.6166698559666828,-0.0,-0.5153785975064689,2.5661560005948543,6.866738404068956,847
288.0,12.858500000000003,80.1575,0.0,0.0,3.9532009660261878,0.299779001980481,-0.0,-0.5658014495231711,3.6871785184834973,9.06233392210528,804
289.0,12.858500000000003,80.1665,0.0,0.0,7.5750922093875115,0.0,-0.0,-0.0,7.5750922093875115,16.67706577453794,696
290.0,12.858500000000003,80.1755,0.0,0.0,10.599270476239028,0.0,-0.0,-0.0,10.599270476239028,22.60011561741506,649
291.0,12.858500000000003,80.1845,0.0,0.0,8.054499723025337,0.5340348725736799,-0.0,-0.0,8.588534595599016,18.661958607150112,681
292.0,12.858500000000003,80.1935,0.0,0.0,11.159723188443419,2.179197367565282,-0.0,-0.0,13.3389205560087,27.965898498796637,617
293.0,12.858500000000003,80.2025,0.0,0.0,35.647190743288924,5.444875115436515,-0.0,-0.0,41.09206585872544,82.32223877358554,437
294.0,12.858500000000003,80.2115,0.0,0.0,47.80537726236887,5.627025631740583,-0.0,-0.0,53.43240289410946,106.49159153286546,371
295.0,12.858500000000003,80.2205,0.0,0.3931916889039732,31.79497277032028,4.138449377762169,-0.0,-0.0,36.326613836986425,72.98879102085569,467
296.0,12.858500000000003,80.2295,0.0,0.5113038629065823,25.65969666788662,5.911058173788245,-0.0,-0.0,32.08205870458145,64.67555370755119,487
297.0,12.858500000000003,80.2385,0.0,0.0,23.195054856723814,6.3540199036161535,-0.0,-0.6709089360118942,28.878165824328075,58.40052110481485,502
298.0,12.858500000000003,80.2475,0.0,0.0,9.652235458619135,3.719961905674716,-0.0,-0.7183461575376511,12.6538512067562,26.624145618046505,620
299.0,12.858500000000003,80.2565,0.0,0.0,1.1737421744832417,0.9846936689179013,-0.0,-0.2961770699385591,1.862258773462584,5.4881098998346385,885
300.0,12.858500000000003,80.2655,0.0,0.0,0.0,0.0,-0.0,-0.0,0.0,1.8407549616491528,1510
301.0,12.858500000000003,80.2745,0.0,0.0,0.0,0.0,-0.0,-0.0,0.0,1.8407549616491528,1510
302.0,12.858500000000003,80.2835,0.0,0.0,0.0,0.0,-0.0,-0.0,0.0,1.8407549616491528,1510
303.0,12.858500000000003,80.2925,0.0,0.0,0.0,0.0,-0.0,-0.0,0.0,1.8407549616491528,1510
304.0,12.858500000000003,80.3015,0.0,0.0,0.0,0.0,-0.0,-0.0,0.0,1.8407549616491528,1510
305.0,12.858500000000003,80.3105,0.0,0.0,0.0,0.0,-0.0,-0.0,0.0,1.8407549616491528,1510
306.0,12.858500000000003,80.3195,0.0,0.0,0.0,0.0,-0.0,-0.0,0.0,1.8407549616491528,1510
307.0,12.858500000000003,80.3285,0.0,0.0,0.0,0.0,-0.0,-0.0,0.0,1.8407549616491528,1510
308.0,12.858500000000003,80.3375,0.0,0.0,0.0,0.0,-0.0,-0.0,0.0,1.8407549616491528,1510
309.0,12.858500000000003,80.3465,0.0,0.0,0.0,0.0,-0.0,-0.0,0.0,1.8407549616491528,1510
310.0,12.858500000000003,80.3555,0.0,0.0,0.0,0.0,-0.0,-0.0,0.0,1.8407549616491528,1510
311.0,12.858500000000003,80.3645,0.0,0.0,0.0,0.0,-0.0,-0.0,0.0,1.8407549616491528,1510
312.0,12.858500000000003,80.3735,0.0,0.0,0.0,0.0,-0.0,-0.0,0.0,1.8407549616491528,1510
313.0,12.858500000000003,80.38250000000001,0.0,0.0,0.0,0.0,-0.0,-0.0,0.0,1.8407549616491528,1510
314.0,12.858500000000003,80.39150000000001,0.0,0.0,0.0,0.0,-0.0,-0.0,0.0,1.8407549616491528,1510
315.0,12.858500000000003,80.40050000000001,0.0,0.0,0.0,0.0,-0.0,-0.0,0.0,1.8407549616491528,1510
316.0,12.867500000000003,80.0045,0.0,0.0,0.0,0.0,-0.0,-0.0,0.0,1.8407549616491528,1510
317.0,12.867500000000003,80.0135,0.0,0.0,0.0,0.0,-0.0,-0.0,0.0,1.8407549616491528,1510
318.0,12.867500000000003,80.0225,0.0,0.0,0.0,0.0,-0.0,-0.0,0.0,1.8407549616491528,1510
319.0,12.867500000000003,80.0315,0.0,0.0,0.0,0.0,-0.0,-0.0,0.0,1.8407549616491528,1510
320.0,12.867500000000003,80.0405,0.0,0.0,0.0,0.0,-0.0,-0.0,0.0,1.8407549616491528,1510
321.0,12.867500000000003,80.0495,2.4363913171831246,0.0,0.0,0.0,-0.0,-0.0,2.4363913171831246,6.612585831081571,858
322.0,12.867500000000003,80.0585,5.5925262832943305,0.0,0.0,0.0,-0.0,-0.0,5.5925262832943305,12.79408145256367,736
323.0,12.867500000000003,80.0675,4.943896069789741,0.0,0.0,0.0,-0.0,-0.0,4.943896069789741,11.523696989354264,757
324.0,12.867500000000003,80.0765,1.6831814821814806,0.0,0.0,0.0,-0.0,-0.0,1.6831814821814806,5.137375376803468,899
325.0,12.867500000000003,80.0855,0.0,0.0,0.0,0.37802178785119117,-0.0,-0.0,0.37802178785119117,2.581135221529534,990
326.0,12.867500000000003,80.0945,0.0,0.0,0.0,0.4656087993707087,-0.0,-0.0,0.4656087993707087,2.7526800806753084,981
327.0,12.867500000000003,80.1035,0.0,0.0,0.0,0.0,-0.0,-0.0,0.0,1.8407549616491528,1510
328.0,12.867500000000003,80.1125,0.0,0.0,0.0,0.0,-0.0,-0.0,0.0,1.8407549616491528,1510
329.0,12.867500000000003,80.1215,1.0286716695698237,0.0,0.0,0.5250443966138858,-0.0,-0.0,1.5537160661837095,4.883808938512128,907
330.0,12.867500000000003,80.1305,2.1053555047730765,0.0,0.0,1.592407216695171,-0.0,-0.0,3.697762721468248,9.083063772098901,803
331.0,12.867500000000003,80.1395,1.6592768601463947,0.0,0.0,1.8597994055517382,-0.0,-0.0,3.519076265698133,8.73309472583784,809
332.0,12.867500000000003,80.1485,0.5035667296083776,0.0,0.4244089253188211,0.8364344856995007,-0.0,-0.0,1.7644101406266994,5.29646698787505,893
333.0,12.867500000000003,80.1575,0.0,0.0,3.3590877936313706,0.3574951999542836,-0.0,-0.0,3.716582993585654,9.119924499202785,802
334.0,12.867500000000003,80.1665,0.0,0.0,7.321496550922798,0.0,-0.0,-0.0,7.321496550922798,16.180382182340992,701
335.0,12.867500000000003,80.1755,0.0,0.0,8.988845368389175,0.0,-0.0,-0.0,8.988845368389175,19.445993293817338,672
336.0,12.867500000000003,80.1845,0.0,0.0,6.408753130691338,0.0,-0.0,-0.0,6.408753130691338,14.392714824550767,712
337.0,12.867500000000003,80.1935,0.0,0.0,19.989576113777176,0.9330302801869859,-0.0,-0.0,20.922606393964163,42.8190404922071,556
338.0,12.867500000000003,80.2025,0.0,0.5137349661457384,109.29185060208474,2.936060810891378,-0.0,-0.0,112.74164637912185,222.6526026596317,211
339.0,12.867500000000003,80.2115,0.0,1.161804147345416,119.51572970426004,5.536677087339246,-0.0,-0.0,126.2142109389447,249.03949667110456,193
340.0,12.867500000000003,80.2205,0.0,1.0118148846616757,40.657011447584544,5.369150846652754,-0.0,-0.0,47.03797717889897,93.96769284510779,401
341.0,12.867500000000003,80.2295,0.0,0.3393466377218821,11.384608055666874,6.007943637136268,-0.0,-0.5741684479832294,17.157729882541794,35.445284958725225,584
342.0,12.867500000000003,80.2385,0.0,0.0,6.908274196724054,6.1944012603449545,-0.0,-1.596416564178497,11.50625889289051,24.37651142636051,639
343.0,12.867500000000003,80.2475,0.0,0.0,5.6622408567823275,4.891261447932839,-0.0,-1.7092884746671442,8.844213830048023,19.1627230184382,676
344.0,12.867500000000003,80.2565,0.0,0.0,3.0268376841830795,1.6424507876442045,-0.0,-0.7047689143310115,3.9645195574962724,9.605524386620528,789
345.0,12.867500000000003,80.2655,0.0,0.0,0.0,0.0,-0.0,-0.0,0.0,1.8407549616491528,1510
346.0,12.867500000000003,80.2745,0.0,0.0,0.0,0.0,-0.0,-0.0,0.0,1.8407549616491528,1510
347.0,12.867500000000003,80.2835,0.0,0.0,0.0,0.0,-0.0,-0.0,0.0,1.8407549616491528,1510
348.0,12.867500000000003,80.2925,0.0,0.0,0.0,0.0,-0.0,-0.0,0.0,1.8407549616491528,1510
349.0,12.867500000000003,80.3015,0.0,0.0,0.0,0.0,-0.0,-0.0,0.0,1.8407549616491528,1510
350.0,12.867500000000003,80.3105,0.0,0.0,0.0,0.0,-0.0,-0.0,0.0,1.8407549616491528,1510
351.0,12.867500000000003,80.3195,0.0,0.0,0.0,0.0,-0.0,-0.0,0.0,1.8407549616491528,1510
352.0,12.867500000000003,80.3285,0.0,0.0,0.0,0.0,-0.0,-0.0,0.0,1.8407549616491528,1510
353.0,12.867500000000003,80.3375,0.0,0.0,0.0,0.0,-0.0,-0.0,0.0,1.8407549616491528,1510
354.0,12.867500000000003,80.3465,0.0,0.0,0.0,0.0,-0.0,-0.0,0.0,1.8407549616491528,1510
355.0,12.867500000000003,80.3555,0.0,0.0,0.0,0.0,-0.0,-0.0,0.0,1.8407549616491528,1510
356.0,12.867500000000003,80.3645,0.0,0.0,0.0,0.0,-0.0,-0.0,0.0,1.8407549616491528,1510
357.0,12.867500000000003,80.3735,0.0,0.0,0.0,0.0,-0.0,-0.0,0.0,1.8407549616491528,1510
358.0,12.867500000000003,80.38250000000001,0.0,0.0,0.0,0.0,-0.0,-0.0,0.0,1.8407549616491528,1510
359.0,12.867500000000003,80.39150000000001,0.0,0.0,0.0,0.0,-0.0,-0.0,0.0,1.8407549616491528,1510
360.0,12.867500000000003,80.40050000000001,0.0,0.0,0.0,0.0,-0.0,-0.0,0.0,1.8407549616491528,1510
361.0,12.876500000000004,80.0045,0.0,0.0,0.0,0.0,-0.0,-0.0,0.0,1.8407549616491528,1510
362.0,12.876500000000004,80.0135,0.0,0.0,0.0,0.0,-0.0,-0.0,0.0,1.8407549616491528,1510
363.0,12.876500000000004,80.0225,0.0,0.0,0.0,0.0,-0.0,-0.0,0.0,1.8407549616491528,1510
364.0,12.876500000000004,80.0315,0.0,0.0,0.0,0.0,-0.0,-0.0,0.0,1.8407549616491528,1510
365.0,12.876500000000004,80.0405,0.0,0.0,0.0,0.0,-0.0,-0.0,0.0,1.8407549616491528,1510
366.0,12.876500000000004,80.0495,1.6327657748499922,0.0,0.0,0.0,-0.0,-0.0,1.6327657748499922,5.038632934712181,903
367.0,12.876500000000004,80.0585,3.748224844820809,0.0,0.0,0.0,-0.0,-0.0,3.748224844820809,9.181897122986582,799
368.0,12.876500000000004,80.0675,3.313923415021468,0.0,0.0,0.0,-0.0,-0.0,3.313923415021468,8.331289523649385,817
369.0,12.876500000000004,80.0765,1.1284293703116424,0.0,0.0,0.3854681582199071,-0.0,-0.0,1.5138975285315495,4.805821742529211,910
370.0,12.876500000000004,80.0855,0.0,0.0,0.0,1.2328014079932081,-0.0,-0.0,1.2328014079932081,4.255276706597393,925
371.0,12.876500000000004,80.0945,0.0,0.0,0.0,1.5184281287222545,-0.0,-0.0,1.5184281287222545,4.814695217694956,908
372.0,12.876500000000004,80.1035,0.0,0.0,10.289937366283233,1.7799162628156928,-0.0,-0.3638877580336617,11.705965871065263,24.767650533027965,635
373.0,12.876500000000004,80.1125,0.0,0.0,51.66993845515684,2.0199509861985563,-0.0,-1.0737313768583368,52.616158064497064,104.89292294153988,374
374.0,12.876500000000004,80.1215,0.0,0.0,47.89765001310968,1.379654519027324,-0.0,-0.8348610174613895,48.44244351467562,96.71843151704088,398
375.0,12.876500000000004,80.1305,0.5752714203427381,0.0,1.3632162334806046,0.801468825610359,-0.0,-0.0,2.739956479433702,7.207137946702449,838
376.0,12.876500000000004,80.1395,0.4533878756437852,0.0,0.0,1.4195774489941795,-0.0,-0.0,1.8729653246379647,5.5090793767177315,884
377.0,12.876500000000004,80.1485,0.0,0.0,0.0,2.4611736422647312,-0.0,-0.0,2.4611736422647312,6.6611236267167335,856
378.0,12.876500000000004,80.1575,0.0,0.0,1.4664705675459113,2.4497485742856258,-0.0,-0.0,3.916219141831537,9.510924880847424,792
379.0,12.876500000000004,80.1665,0.0,0.0,2.8995485737820834,1.212761861789664,-0.0,-0.0,4.1123104355717475,9.894982434368146,782
380.0,12.876500000000004,80.1755,0.0,0.0,3.3564196819136916,0.0,-1.1355765811652931,-0.8250209863823315,1.395822114366067,4.574563363687467,916
381.0,12.876500000000004,80.1845,0.0,0.4992903714958661,3.694083735038257,0.7134202565088977,-2.4234623964551005,-1.6698666765152823,0.8134652900726382,3.4339796439913663,962
382.0,12.876500000000004,80.1935,0.0,0.34411640857392595,138.32327806642965,0.6779380886957608,-2.0947496362740017,-0.8415835285746831,136.40899939885065,269.00665298840653,174
383.0,12.876500000000004,80.2025,0.0,1.0217833848618798,350.82574027307754,3.0359545719517143,-0.5811514752980684,-0.0,354.3023267545931,695.7649074553448,16
384.0,12.876500000000004,80.2115,0.0,2.3106809878618413,359.4659214648501,7.079093402668607,-0.0,-0.0,368.85569585538053,724.2686274610755,14
385.0,12.876500000000004,80.2205,0.0,2.012381304424327,141.87436413248727,8.156810851175463,-0.0,-0.0,152.04355628808707,299.6279496035217,147
386.0,12.876500000000004,80.2295,0.0,0.6749470216866821,12.743576186197236,6.17396709891371,-0.0,-0.5069921464304668,19.085498160367163,39.22094452226168,570
387.0,12.876500000000004,80.2385,0.0,0.0,10.125935241062045,5.329453611816748,-0.0,-1.4095883278199406,14.045800525058853,29.35036889708915,607
388.0,12.876500000000004,80.2475,0.0,0.0,7.655823119184354,3.36220516933236,-0.0,-1.5092471892213681,9.508781099295346,20.46432124194329,664
389.0,12.876500000000004,80.2565,0.0,0.0,4.015894299832904,1.0254558836606136,-0.0,-0.6223081294606685,4.4190420540328486,10.495736260439031,771
390.0,12.876500000000004,80.2655,0.0,0.0,0.0,0.0,-0.0,-0.0,0.0,1.8407549616491528,1510
391.0,12.876500000000004,80.2745,0.0,0.0,0.0,0.0,-0.0,-0.0,0.0,1.8407549616491528,1510
392.0,12.876500000000004,80.2835,0.0,0.0,0.0,0.0,-0.0,-0.0,0.0,1.8407549616491528,1510
393.0,12.876500000000004,80.2925,0.0,0.0,0.0,0.0,-0.0,-0.0,0.0,1.8407549616491528,1510
394.0,12.876500000000004,80.3015,0.0,0.0,0.0,0.0,-0.0,-0.0,0.0,1.8407549616491528,1510
395.0,12.876500000000004,80.3105,0.0,0.0,0.0,0.0,-0.0,-0.0,0.0,1.8407549616491528,1510
396.0,12.876500000000004,80.3195,0.0,0.0,0.0,0.0,-0.0,-0.0,0.0,1.8407549616491528,1510
397.0,12.876500000000004,80.3285,0.0,0.0,0.0,0.0,-0.0,-0.0,0.0,1.8407549616491528,1510
398.0,12.876500000000004,80.3375,0.0,0.0,0.0,0.0,-0.0,-0.0,0.0,1.8407549616491528,1510
399.0,12.876500000000004,80.3465,0.0,0.0,0.0,0.0,-0.0,-0.0,0.0,1.8407549616491528,1510
400.0,12.876500000000004,80.3555,0.0,0.0,0.0,0.0,-0.0,-0.0,0.0,1.8407549616491528,1510
401.0,12.876500000000004,80.3645,0.0,0.0,0.0,0.0,-0.0,-0.0,0.0,1.8407549616491528,1510
402.0,12.876500000000004,80.3735,0.0,0.0,0.0,0.0,-0.0,-0.0,0.0,1.8407549616491528,1510
403.0,12.876500000000004,80.38250000000001,0.0,0.0,0.0,0.0,-0.0,-0.0,0.0,1.8407549616491528,1510
404.0,12.876500000000004,80.39150000000001,0.0,0.0,0.0,0.0,-0.0,-0.0,0.0,1.8407549616491528,1510
405.0,12.876500000000004,80.40050000000001,0.0,0.0,0.0,0.0,-0.0,-0.0,0.0,1.8407549616491528,1510
406.0,12.885500000000004,80.0045,0.0,0.0,0.0,0.0,-0.0,-0.0,0.0,1.8407549616491528,1510
407.0,12.885500000000004,80.0135,0.0,0.0,0.0,0.0,-0.0,-0.0,0.0,1.8407549616491528,1510
408.0,12.885500000000004,80.0225,0.0,0.0,0.0,0.0,-0.0,-0.0,0.0,1.8407549616491528,1510
409.0,12.885500000000004,80.0315,0.0,0.0,0.0,0.0,-0.0,-0.0,0.0,1.8407549616491528,1510
410.0,12.885500000000004,80.0405,0.0,0.0,0.0,0.0,-0.0,-0.0,0.0,1.8407549616491528,1510
411.0,12.885500000000004,80.0495,0.0,0.0,0.0,0.0,-0.0,-0.0,0.0,1.8407549616491528,1510
412.0,12.885500000000004,80.0585,0.9323390277584945,0.0,0.0,0.0,-0.0,-0.0,0.9323390277584945,3.6668015913746017,949
413.0,12.885500000000004,80.0675,0.4245920235769638,0.0,0.0,0.0,-0.0,-0.0,0.4245920235769638,2.672346057352868,986
414.0,12.885500000000004,80.0765,0.0,0.0,0.0,0.4664936599129953,-0.0,-0.0,0.4664936599129953,2.754413137603005,980
415.0,12.885500000000004,80.0855,0.0,0.0,0.0,1.7936392882979963,-0.0,-0.0,1.7936392882979963,5.353714174795069,889
416.0,12.885500000000004,80.0945,0.0,0.0,2.8958098239018466,3.317702763460931,-0.40632418546825516,-0.0,5.807188401894522,13.214511174509344,725
417.0,12.885500000000004,80.1035,0.0,0.0,80.57259866572466,5.587024182109545,-0.4857651259403527,-1.637402020597769,84.03645570129608,166.43161959203476,283
418.0,12.885500000000004,80.1125,0.9991450470829368,0.0,182.72575532218514,6.75763603118411,-0.0,-3.1870439397744907,187.2954924606777,368.6711595547521,111
419.0,12.885500000000004,80.1215,1.6069145545510564,0.0,170.40476683936936,4.3630697320015805,-0.0,-2.4971635508225374,173.87758757509945,342.39132007061806,127
420.0,12.885500000000004,80.1305,0.9953813195355838,0.0,61.80453738532967,0.7919451298784933,-0.0,-0.9296472536970714,62.66221658104667,124.56878199066023,341
421.0,12.885500000000004,80.1395,0.0,0.0,1.452940374504529,1.7355568371452361,-0.0,-0.8314970252310543,2.357000186418711,6.4570931374945735,863
422.0,12.885500000000004,80.1485,0.0,0.0,0.0,4.49595896618338,-0.0,-0.6603274748746507,3.8356314913087295,9.353088725486156,795
423.0,12.885500000000004,80.1575,0.0,0.0,0.0,4.816407535329838,-0.0,-0.0,4.816407535329838,11.27400240214082,761
424.0,12.885500000000004,80.1665,0.0,0.0,1.6910874571400496,2.1767515483240394,-0.0,-0.0,3.8678390054640888,9.416169236892637,793
425.0,12.885500000000004,80.1755,0.0,1.0118282267646859,3.7806840397575234,2.093979301453771,-2.588635339671877,-3.092641468125043,1.2052147601790608,4.201246462483773,929
426.0,12.885500000000004,80.1845,0.0,1.8106606903543812,4.631477456272585,2.7544417829982164,-5.253253813582258,-4.8831748928201275,-0.9398487767772021,0.0,2025
427.0,12.885500000000004,80.1935,0.0,1.2479438208533975,190.9986200441769,2.1182054951089557,-4.328830878622252,-2.976605054560107,187.0593334269569,368.2086267262789,112
428.0,12.885500000000004,80.2025,0.0,0.7541215111801889,473.3214372126407,2.716677164041286,-1.4444142367589525,-0.2750633189692036,475.072758332134,932.3016531956308,4
429.0,12.885500000000004,80.2115,0.0,1.7053355126568162,475.2906539304603,7.366785246648538,-0.0,-0.0,484.3627746897656,950.4967544998548,2
430.0,12.885500000000004,80.2205,0.0,1.8312299105060985,203.87163619580167,10.256800037544904,-0.0,-0.0,215.95966614385267,424.81180817038086,84
431.0,12.885500000000004,80.2295,0.0,0.8599085033589857,24.86616215436502,9.009434710844888,-0.0,-0.0,34.735505368568894,69.87250159203424,476
432.0,12.885500000000004,80.2385,0.0,0.0,11.66181948222653,4.554764447995579,-0.0,-0.4618499488849544,15.754733981337154,32.697426228545616,592
433.0,12.885500000000004,80.2475,0.0,0.0,7.50045249181701,2.7843385959269584,-0.0,-0.49450185158071713,9.790289236163252,21.015673238656102,658
434.0,12.885500000000004,80.2565,0.0,0.0,2.941405859047748,0.9023327120953262,-0.0,-0.0,3.8437385711430743,9.368966968665584,794
435.0,12.885500000000004,80.2655,0.0,0.0,0.538244485461626,0.0,-0.0,-0.0,0.538244485461626,2.894941796462317,978
436.0,12.885500000000004,80.2745,0.0,0.0,0.0,0.0,-0.0,-0.0,0.0,1.8407549616491528,1510
437.0,12.885500000000004,80.2835,0.0,0.0,0.0,0.0,-0.0,-0.0,0.0,1.8407549616491528,1510
438.0,12.885500000000004,80.2925,0.0,0.0,0.0,0.0,-0.0,-0.0,0.0,1.8407549616491528,1510
439.0,12.885500000000004,80.3015,0.0,0.0,0.0,0.0,-0.0,-0.0,0.0,1.8407549616491528,1510
440.0,12.885500000000004,80.3105,0.0,0.0,0.0,0.0,-0.0,-0.0,0.0,1.8407549616491528,1510
441.0,12.885500000000004,80.3195,0.0,0.0,0.0,0.0,-0.0,-0.0,0.0,1.8407549616491528,1510
442.0,12.885500000000004,80.3285,0.0,0.0,0.0,0.0,-0.0,-0.0,0.0,1.8407549616491528,1510
443.0,12.885500000000004,80.3375,0.0,0.0,0.0,0.0,-0.0,-0.0,0.0,1.8407549616491528,1510
444.0,12.885500000000004,80.3465,0.0,0.0,0.0,0.0,-0.0,-0.0,0.0,1.8407549616491528,1510
445.0,12.885500000000004,80.3555,0.0,0.0,0.0,0.0,-0.0,-0.0,0.0,1.8407549616491528,1510
446.0,12.885500000000004,80.3645,0.0,0.0,0.0,0.0,-0.0,-0.0,0.0,1.8407549616491528,1510
447.0,12.885500000000004,80.3735,0.0,0.0,0.0,0.0,-0.0,-0.0,0.0,1.8407549616491528,1510
448.0,12.885500000000004,80.38250000000001,0.0,0.0,0.0,0.0,-0.0,-0.0,0.0,1.8407549616491528,1510
449.0,12.885500000000004,80.39150000000001,0.0,0.0,0.0,0.0,-0.0,-0.0,0.0,1.8407549616491528,1510
450.0,12.885500000000004,80.40050000000001,0.0,0.0,0.0,0.0,-0.0,-0.0,0.0,1.8407549616491528,1510
451.0,12.894500000000004,80.0045,0.0,0.0,0.0,0.0,-0.0,-0.0,0.0,1.8407549616491528,1510
452.0,12.894500000000004,80.0135,0.0,0.0,0.0,0.0,-0.0,-0.0,0.0,1.8407549616491528,1510
453.0,12.894500000000004,80.0225,0.0,0.0,0.0,0.0,-0.0,-0.0,0.0,1.8407549616491528,1510
454.0,12.894500000000004,80.0315,0.0,0.0,0.0,0.0,-0.0,-0.0,0.0,1.8407549616491528,1510
455.0,12.894500000000004,80.0405,0.0,0.0,0.0,0.0,-0.0,-0.0,0.0,1.8407549616491528,1510
456.0,12.894500000000004,80.0495,0.0,0.0,0.0,0.0,-0.0,-0.0,0.0,1.8407549616491528,1510
457.0,12.894500000000004,80.0585,0.0,0.0,0.0,0.0,-0.0,-0.0,0.0,1.8407549616491528,1510
458.0,12.894500000000004,80.0675,0.0,0.0,0.0,0.0,-0.0,-0.0,0.0,1.8407549616491528,1510
459.0,12.894500000000004,80.0765,0.0,0.0,0.0,0.0,-0.0,-0.0,0.0,1.8407549616491528,1510
460.0,12.894500000000004,80.0855,0.0,0.0,0.0,1.1932790384633531,-0.5202384200685302,-0.0,0.673040618394823,3.15894879060742,971
461.0,12.894500000000004,80.0945,0.0,0.0,3.6977135712528684,3.036853297807551,-1.6147104465782403,-0.0,5.119856422482179,11.868326785418704,751
462.0,12.894500000000004,80.1035,0.4434410248173535,0.0,99.43190982679825,7.644380218102444,-1.9303921523559464,-1.7924185384598037,103.79692037890229,205.13377497976177,238
463.0,12.894500000000004,80.1125,1.8515927945805317,0.0,228.79829796684425,9.34525066782472,-0.8889044636863968,-3.5149327561792543,235.59130420938385,463.26164825885013,67
464.0,12.894500000000004,80.1215,2.9778468248976275,0.0,215.8383608771802,5.866255020615343,-0.0,-2.7752877234495026,221.90717499924367,436.460391118538,77
465.0,12.894500000000004,80.1305,1.8446181892913658,0.0,81.90951995163462,1.491448887849359,-0.0,-1.7780837088359158,83.46750331993942,165.31728934572044,285
466.0,12.894500000000004,80.1395,0.4401065972105972,0.0,2.183395095394789,2.665276146807601,-0.4490863610105794,-2.514554270711032,2.3251372076913754,6.394687421134134,866
467.0,12.894500000000004,80.1485,0.0,0.0,0.526376287516884,4.986588323650632,-0.0,-1.8337183918581834,3.6792462193093325,9.046797998217398,805
468.0,12.894500000000004,80.1575,0.0,0.0,2.733415667647909,5.184072624401128,-0.0,-0.4492146030905591,7.468273688958477,16.467854754282097,697
469.0,12.894500000000004,80.1665,0.0,0.0,5.741629549717109,2.9413411202271265,-0.0,-0.3571923231601714,8.325778346784064,18.147333402902916,689
470.0,12.894500000000004,80.1755,0.0,1.3616392602357663,8.854225037073546,2.606261724913309,-2.2917897842938695,-3.509536667766608,7.020799570162143,15.591447586728588,703
471.0,12.894500000000004,80.1845,0.0,2.436594838063432,7.75241807154408,4.67353366167947,-4.432743335864955,-5.486844817692448,4.942958417729577,11.521860536804988,758
472.0,12.894500000000004,80.1935,1.2188785110529623,1.6793725708770888,103.64039189990066,5.103273308199756,-3.4735246269500357,-3.3129817515853617,104.85540991149509,207.206895578647,233
473.0,12.894500000000004,80.2025,1.978053465893424,1.7029605164198072,272.50570304486246,3.9685988681340296,-1.1052463277118798,-0.2708363469435712,278.7792332206543,547.8480163801687,38
474.0,12.894500000000004,80.2115,2.048169442382326,4.586301752231916,286.96608088802236,8.763057529636301,-0.0,-0.0,302.3636096122729,594.0395515855867,28
475.0,12.894500000000004,80.2205,0.8629284626264284,10.642908326940098,151.36272375383902,19.55667087865118,-0.0,-0.0,182.42523142205673,359.1324365251712,120
476.0,12.894500000000004,80.2295,0.0,8.457690047931573,64.67919293801526,19.912821153289002,-0.0,-0.0,93.04970413923584,184.08465292321196,261
477.0,12.894500000000004,80.2385,0.0,1.2754678919478712,31.299261664201545,10.275754972018527,-0.0,-0.0,42.85048452816794,85.76621611378278,427
478.0,12.894500000000004,80.2475,0.0,0.0,7.985835304758728,4.592009117630832,-0.0,-0.0,12.57784442238956,26.475281387013883,623
479.0,12.894500000000004,80.2565,0.0,0.0,2.397717640469313,1.540091171323859,-0.0,-0.0,3.9378088117931718,9.553209653764322,790
480.0,12.894500000000004,80.2655,0.0,0.0,0.0,0.0,-0.0,-0.0,0.0,1.8407549616491528,1510
481.0,12.894500000000004,80.2745,0.0,0.0,0.0,0.0,-0.0,-0.0,0.0,1.8407549616491528,1510
482.0,12.894500000000004,80.2835,0.0,0.0,0.0,0.0,-0.0,-0.0,0.0,1.8407549616491528,1510
483.0,12.894500000000004,80.2925,0.0,0.0,0.0,0.0,-0.0,-0.0,0.0,1.8407549616491528,1510
484.0,12.894500000000004,80.3015,0.0,0.0,0.0,0.0,-0.0,-0.0,0.0,1.8407549616491528,1510
485.0,12.894500000000004,80.3105,0.0,0.0,0.0,0.0,-0.0,-0.0,0.0,1.8407549616491528,1510
486.0,12.894500000000004,80.3195,0.0,0.0,0.0,0.0,-0.0,-0.0,0.0,1.8407549616491528,1510
487.0,12.894500000000004,80.3285,0.0,0.0,0.0,0.0,-0.0,-0.0,0.0,1.8407549616491528,1510
488.0,12.894500000000004,80.3375,0.0,0.0,0.0,0.0,-0.0,-0.0,0.0,1.8407549616491528,1510
489.0,12.894500000000004,80.3465,0.0,0.0,0.0,0.0,-0.0,-0.0,0.0,1.8407549616491528,1510
490.0,12.894500000000004,80.3555,0.0,0.0,0.0,0.0,-0.0,-0.0,0.0,1.8407549616491528,1510
491.0,12.894500000000004,80.3645,0.0,0.0,0.0,0.0,-0.0,-0.0,0.0,1.8407549616491528,1510
492.0,12.894500000000004,80.3735,0.0,0.0,0.0,0.0,-0.0,-0.0,0.0,1.8407549616491528,1510
493.0,12.894500000000004,80.38250000000001,0.0,0.0,0.0,0.0,-0.0,-0.0,0.0,1.8407549616491528,1510
494.0,12.894500000000004,80.39150000000001,0.0,0.0,0.0,0.0,-0.0,-0.0,0.0,1.8407549616491528,1510
495.0,12.894500000000004,80.40050000000001,0.0,0.0,0.0,0.0,-0.0,-0.0,0.0,1.8407549616491528,1510
496.0,12.903500000000005,80.0045,0.0,0.0,0.0,0.0,-0.0,-0.0,0.0,1.8407549616491528,1510
497.0,12.903500000000005,80.0135,0.0,0.0,0.0,0.0,-0.0,-0.0,0.0,1.8407549616491528,1510
498.0,12.903500000000005,80.0225,0.0,0.0,0.0,0.0,-0.0,-0.0,0.0,1.8407549616491528,1510
499.0,12.903500000000005,80.0315,0.0,0.0,0.0,0.0,-0.0,-0.0,0.0,1.8407549616491528,1510
500.0,12.903500000000005,80.0405,0.0,0.0,0.0,0.0,-0.0,-0.0,0.0,1.8407549616491528,1510
501.0,12.903500000000005,80.0495,0.0,0.0,0.0,0.0,-0.0,-0.0,0.0,1.8407549616491528,1510
502.0,12.903500000000005,80.0585,0.0,0.0,0.0,0.0,-0.0,-0.0,0.0,1.8407549616491528,1510
503.0,12.903500000000005,80.0675,0.0,0.0,0.0,0.0,-0.0,-0.0,0.0,1.8407549616491528,1510
504.0,12.903500000000005,80.0765,0.0,0.0,0.0,0.0,-0.0,-0.0,0.0,1.8407549616491528,1510
505.0,12.903500000000005,80.0855,0.0,0.0,0.0,0.33679483806934274,-0.7671915132239857,-0.0,-0.43039667515464297,0.9977950782678103,2023
506.0,12.903500000000005,80.0945,0.0,0.0,0.0,2.6032449739069574,-2.3811044096604386,-0.0,0.22214056424651885,2.2758317058276005,998
507.0,12.903500000000005,80.1035,0.8901500371660581,0.0,39.27899179291407,7.576257078746735,-2.8466007239418842,-0.7290017522486998,44.16979643263628,88.3501742931406,420
508.0,12.903500000000005,80.1125,3.2610295978758996,0.0,108.3654946456112,9.253699169674611,-1.3108353307267415,-1.4404026840479456,118.12898539838702,233.20405654756848,204
509.0,12.903500000000005,80.1215,3.7575958801831977,0.0,104.84014632592107,6.037714140307438,-0.0,-1.146014108462286,113.48944223794943,224.1172094894216,210
510.0,12.903500000000005,80.1305,1.268484207446116,0.0,36.25345082289191,2.0802037570021517,-1.7716217373511078,-1.8208312505957982,36.009685799393274,72.36806684469003,470
511.0,12.903500000000005,80.1395,0.0,0.0,9.787994873041633,3.8214868676330562,-3.6456561500469835,-4.366441905110437,5.597383685517268,12.803594990766335,735
512.0,12.903500000000005,80.1485,0.0,0.0,7.581875698731209,5.384977722391357,-2.914742227372581,-4.269853791447748,5.7822574023022355,13.165682190174502,727
513.0,12.903500000000005,80.1575,0.0,0.0,7.240288121717678,4.457930955544656,-0.5191561933557618,-1.9082746830644988,9.270788200842073,19.998196670108072,670
514.0,12.903500000000005,80.1665,0.0,0.0,13.77418592924663,2.651808829011497,-0.0,-0.5849552524825727,15.841039505775555,32.866461211888875,591
515.0,12.903500000000005,80.1755,0.43535010275712366,0.679952886461487,17.236910615082852,3.487578083040879,-0.6195425951472,-1.540796389815433,19.679452702379706,40.38424312648259,569
516.0,12.903500000000005,80.1845,2.671359171387308,1.2167211149894064,15.062692789490626,6.427787930510347,-3.9586529960458328,-2.382560450878689,19.037347559453167,39.12663843842259,572
517.0,12.903500000000005,80.1935,5.576900554494898,0.8386110047659857,13.350749650531744,8.14308026633725,-4.548328578555115,-1.4231997954286628,21.9378131021461,44.80738886415845,549
518.0,12.903500000000005,80.2025,6.5177418018324405,2.1183527896234073,47.523961761196276,7.119571170146651,-1.8440051925456602,-0.0,61.43562233025311,122.16641736683117,343
519.0,12.903500000000005,80.2115,4.443092726592988,17.10432045111878,69.79977206197223,14.418780299046606,-0.0,-0.0,105.7659655387306,208.99027800154997,229
520.0,12.903500000000005,80.2205,1.7084809735760533,30.793781634050266,82.59363995238982,27.89750602878643,-0.0,-0.0,142.99340858880257,281.9026466688935,159
521.0,12.903500000000005,80.2295,0.9066003737741533,25.634658002279785,86.4337388778806,27.675629736440552,-0.0,-0.0,140.6506269903751,277.314156522475,166
522.0,12.903500000000005,80.2385,2.003646012173669,8.20382586868466,39.54673553953719,13.419572503862007,-0.0,-0.0,63.17377992425752,125.57071207290413,340
523.0,12.903500000000005,80.2475,1.2612279011977445,0.0,7.118016408670355,3.686103482688934,-0.0,-0.0,12.065347792557032,25.47152340221594,629
524.0,12.903500000000005,80.2565,0.0,0.0,2.0405888458732404,1.1197109702931103,-0.0,-0.0,3.1602998161663507,8.030407712866337,821
525.0,12.903500000000005,80.2655,0.0,0.0,0.0,0.0,-0.0,-0.0,0.0,1.8407549616491528,1510
526.0,12.903500000000005,80.2745,0.0,0.0,0.0,0.0,-0.0,-0.0,0.0,1.8407549616491528,1510
527.0,12.903500000000005,80.2835,0.0,0.0,0.0,0.0,-0.0,-0.0,0.0,1.8407549616491528,1510
528.0,12.903500000000005,80.2925,0.0,0.0,0.0,0.0,-0.0,-0.0,0.0,1.8407549616491528,1510
529.0,12.903500000000005,80.3015,0.0,0.0,0.0,0.0,-0.0,-0.0,0.0,1.8407549616491528,1510
530.0,12.903500000000005,80.3105,0.0,0.0,0.0,0.0,-0.0,-0.0,0.0,1.8407549616491528,1510
531.0,12.903500000000005,80.3195,0.0,0.0,0.0,0.0,-0.0,-0.0,0.0,1.8407549616491528,1510
532.0,12.903500000000005,80.3285,0.0,0.0,0.0,0.0,-0.0,-0.0,0.0,1.8407549616491528,1510
533.0,12.903500000000005,80.3375,0.0,0.0,0.0,0.0,-0.0,-0.0,0.0,1.8407549616491528,1510
534.0,12.903500000000005,80.3465,0.0,0.0,0.0,0.0,-0.0,-0.0,0.0,1.8407549616491528,1510
535.0,12.903500000000005,80.3555,0.0,0.0,0.0,0.0,-0.0,-0.0,0.0,1.8407549616491528,1510
536.0,12.903500000000005,80.3645,0.0,0.0,0.0,0.0,-0.0,-0.0,0.0,1.8407549616491528,1510
537.0,12.903500000000005,80.3735,0.0,0.0,0.0,0.0,-0.0,-0.0,0.0,1.8407549616491528,1510
538.0,12.903500000000005,80.38250000000001,0.0,0.0,0.0,0.0,-0.0,-0.0,0.0,1.8407549616491528,1510
539.0,12.903500000000005,80.39150000000001,0.0,0.0,0.0,0.0,-0.0,-0.0,0.0,1.8407549616491528,1510
540.0,12.903500000000005,80.40050000000001,0.0,0.0,0.0,0.0,-0.0,-0.0,0.0,1.8407549616491528,1510
541.0,12.912500000000005,80.0045,0.0,0.0,0.0,0.0,-0.0,-0.0,0.0,1.8407549616491528,1510
542.0,12.912500000000005,80.0135,0.0,0.0,0.0,0.0,-0.0,-0.0,0.0,1.8407549616491528,1510
543.0,12.912500000000005,80.0225,0.0,0.0,0.0,0.0,-0.0,-0.0,0.0,1.8407549616491528,1510
544.0,12.912500000000005,80.0315,0.0,0.0,0.0,0.0,-0.0,-0.0,0.0,1.8407549616491528,1510
545.0,12.912500000000005,80.0405,0.0,0.0,0.0,0.0,-0.0,-0.0,0.0,1.8407549616491528,1510
546.0,12.912500000000005,80.0495,0.0,0.0,0.0,0.0,-0.0,-0.0,0.0,1.8407549616491528,1510
547.0,12.912500000000005,80.0585,0.0,0.0,0.0,0.0,-0.0,-0.0,0.0,1.8407549616491528,1510
548.0,12.912500000000005,80.0675,0.0,0.0,0.0,0.0,-0.0,-0.0,0.0,1.8407549616491528,1510
549.0,12.912500000000005,80.0765,0.0,0.0,0.0,0.0,-0.0,-0.0,0.0,1.8407549616491528,1510
550.0,12.912500000000005,80.0855,1.3198523044876391,0.0,0.5962871903937481,0.5768293368866535,-0.4198228589192272,-0.0,2.0731459728488133,5.90114619696068,876
551.0,12.912500000000005,80.0945,1.7250246482013267,0.6486863376337287,0.8673701826779525,3.0771711825548813,-1.302936167176501,-0.0,5.015316183891388,11.663577928333579,754
552.0,12.912500000000005,80.1035,3.7994507269716005,2.5370542636943934,0.48605075208034243,10.050843285519244,-1.5576449885791295,-0.0,15.315754039686452,31.83765545943438,598
553.0,12.912500000000005,80.1125,6.667876280056825,3.534700541146954,3.6093404883179696,13.67797710437334,-0.7173021123042242,-1.4734856800435379,25.299106621547327,51.390700856768184,526
554.0,12.912500000000005,80.1215,8.182683161973767,3.921013707633507,23.48244022341109,12.4642454643263,-0.0,-3.251919618620249,44.79846293872441,89.58145853683834,414
555.0,12.912500000000005,80.1305,5.420363497664402,4.426266886370918,34.717411326956,12.036612973182297,-2.802564095984765,-4.808984045175,48.989106543013854,97.78910661566084,391
556.0,12.912500000000005,80.1395,3.7669687139695744,4.813202960428517,30.865897732908984,15.266627263681352,-5.774267339693029,-7.056468161210212,41.881961170085184,83.8693001195126,432
557.0,12.912500000000005,80.1485,2.7217383702309768,3.1040528300731696,22.078480859260782,15.460312191975211,-4.622486630184951,-7.540354678360769,31.201742942994414,62.95139802846854,489
558.0,12.912500000000005,80.1575,1.8204821020154927,1.2799600601958783,16.65830827483543,10.434989280556824,-1.4377274831434295,-4.789385083201082,23.96662715125911,48.78095314326969,537
559.0,12.912500000000005,80.1665,0.9115404549231012,0.47919010354404357,17.716038992850006,7.065789420568248,-0.0,-2.6808687064062693,23.49169026547913,47.85075836026691,538
560.0,12.912500000000005,80.1755,1.4648533370544843,0.0,19.258451405650295,6.608675434418817,-1.1939241929019424,-0.9790998011712436,25.15895618305041,51.11620710690649,527
561.0,12.912500000000005,80.1845,6.922650431822362,0.0,24.15912567521753,7.660475958125942,-4.283922058685504,-0.2890143546892038,34.16931565179113,68.7635822039948,481
562.0,12.912500000000005,80.1935,13.197872330107112,0.0,35.28755017091714,9.770265058497799,-5.921226892202389,-0.0,52.33446066731966,104.3412002662005,376
563.0,12.912500000000005,80.2025,13.641242659001296,3.2793611923111694,24.987606337271117,8.603748477302604,-3.1527329013222825,-0.3693220746658042,46.9899036898981,93.87353778996629,402
564.0,12.912500000000005,80.2115,5.7685248654970005,18.819841575175897,24.947451991389606,11.822730459249179,-0.0,-0.0,61.35854889131168,122.01546402343341,344
565.0,12.912500000000005,80.2205,2.852403747241764,35.37181219243579,51.4569922437949,21.50629526662755,-0.0,-0.0,111.1875034501,219.60871264413498,217
566.0,12.912500000000005,80.2295,6.425932691497219,30.894592392615078,57.67416782084745,20.412186522062004,-0.0,-0.0,115.40687942702175,227.87263494365098,208
567.0,12.912500000000005,80.2385,10.51480083110427,11.731769752020513,31.13537854497883,9.823169275351594,-0.0,-0.0,63.20511840345521,125.63209052281974,339
568.0,12.912500000000005,80.2475,7.9689560172183445,1.2558853800320045,6.835735243227754,5.015048306471803,-0.0,-0.0,21.075624946949908,43.11873728129987,554
569.0,12.912500000000005,80.2565,2.4101985702873927,0.4204996056371974,3.442411913385583,4.909318442981067,-0.0,-0.0,11.18242853229124,23.742268601626748,641
570.0,12.912500000000005,80.2655,0.0,0.0,0.5776005812561067,2.0716186564169496,-0.0,-0.0,2.6492192376730563,7.029423156723144,844
571.0,12.912500000000005,80.2745,0.0,0.0,0.0,0.0,-0.0,-0.0,0.0,1.8407549616491528,1510
572.0,12.912500000000005,80.2835,0.0,0.0,0.0,0.0,-0.0,-0.0,0.0,1.8407549616491528,1510
573.0,12.912500000000005,80.2925,0.0,0.0,0.0,0.0,-0.0,-0.0,0.0,1.8407549616491528,1510
574.0,12.912500000000005,80.3015,0.0,0.0,0.0,0.0,-0.0,-0.0,0.0,1.8407549616491528,1510
575.0,12.912500000000005,80.3105,0.0,0.0,0.0,0.0,-0.0,-0.0,0.0,1.8407549616491528,1510
576.0,12.912500000000005,80.3195,0.0,0.0,0.0,0.0,-0.0,-0.0,0.0,1.8407549616491528,1510
577.0,12.912500000000005,80.3285,0.0,0.0,0.0,0.0,-0.0,-0.0,0.0,1.8407549616491528,1510
578.0,12.912500000000005,80.3375,0.0,0.0,0.0,0.0,-0.0,-0.0,0.0,1.8407549616491528,1510
579.0,12.912500000000005,80.3465,0.0,0.0,0.0,0.0,-0.0,-0.0,0.0,1.8407549616491528,1510
580.0,12.912500000000005,80.3555,0.0,0.0,0.0,0.0,-0.0,-0.0,0.0,1.8407549616491528,1510
581.0,12.912500000000005,80.3645,0.0,0.0,0.0,0.0,-0.0,-0.0,0.0,1.8407549616491528,1510
582.0,12.912500000000005,80.3735,0.0,0.0,0.0,0.0,-0.0,-0.0,0.0,1.8407549616491528,1510
583.0,12.912500000000005,80.38250000000001,0.0,0.0,0.0,0.0,-0.0,-0.0,0.0,1.8407549616491528,1510
584.0,12.912500000000005,80.39150000000001,0.0,0.0,0.0,0.0,-0.0,-0.0,0.0,1.8407549616491528,1510
585.0,12.912500000000005,80.40050000000001,0.0,0.0,0.0,0.0,-0.0,-0.0,0.0,1.8407549616491528,1510
586.0,12.921500000000005,80.0045,0.0,0.0,0.0,0.0,-0.0,-0.0,0.0,1.8407549616491528,1510
587.0,12.921500000000005,80.0135,0.0,0.0,0.0,0.0,-0.0,-0.0,0.0,1.8407549616491528,1510
588.0,12.921500000000005,80.0225,0.0,0.0,0.0,0.0,-0.0,-0.0,0.0,1.8407549616491528,1510
589.0,12.921500000000005,80.0315,0.0,0.0,0.0,0.0,-0.0,-0.0,0.0,1.8407549616491528,1510
590.0,12.921500000000005,80.0405,0.0,0.0,0.0,0.0,-0.0,-0.0,0.0,1.8407549616491528,1510
591.0,12.921500000000005,80.0495,0.0,0.0,0.0,0.0,-0.0,-0.0,0.0,1.8407549616491528,1510
592.0,12.921500000000005,80.0585,0.0,0.0,0.0,0.0,-0.0,-0.0,0.0,1.8407549616491528,1510
593.0,12.921500000000005,80.0675,0.0,0.0,0.0,0.0,-0.0,-0.0,0.0,1.8407549616491528,1510
594.0,12.921500000000005,80.0765,0.6608507627341461,0.0,0.46014964038178774,0.0,-0.0,-0.0,1.121000403115934,4.036307166464672,931
595.0,12.921500000000005,80.0855,2.24199336525582,0.5037638230950966,2.1820471319065424,0.3681423227184421,-0.0,-0.0,5.295946642975902,12.213210936019193,745
596.0,12.921500000000005,80.0945,2.930219340343206,3.0603963139393437,3.8260262777642273,3.7416338912853524,-0.0,-0.0,13.558275823332131,28.395520057781972,612
597.0,12.921500000000005,80.1035,4.797650181485581,6.869111015976344,4.13573565230971,12.539810052752108,-0.0,-1.0783169710042078,27.26398993151954,55.23905262490628,508
598.0,12.921500000000005,80.1125,8.341227635871885,9.201581454343863,17.587697490045993,20.437601913191678,-0.0,-4.441497571003333,51.126610922450084,101.97554797645729,384
599.0,12.921500000000005,80.1215,10.533967521866265,8.992605410006288,48.342044967361474,23.064865955860864,-0.0,-7.55461615802766,83.37886769706724,165.14369071303366,286
600.0,12.921500000000005,80.1305,9.786769430628539,10.22505577438755,67.75166986307127,25.779052989084587,-1.6454348296502288,-8.540769343806625,103.3563438837151,204.27087725670174,240
601.0,12.921500000000005,80.1395,8.043551493043347,10.314554207799704,52.87513257062305,29.621458603523934,-3.3943737318300173,-8.728593480893945,88.73172966226608,175.62761904802642,271
602.0,12.921500000000005,80.1485,6.817746966498033,6.923321194800247,28.548325321094186,26.574531826361913,-2.7207735036528957,-8.576754488475895,57.56639731662558,114.58828850444688,354
603.0,12.921500000000005,80.1575,5.429984631401464,3.1398011515281827,19.470044585599272,18.13706598629559,-0.49715230203724925,-7.068087993610442,38.611656059176816,77.46419484326432,446
604.0,12.921500000000005,80.1665,2.638840612316415,1.6625160940435744,15.742299357172207,11.206277036169118,-0.0,-3.9854720462711812,27.264461053430136,55.239975347812226,507
605.0,12.921500000000005,80.1755,1.8992470583539873,0.6325687124802584,27.286576672186897,8.547227168996992,-0.0,-2.254530007651584,36.111089604366555,72.56667279252638,468
606.0,12.921500000000005,80.1845,8.80102923840861,0.0,70.04265844408866,6.840982346889344,-2.718157293400081,-1.4086084649670543,81.55790427101947,161.57721539881013,291
607.0,12.921500000000005,80.1935,18.777262868016827,0.0,92.44494933439535,7.254745169294532,-4.36098239298142,-1.995534275620364,112.12044070310493,221.4359309369171,214
608.0,12.921500000000005,80.2025,18.551093026996206,0.7077570556505577,69.6206525421342,7.959257200316379,-3.1599571474593686,-2.558308007783588,91.12049466985437,180.3061706922708,265
609.0,12.921500000000005,80.2115,9.217654610199341,7.173668985253046,26.91071184055187,7.442702164694645,-0.8575842368627996,-1.2540911565955057,48.6330622072406,97.09177062519537,397
610.0,12.921500000000005,80.2205,3.3382409577815104,17.790512844500196,21.420602336379233,10.327280533084856,-0.0,-0.0,52.8766366717458,105.40308723663075,373
611.0,12.921500000000005,80.2295,10.640219615132597,17.252093818029756,26.597869999417476,10.970702235321113,-0.0,-0.0,65.46088566790094,130.05015743629994,333
612.0,12.921500000000005,80.2385,16.097007336453657,8.316080697782812,18.341059912087,8.97261440340937,-0.0,-0.0,51.72676234973284,103.15098358355543,379
613.0,12.921500000000005,80.2475,12.453601305340406,3.1216357041222222,11.199020165113051,10.29067030560577,-0.0,-0.0,37.06492748018145,74.43482631455983,458
614.0,12.921500000000005,80.2565,4.750717937375269,0.6855694649336581,5.092985398163103,10.42189094654536,-0.0,-0.0,20.95116374701739,42.874971925670856,555
615.0,12.921500000000005,80.2655,0.5904585770847904,0.0,2.2544706735411113,4.517061955901426,-0.0,-0.0,7.361991206527327,16.25969359931162,700
616.0,12.921500000000005,80.2745,0.0,0.0,0.0,0.0,-0.0,-0.0,0.0,1.8407549616491528,1510
617.0,12.921500000000005,80.2835,0.0,0.0,0.0,0.0,-0.0,-0.0,0.0,1.8407549616491528,1510
618.0,12.921500000000005,80.2925,0.0,0.0,0.0,0.0,-0.0,-0.0,0.0,1.8407549616491528,1510
619.0,12.921500000000005,80.3015,0.0,0.0,0.0,0.0,-0.0,-0.0,0.0,1.8407549616491528,1510
620.0,12.921500000000005,80.3105,0.0,0.0,0.0,0.0,-0.0,-0.0,0.0,1.8407549616491528,1510
621.0,12.921500000000005,80.3195,0.0,0.0,0.0,0.0,-0.0,-0.0,0.0,1.8407549616491528,1510
622.0,12.921500000000005,80.3285,0.0,0.0,0.0,0.0,-0.0,-0.0,0.0,1.8407549616491528,1510
623.0,12.921500000000005,80.3375,0.0,0.0,0.0,0.0,-0.0,-0.0,0.0,1.8407549616491528,1510
624.0,12.921500000000005,80.3465,0.0,0.0,0.0,0.0,-0.0,-0.0,0.0,1.8407549616491528,1510
625.0,12.921500000000005,80.3555,0.0,0.0,0.0,0.0,-0.0,-0.0,0.0,1.8407549616491528,1510
626.0,12.921500000000005,80.3645,0.0,0.0,0.0,0.0,-0.0,-0.0,0.0,1.8407549616491528,1510
627.0,12.921500000000005,80.3735,0.0,0.0,0.0,0.0,-0.0,-0.0,0.0,1.8407549616491528,1510
628.0,12.921500000000005,80.38250000000001,0.0,0.0,0.0,0.0,-0.0,-0.0,0.0,1.8407549616491528,1510
629.0,12.921500000000005,80.39150000000001,0.0,0.0,0.0,0.0,-0.0,-0.0,0.0,1.8407549616491528,1510
630.0,12.921500000000005,80.40050000000001,0.0,0.0,0.0,0.0,-0.0,-0.0,0.0,1.8407549616491528,1510
631.0,12.930500000000006,80.0045,0.0,0.0,0.0,0.0,-0.0,-0.0,0.0,1.8407549616491528,1510
632.0,12.930500000000006,80.0135,0.0,0.0,0.0,0.0,-0.0,-0.0,0.0,1.8407549616491528,1510
633.0,12.930500000000006,80.0225,0.0,0.0,0.0,0.0,-0.0,-0.0,0.0,1.8407549616491528,1510
634.0,12.930500000000006,80.0315,0.0,0.0,0.0,0.0,-0.0,-0.0,0.0,1.8407549616491528,1510
635.0,12.930500000000006,80.0405,0.0,0.0,0.0,0.0,-0.0,-0.0,0.0,1.8407549616491528,1510
636.0,12.930500000000006,80.0495,0.0,0.0,0.0,0.0,-0.0,-0.0,0.0,1.8407549616491528,1510
637.0,12.930500000000006,80.0585,0.0,0.0,0.0,0.0,-0.0,-0.0,0.0,1.8407549616491528,1510
638.0,12.930500000000006,80.0675,0.0,0.0,0.0,0.0,-0.0,-0.0,0.0,1.8407549616491528,1510
639.0,12.930500000000006,80.0765,0.4165730409255215,0.0,0.49753487267799046,0.0,-0.0,-0.0,0.914107913603512,3.631094768461822,953
640.0,12.930500000000006,80.0855,1.4131982334224347,0.48746862337121855,2.7225687062617463,0.2768874988802466,-0.0,-0.0,4.900123061935646,11.437964706262903,760
641.0,12.930500000000006,80.0945,1.84699078641695,2.815822249410985,5.197888154861904,2.7195999772564203,-0.0,-0.0,12.580301167946258,26.480093082985345,622
642.0,12.930500000000006,80.1035,2.0899090935632527,6.191680753070643,5.312884262245862,8.75833565099595,-0.0,-1.164573984383229,21.18823577549248,43.33929291375594,553
643.0,12.930500000000006,80.1125,4.116233120431181,9.26228228733891,17.578483880343928,16.328172439415624,-0.0,-4.359698542568904,42.92547318496074,85.91308627573807,426
644.0,12.930500000000006,80.1215,6.094427086957385,9.26913834074666,44.57284554778302,22.728759835356698,-0.0,-7.007393664759839,75.65777714608393,150.021432651688,304
645.0,12.930500000000006,80.1305,7.121589723738014,9.290790669457499,64.73059840121051,28.558527688555795,-0.4579199747165655,-7.44478684174954,101.79879966649571,201.22032559703385,246
646.0,12.930500000000006,80.1395,10.433158296788925,9.087749067975444,52.73494580503117,33.79349960140304,-0.6492522071803908,-6.672537293763304,98.72756327025488,195.20510934685836,251
647.0,12.930500000000006,80.1485,10.418914697165933,5.7839488645779555,25.57989073721417,31.22477837599399,-0.0,-6.613530999793327,66.39400167515872,131.87772583091328,331
648.0,12.930500000000006,80.1575,8.903446287546997,3.556127629466399,11.219346166550197,18.88437089489284,-0.0,-4.875317914054475,37.68797306440196,75.65510161716776,451
649.0,12.930500000000006,80.1665,4.491581218379081,2.1403453975374207,8.782640004507588,10.463283724872744,-0.0,-2.7182967017782667,23.159553643518567,47.20024718237745,542
650.0,12.930500000000006,80.1755,1.9566082786030887,0.814405589827252,35.01350289683692,7.601567939886131,-0.0,-2.679981550169568,42.70610315498382,85.48343580313565,429
651.0,12.930500000000006,80.1845,6.722451998693769,0.0,91.05135691647294,4.95191395896544,-0.0,-2.2910447015688438,100.4346781725633,198.5486049220772,248
652.0,12.930500000000006,80.1935,15.462856827198063,0.0,123.86130289004203,4.11093645395397,-2.319928444011632,-4.584217590553839,136.5309501366286,269.24550144061317,173
653.0,12.930500000000006,80.2025,16.762400779666784,0.6869764768745132,112.30508572729215,8.276840905242796,-2.7552807815263662,-5.315519511036813,129.96050359651304,256.37685451802923,183
654.0,12.930500000000006,80.2115,7.760159491782421,2.0928190466841827,70.40722933066172,8.938163221690187,-2.0378508653168916,-2.80920517251504,84.35131505298658,167.04829211230268,281
655.0,12.930500000000006,80.2205,4.370398268270863,3.888028574201009,35.93852858045239,9.07425882147396,-0.5806955779389167,-0.7153139351202178,51.97520473133909,103.6375741478309,378
656.0,12.930500000000006,80.2295,10.11678105070872,7.80794562252919,16.701539170584862,11.357754071508959,-0.6785260237059727,-0.49993835111891866,44.80555554050684,89.59534985876651,412
657.0,12.930500000000006,80.2385,16.805283624587624,8.631940686776257,23.87426904324118,13.494971288911927,-1.092370915737796,-0.9737153820250735,60.74037834575412,120.80473680114306,346
658.0,12.930500000000006,80.2475,11.929643846127474,3.9673935809054335,29.581253122888604,13.798531209127365,-1.3352552794001538,-1.4458818516745544,56.495684627974164,112.4912280593674,356
659.0,12.930500000000006,80.2565,4.078757267262635,0.41476023209438984,23.503546570883255,11.061211670364887,-0.7752252003896672,-0.8368684960558089,37.44618204415969,75.1815381767605,454
660.0,12.930500000000006,80.2655,0.7809589752130768,0.0,9.376051548140557,4.80191918461014,-0.0,-0.3772863229765863,14.581643384987188,30.399851992081974,604
661.0,12.930500000000006,80.2745,0.0,0.0,0.0,0.0,-0.0,-0.0,0.0,1.8407549616491528,1510
662.0,12.930500000000006,80.2835,0.0,0.0,0.0,0.0,-0.0,-0.0,0.0,1.8407549616491528,1510
663.0,12.930500000000006,80.2925,0.0,0.0,0.0,0.0,-0.0,-0.0,0.0,1.8407549616491528,1510
664.0,12.930500000000006,80.3015,0.0,0.0,0.0,0.0,-0.0,-0.0,0.0,1.8407549616491528,1510
665.0,12.930500000000006,80.3105,0.0,0.0,0.0,0.0,-0.0,-0.0,0.0,1.8407549616491528,1510
666.0,12.930500000000006,80.3195,0.0,0.0,0.0,0.0,-0.0,-0.0,0.0,1.8407549616491528,1510
667.0,12.930500000000006,80.3285,0.0,0.0,0.0,0.0,-0.0,-0.0,0.0,1.8407549616491528,1510
668.0,12.930500000000006,80.3375,0.0,0.0,0.0,0.0,-0.0,-0.0,0.0,1.8407549616491528,1510
669.0,12.930500000000006,80.3465,0.0,0.0,0.0,0.0,-0.0,-0.0,0.0,1.8407549616491528,1510
670.0,12.930500000000006,80.3555,0.0,0.0,0.0,0.0,-0.0,-0.0,0.0,1.8407549616491528,1510
671.0,12.930500000000006,80.3645,0.0,0.0,0.0,0.0,-0.0,-0.0,0.0,1.8407549616491528,1510
672.0,12.930500000000006,80.3735,0.0,0.0,0.0,0.0,-0.0,-0.0,0.0,1.8407549616491528,1510
673.0,12.930500000000006,80.38250000000001,0.0,0.0,0.0,0.0,-0.0,-0.0,0.0,1.8407549616491528,1510
674.0,12.930500000000006,80.39150000000001,0.0,0.0,0.0,0.0,-0.0,-0.0,0.0,1.8407549616491528,1510
675.0,12.930500000000006,80.40050000000001,0.0,0.0,0.0,0.0,-0.0,-0.0,0.0,1.8407549616491528,1510
676.0,12.939500000000006,80.0045,0.0,0.0,0.0,0.0,-0.0,-0.0,0.0,1.8407549616491528,1510
677.0,12.939500000000006,80.0135,0.0,0.0,0.0,0.0,-0.0,-0.0,0.0,1.8407549616491528,1510
678.0,12.939500000000006,80.0225,0.0,0.0,0.0,0.0,-0.0,-0.0,0.0,1.8407549616491528,1510
679.0,12.939500000000006,80.0315,0.0,0.0,0.0,0.0,-0.0,-0.0,0.0,1.8407549616491528,1510
680.0,12.939500000000006,80.0405,0.0,0.0,0.0,0.0,-0.0,-0.0,0.0,1.8407549616491528,1510
681.0,12.939500000000006,80.0495,0.0,0.0,0.0,0.0,-0.0,-0.0,0.0,1.8407549616491528,1510
682.0,12.939500000000006,80.0585,0.0,0.0,0.0,0.0,-0.0,-0.0,0.0,1.8407549616491528,1510
683.0,12.939500000000006,80.0675,0.0,0.0,0.0,0.0,-0.0,-0.0,0.0,1.8407549616491528,1510
684.0,12.939500000000006,80.0765,0.0,0.0,0.0,0.0,-0.0,-0.0,0.0,1.8407549616491528,1510
685.0,12.939500000000006,80.0855,0.0,0.0,1.3482551430442107,0.0,-0.0,-0.0,1.3482551430442107,4.481400356366678,921
686.0,12.939500000000006,80.0945,0.4320044412721296,0.5876739014692981,2.832932465276742,0.44571865802043076,-0.0,-0.0,4.2983294660386,10.259312805119052,774
687.0,12.939500000000006,80.1035,0.0,2.348735581936526,3.0455943151685476,3.0104763215997927,-0.0,-0.4004744592828994,8.004331759421968,17.517759353106353,692
688.0,12.939500000000006,80.1125,0.43610040507693903,5.514459440285099,3.38801702621599,6.565917043041281,-0.0,-1.2674258256983302,14.637068088920978,30.50840487982834,603
689.0,12.939500000000006,80.1215,1.3949632768061964,6.071616665143306,19.870502372752618,12.936561531267394,-0.4306691203804385,-2.622138389326577,37.2208363362625,74.74018395026411,456
690.0,12.939500000000006,80.1305,13.589376859314184,7.927478007731496,46.01362713475796,23.127421615741564,-2.679905193891955,-3.437017537415142,84.54098088623812,167.41976498351315,280
691.0,12.939500000000006,80.1395,24.37770475238004,8.711934396502668,49.395250678430145,34.48490868957071,-4.601144266343243,-5.886563572582068,106.48209067795827,210.39285566698592,226
692.0,12.939500000000006,80.1485,20.969441364948498,6.0533370709850445,30.462467572550537,33.63432301295042,-3.183835325071093,-4.974012066037369,82.96172163032604,164.326683008114,288
693.0,12.939500000000006,80.1575,10.402072808242885,1.035295432726573,12.103470838004705,19.40002559747043,-0.0,-1.966074304693087,40.9747903717515,82.09254710417959,438
694.0,12.939500000000006,80.1665,4.963887659214339,1.0224944665774094,12.54593109937581,8.965564618986445,-0.0,-1.0893333681820114,26.408544475971993,53.563607057887516,517
695.0,12.939500000000006,80.1755,1.2696884132101884,0.9557171756833903,33.5909968124912,5.882495032549492,-2.47625227125285,-2.6192746955020256,36.60337046717939,73.53083688268454,464
696.0,12.939500000000006,80.1845,3.735978157177512,1.4146203914019064,71.96360423652455,7.595467988880619,-4.647850007572384,-6.146074837761387,73.91574592865081,146.60955120217062,309
697.0,12.939500000000006,80.1935,9.512350250183335,3.6493974002270217,97.5369406590544,8.28109374513075,-4.043721768592876,-8.268582361715135,106.6674779242875,210.75594864740899,225
698.0,12.939500000000006,80.2025,9.197849001611045,7.924865538304331,119.29903011869696,9.972186568604105,-2.429495274761196,-6.7375839309495165,137.22685202150575,270.6084705469849,171
699.0,12.939500000000006,80.2115,3.0346973600984164,8.756695825387219,103.14932501063836,9.723608012307878,-1.7969139881889173,-3.2092343133199255,119.65817790692303,236.1990795416471,201
700.0,12.939500000000006,80.2205,1.8196459620502692,8.375500686048312,60.60462475734607,9.799724762843223,-0.9194073072426663,-0.5126267689803178,79.16746209206491,156.89537890535357,296
701.0,12.939500000000006,80.2295,11.565133706066263,10.196260685385553,60.59485160967314,12.668278451337509,-1.7019951348717335,-1.26196411131505,92.06056520627568,182.14735998460725,263
702.0,12.939500000000006,80.2385,18.42391348244815,10.09821394491333,89.9388202108045,13.98042842788773,-3.3930491131253264,-2.819985946442933,126.22834100648544,249.06717132747133,192
703.0,12.939500000000006,80.2475,15.091502829393578,5.2476089450998185,97.73625808680337,12.371280418967844,-3.6973536634600697,-3.003273088759159,123.74602352804538,244.20539108395656,196
704.0,12.939500000000006,80.2565,6.96794755297197,0.9535314532943272,78.39907452328978,8.40087318904342,-2.7609883528837633,-2.239493758861546,89.7209446068542,177.56506086034867,269
705.0,12.939500000000006,80.2655,2.2257047883229504,0.0,38.26365039844805,3.3914304199853804,-1.0694629816823384,-0.8210547389923627,41.99026788608168,84.0814258675868,431
706.0,12.939500000000006,80.2745,0.0,0.0,1.9495536568494183,0.48370148455759965,-0.0,-0.0,2.433255141407018,6.606443426831955,859
707.0,12.939500000000006,80.2835,0.0,0.0,0.0,0.0,-0.0,-0.0,0.0,1.8407549616491528,1510
708.0,12.939500000000006,80.2925,0.0,0.0,0.0,0.0,-0.0,-0.0,0.0,1.8407549616491528,1510
709.0,12.939500000000006,80.3015,0.0,0.0,0.0,0.0,-0.0,-0.0,0.0,1.8407549616491528,1510
710.0,12.939500000000006,80.3105,0.0,0.0,0.0,0.0,-0.0,-0.0,0.0,1.8407549616491528,1510
711.0,12.939500000000006,80.3195,0.0,0.0,0.0,0.0,-0.0,-0.0,0.0,1.8407549616491528,1510
712.0,12.939500000000006,80.3285,0.0,0.0,0.0,0.0,-0.0,-0.0,0.0,1.8407549616491528,1510
713.0,12.939500000000006,80.3375,0.0,0.0,0.0,0.0,-0.0,-0.0,0.0,1.8407549616491528,1510
714.0,12.939500000000006,80.3465,0.0,0.0,0.0,0.0,-0.0,-0.0,0.0,1.8407549616491528,1510
715.0,12.939500000000006,80.3555,0.0,0.0,0.0,0.0,-0.0,-0.0,0.0,1.8407549616491528,1510
716.0,12.939500000000006,80.3645,0.0,0.0,0.0,0.0,-0.0,-0.0,0.0,1.8407549616491528,1510
717.0,12.939500000000006,80.3735,0.0,0.0,0.0,0.0,-0.0,-0.0,0.0,1.8407549616491528,1510
718.0,12.939500000000006,80.38250000000001,0.0,0.0,0.0,0.0,-0.0,-0.0,0.0,1.8407549616491528,1510
719.0,12.939500000000006,80.39150000000001,0.0,0.0,0.0,0.0,-0.0,-0.0,0.0,1.8407549616491528,1510
720.0,12.939500000000006,80.40050000000001,0.0,0.0,0.0,0.0,-0.0,-0.0,0.0,1.8407549616491528,1510
721.0,12.948500000000006,80.0045,0.0,0.0,0.0,0.0,-0.0,-0.0,0.0,1.8407549616491528,1510
722.0,12.948500000000006,80.0135,0.0,0.0,0.0,0.0,-0.0,-0.0,0.0,1.8407549616491528,1510
723.0,12.948500000000006,80.0225,0.0,0.0,0.0,0.0,-0.0,-0.0,0.0,1.8407549616491528,1510
724.0,12.948500000000006,80.0315,0.0,0.0,0.0,0.0,-0.0,-0.0,0.0,1.8407549616491528,1510
725.0,12.948500000000006,80.0405,0.0,0.0,0.0,0.0,-0.0,-0.0,0.0,1.8407549616491528,1510
726.0,12.948500000000006,80.0495,0.0,0.0,0.0,0.0,-0.0,-0.0,0.0,1.8407549616491528,1510
727.0,12.948500000000006,80.0585,0.0,0.0,0.0,0.0,-0.0,-0.0,0.0,1.8407549616491528,1510
728.0,12.948500000000006,80.0675,0.0,0.0,0.0,0.0,-0.0,-0.0,0.0,1.8407549616491528,1510
729.0,12.948500000000006,80.0765,0.0,0.0,0.0,0.0,-0.0,-0.0,0.0,1.8407549616491528,1510
730.0,12.948500000000006,80.0855,0.0,0.0,0.0,0.0,-0.0,-0.0,0.0,1.8407549616491528,1510
731.0,12.948500000000006,80.0945,0.0,0.0,0.4539493200889977,0.0,-0.0,-0.0,0.4539493200889977,2.7298442321128933,982
732.0,12.948500000000006,80.1035,0.0,0.4797400667179025,3.017258223373017,0.6168481383308998,-0.0,-0.0,4.1138464284218195,9.897990776273451,781
733.0,12.948500000000006,80.1125,0.0,3.0145336730881978,20.25853248984126,3.262699845184116,-0.0,-0.0,26.535766008113576,53.812778703693404,515
734.0,12.948500000000006,80.1215,4.354622365174132,4.440660158333052,41.729731686918704,6.488724783072852,-0.5530832022466974,-0.3313349783876007,56.12932081286444,111.77368069739238,359
735.0,12.948500000000006,80.1305,22.715270911234562,9.856555948075057,55.16458042311274,15.778970654886185,-4.554836635257086,-4.326485101421525,94.63405620062993,187.18770948940846,258
736.0,12.948500000000006,80.1395,36.346488659938146,14.375918406830364,56.07203500384042,28.21472637894449,-8.298028844978404,-9.168086263294914,117.54305334128013,232.05647050185672,206
737.0,12.948500000000006,80.1485,28.012604938290885,10.510170846013578,44.90363968181287,28.74688218107829,-6.070998489824669,-8.133036043603788,97.96926311376717,193.71992916685053,252
738.0,12.948500000000006,80.1575,11.515586489333488,3.524705090170894,28.936190754849974,16.560654073324777,-1.4428668694025966,-2.9901886983009254,56.10408083997561,111.72424656875913,360
739.0,12.948500000000006,80.1665,3.0316019263454033,1.6145952663947327,31.58021427007341,7.159400290421128,-0.5187574549847089,-1.2093496501440153,41.65770464810595,83.43007913448245,433
740.0,12.948500000000006,80.1755,2.294018097535843,3.472827329708426,39.76673441327855,10.02338219929562,-6.253980224838688,-4.697530309356373,44.60545150562337,89.20343309070854,417
741.0,12.948500000000006,80.1845,7.743350843415598,4.976437334575014,43.851541172265826,20.10405166917069,-10.146882325775342,-10.113735685746784,56.414763007905,112.33273780292659,357
742.0,12.948500000000006,80.1935,9.856627917656178,7.520334417287835,55.74613459366831,23.306788153452622,-6.90704498066596,-11.537663737104396,77.98517636429459,154.57979540590713,300
743.0,12.948500000000006,80.2025,4.821437696634241,13.564496281930246,80.25020592815385,15.266849233981509,-2.707354047871367,-7.29852407531404,103.89711101751445,205.33000486236963,237
744.0,12.948500000000006,80.2115,0.5246802295953432,15.707263733479419,90.12350769004694,7.652785521969016,-1.0760393532557235,-2.5537805638613236,110.37841725797367,218.02406470995842,219
745.0,12.948500000000006,80.2205,0.48891808492448907,11.526246973520902,71.5451670098853,5.702009388152114,-0.0,-0.27954612277641827,88.98279533370639,176.11934749607343,270
746.0,12.948500000000006,80.2295,9.977581184825723,9.367956509017652,108.13833690257749,13.117957185199748,-1.5841956891568274,-2.016446877297187,137.0011892151666,270.16649526256424,172
747.0,12.948500000000006,80.2385,20.76524043519992,12.558534612312936,175.22631373522324,19.13460970841814,-3.286426921986366,-4.390925112645558,220.00734645652233,432.73945334353886,80
748.0,12.948500000000006,80.2475,18.263202066999543,10.881502947887476,171.35984004126212,14.731090334633926,-3.833743461369351,-4.844208615245696,206.55768331416803,406.3974132477976,91
749.0,12.948500000000006,80.2565,9.38422535401315,4.308557048152625,111.65294127234718,8.041652048875354,-2.6541906736496093,-2.8423301548713074,127.89085489486739,252.32331291584853,186
750.0,12.948500000000006,80.2655,3.100843434493507,0.7884548099200739,52.91359354582406,3.99036960307731,-1.2054787324127891,-1.1017615688924176,58.48602109200974,116.3894314853354,353
751.0,12.948500000000006,80.2745,0.9150585612825315,0.0,9.09378431601996,0.752197679848752,-0.0,-0.0,10.761040557151244,22.916952843193712,648
752.0,12.948500000000006,80.2835,0.0,0.0,0.0,0.0,-0.0,-0.0,0.0,1.8407549616491528,1510
753.0,12.948500000000006,80.2925,0.0,0.0,0.0,0.0,-0.0,-0.0,0.0,1.8407549616491528,1510
754.0,12.948500000000006,80.3015,0.0,0.0,0.0,0.0,-0.0,-0.0,0.0,1.8407549616491528,1510
755.0,12.948500000000006,80.3105,0.0,0.0,0.0,0.0,-0.0,-0.0,0.0,1.8407549616491528,1510
756.0,12.948500000000006,80.3195,0.0,0.0,0.0,0.0,-0.0,-0.0,0.0,1.8407549616491528,1510
757.0,12.948500000000006,80.3285,0.0,0.0,0.0,0.0,-0.0,-0.0,0.0,1.8407549616491528,1510
758.0,12.948500000000006,80.3375,0.0,0.0,0.0,0.0,-0.0,-0.0,0.0,1.8407549616491528,1510
759.0,12.948500000000006,80.3465,0.0,0.0,0.0,0.0,-0.0,-0.0,0.0,1.8407549616491528,1510
760.0,12.948500000000006,80.3555,0.0,0.0,0.0,0.0,-0.0,-0.0,0.0,1.8407549616491528,1510
761.0,12.948500000000006,80.3645,0.0,0.0,0.0,0.0,-0.0,-0.0,0.0,1.8407549616491528,1510
762.0,12.948500000000006,80.3735,0.0,0.0,0.0,0.0,-0.0,-0.0,0.0,1.8407549616491528,1510
763.0,12.948500000000006,80.38250000000001,0.0,0.0,0.0,0.0,-0.0,-0.0,0.0,1.8407549616491528,1510
764.0,12.948500000000006,80.39150000000001,0.0,0.0,0.0,0.0,-0.0,-0.0,0.0,1.8407549616491528,1510
765.0,12.948500000000006,80.40050000000001,0.0,0.0,0.0,0.0,-0.0,-0.0,0.0,1.8407549616491528,1510
766.0,12.957500000000007,80.0045,0.0,0.0,0.0,0.0,-0.0,-0.0,0.0,1.8407549616491528,1510
767.0,12.957500000000007,80.0135,0.0,0.0,0.0,0.0,-0.0,-0.0,0.0,1.8407549616491528,1510
768.0,12.957500000000007,80.0225,0.0,0.0,0.0,0.0,-0.0,-0.0,0.0,1.8407549616491528,1510
769.0,12.957500000000007,80.0315,0.0,0.0,0.0,0.0,-0.0,-0.0,0.0,1.8407549616491528,1510
770.0,12.957500000000007,80.0405,0.0,0.0,0.0,0.0,-0.0,-0.0,0.0,1.8407549616491528,1510
771.0,12.957500000000007,80.0495,0.0,0.0,0.0,0.0,-0.0,-0.0,0.0,1.8407549616491528,1510
772.0,12.957500000000007,80.0585,0.0,0.0,0.0,0.0,-0.0,-0.0,0.0,1.8407549616491528,1510
773.0,12.957500000000007,80.0675,0.0,0.0,0.0,0.0,-0.0,-0.0,0.0,1.8407549616491528,1510
774.0,12.957500000000007,80.0765,0.0,0.0,0.0,0.0,-0.0,-0.0,0.0,1.8407549616491528,1510
775.0,12.957500000000007,80.0855,0.0,0.0,0.0,0.0,-0.0,-0.0,0.0,1.8407549616491528,1510
776.0,12.957500000000007,80.0945,0.0,0.0,5.826851220440244,0.0,-0.0,-0.0,5.826851220440244,13.253022083596399,724
777.0,12.957500000000007,80.1035,0.0,0.0,17.275504780729563,3.3690770670195422,-0.0,-0.0,20.644581847749105,42.27451133437756,559
778.0,12.957500000000007,80.1125,1.1544187490637916,1.1648313888125101,56.86831779050361,6.763877797829228,-0.0,-0.0,65.95144572620914,131.01095121890629,332
779.0,12.957500000000007,80.1215,7.8793056269806385,1.7357765091217525,85.26041160037052,8.981450001069735,-0.0,-0.39922605733250205,103.45771768021014,204.46942443098155,239
780.0,12.957500000000007,80.1305,21.17952429395784,8.514525797876281,74.50396574836002,11.199068621744905,-4.090265275103911,-5.983262509257968,105.32355667757714,208.123791470559,230
781.0,12.957500000000007,80.1395,26.524093682476607,16.552077573711223,57.25215908172862,15.758117383056577,-8.003059168185114,-12.58137138557965,95.50201716720827,188.88766749885067,256
782.0,12.957500000000007,80.1485,16.449703603537213,14.944446424602058,54.195042216772514,17.313646572260115,-6.214373009825875,-11.782494742270334,84.90597106507569,168.1346219895012,279
783.0,12.957500000000007,80.1575,3.008876910151837,5.715597615332371,43.65613314725439,10.2656675376414,-2.1407189891116776,-5.241510916376163,55.26404530489215,110.07898233330538,365
784.0,12.957500000000007,80.1665,0.0,2.437229176180381,38.15851440860956,5.979640504004461,-0.7365494458847729,-1.1874939726605453,44.651340670249084,89.29331000448222,415
785.0,12.957500000000007,80.1755,5.817849030505633,4.875910982302804,34.03200494238538,14.905590532044943,-6.0497660579412935,-4.328959079484769,49.25263034981269,98.30523513214517,389
786.0,12.957500000000007,80.1845,17.033660832763985,7.6450061453604885,43.15756045939406,33.693034567713866,-10.016004954659238,-11.010571385698217,80.50268566487496,159.51050112213085,293
787.0,12.957500000000007,80.1935,19.65616526782001,8.422142967825119,45.43494740150858,41.057437449761466,-8.700193942974956,-13.018595067101188,92.85190407683905,183.6972486351307,262
788.0,12.957500000000007,80.2025,10.761323170478242,13.243616843270946,47.701085764890856,28.676639408908116,-3.481467732552162,-8.651805432894802,88.24939202210119,174.68292940617977,273
789.0,12.957500000000007,80.2115,2.95480761770102,17.139643760688568,58.11901379630783,15.130843673974283,-2.3995965740531893,-4.864712919675289,86.07999935494323,170.43403275971113,276
790.0,12.957500000000007,80.2205,2.5239027370600424,14.633512572632881,59.38952959018491,10.571956838628402,-0.7887590077977068,-3.5756727808973676,82.75446994981115,163.92076711116928,289
791.0,12.957500000000007,80.2295,6.839953457400754,9.06829810197855,120.98115786538213,18.72010573133797,-0.5471635488078429,-5.08407158669569,149.97828002059586,295.5829716980369,152
792.0,12.957500000000007,80.2385,14.206195542058204,20.605153511405426,190.07831697610033,27.44694418438708,-0.8808430309004601,-8.48415952457442,242.97160765847616,477.7164526146933,62
793.0,12.957500000000007,80.2475,14.746193286656503,23.95683051980469,178.5303643973359,26.417313496706043,-1.488211250132728,-8.059048149359075,234.10344230101128,460.34757393353465,69
794.0,12.957500000000007,80.2565,6.857174604928568,13.811373733785112,108.0426846828932,16.107514520976277,-1.6485299177665507,-4.876093276675017,138.2941243481416,272.698792819279,170
795.0,12.957500000000007,80.2655,2.619763198205267,2.2958001261708456,46.923870728889575,6.542337574655295,-0.5042097349738036,-1.6971341705503145,56.180427722396864,111.87377690395334,358
796.0,12.957500000000007,80.2745,0.7833873539779671,0.0,7.334216111971056,1.537062593616581,-0.0,-0.0,9.654666059565603,20.75004642569923,661
797.0,12.957500000000007,80.2835,0.0,0.0,0.0,0.0,-0.0,-0.0,0.0,1.8407549616491528,1510
798.0,12.957500000000007,80.2925,0.0,0.0,0.0,0.0,-0.0,-0.0,0.0,1.8407549616491528,1510
799.0,12.957500000000007,80.3015,0.0,0.0,0.0,0.0,-0.0,-0.0,0.0,1.8407549616491528,1510
800.0,12.957500000000007,80.3105,0.0,0.0,0.0,0.0,-0.0,-0.0,0.0,1.8407549616491528,1510
801.0,12.957500000000007,80.3195,0.0,0.0,0.0,0.0,-0.0,-0.0,0.0,1.8407549616491528,1510
802.0,12.957500000000007,80.3285,0.0,0.0,0.0,0.0,-0.0,-0.0,0.0,1.8407549616491528,1510
803.0,12.957500000000007,80.3375,0.0,0.0,0.0,0.0,-0.0,-0.0,0.0,1.8407549616491528,1510
804.0,12.957500000000007,80.3465,0.0,0.0,0.0,0.0,-0.0,-0.0,0.0,1.8407549616491528,1510
805.0,12.957500000000007,80.3555,0.0,0.0,0.0,0.0,-0.0,-0.0,0.0,1.8407549616491528,1510
806.0,12.957500000000007,80.3645,0.0,0.0,0.0,0.0,-0.0,-0.0,0.0,1.8407549616491528,1510
807.0,12.957500000000007,80.3735,0.0,0.0,0.0,0.0,-0.0,-0.0,0.0,1.8407549616491528,1510
808.0,12.957500000000007,80.38250000000001,0.0,0.0,0.0,0.0,-0.0,-0.0,0.0,1.8407549616491528,1510
809.0,12.957500000000007,80.39150000000001,0.0,0.0,0.0,0.0,-0.0,-0.0,0.0,1.8407549616491528,1510
810.0,12.957500000000007,80.40050000000001,0.0,0.0,0.0,0.0,-0.0,-0.0,0.0,1.8407549616491528,1510
811.0,12.966500000000007,80.0045,0.0,0.0,0.0,0.0,-0.0,-0.0,0.0,1.8407549616491528,1510
812.0,12.966500000000007,80.0135,0.0,0.0,0.0,0.0,-0.0,-0.0,0.0,1.8407549616491528,1510
813.0,12.966500000000007,80.0225,0.0,0.0,0.0,0.0,-0.0,-0.0,0.0,1.8407549616491528,1510
814.0,12.966500000000007,80.0315,0.0,0.0,0.0,0.0,-0.0,-0.0,0.0,1.8407549616491528,1510
815.0,12.966500000000007,80.0405,0.0,0.0,0.0,0.0,-0.0,-0.0,0.0,1.8407549616491528,1510
816.0,12.966500000000007,80.0495,0.0,0.0,0.0,0.0,-0.0,-0.0,0.0,1.8407549616491528,1510
817.0,12.966500000000007,80.0585,0.0,0.0,0.0,0.0,-0.0,-0.0,0.0,1.8407549616491528,1510
818.0,12.966500000000007,80.0675,0.0,0.0,0.0,0.0,-0.0,-0.0,0.0,1.8407549616491528,1510
819.0,12.966500000000007,80.0765,0.0,0.0,0.0,0.0,-0.0,-0.0,0.0,1.8407549616491528,1510
820.0,12.966500000000007,80.0855,0.0,0.0,1.823044681797555,0.0,-0.0,-0.0,1.823044681797555,5.411306550633622,887
821.0,12.966500000000007,80.0945,0.0,0.0,8.538860339945574,0.0,-0.0,-0.0,8.538860339945574,18.564668346397895,682
822.0,12.966500000000007,80.1035,0.0,0.0,19.03943299079388,3.788602253257042,-0.0,-0.0,22.828035244050923,46.550946833452585,544
823.0,12.966500000000007,80.1125,3.2720677013640724,0.0,57.62969994917812,10.202752555443055,-0.0,-0.3629196438192191,70.74160056216601,140.3927810400729,321
824.0,12.966500000000007,80.1215,9.531093432673966,0.0,80.65329446990253,16.46965967300575,-0.460441842578988,-2.015534942552776,104.17807079045049,205.88028285265364,235
825.0,12.966500000000007,80.1305,14.4121745551533,5.449903109580889,73.22158995918825,17.642126028241506,-3.173592946827494,-7.342878244160085,100.20932246117636,198.10723110309547,249
826.0,12.966500000000007,80.1395,11.607586299531647,14.794944400203038,56.17733123435612,16.151548714994185,-7.50036154989562,-12.176206898570232,79.05484220061913,156.6748055226121,297
827.0,12.966500000000007,80.1485,2.1106921985728953,15.090735442849518,55.605663126361094,12.952312190874812,-6.63083216259702,-10.39983633731593,68.72873445874536,136.45045184993202,328
828.0,12.966500000000007,80.1575,0.4517391694760377,8.066893724642362,42.10762403438881,10.286081355094707,-2.138190720982004,-4.971011324999562,53.803136237620365,107.21769690042956,369
829.0,12.966500000000007,80.1665,0.43557180994732414,2.9403646652837025,23.661459712834947,7.101907874042224,-0.6439878643333266,-1.2045579941247326,32.290758203650135,65.08430525130665,486
830.0,12.966500000000007,80.1755,7.479831822471808,5.724044989618823,25.100240389372836,19.370766061160865,-3.585461725943963,-3.6668943246691117,50.42252721201126,100.59655423253731,386
831.0,12.966500000000007,80.1845,23.129194907520137,10.765855581106647,54.69892809613921,41.02800541365935,-11.193390677484931,-9.823927175259554,108.60466614568087,214.55005778314228,221
832.0,12.966500000000007,80.1935,27.604318133237463,11.904155026745233,62.42680799729061,49.98168458006936,-11.852421363577141,-12.4592492893666,127.60529508439893,251.76402545284853,187
833.0,12.966500000000007,80.2025,18.070647302514192,13.789095893025959,53.648152138775956,35.77732548537447,-7.410720187254416,-9.264913690971312,104.60958694146485,206.7254353023224,234
834.0,12.966500000000007,80.2115,12.296909186313552,24.23975257910667,79.48051942993956,26.755344732094475,-3.9178965389606137,-9.415596366705621,129.43903302178805,255.3555204784504,185
835.0,12.966500000000007,80.2205,11.05708957594038,26.110999083306176,92.36600134029354,23.639707445029725,-1.6650735807750374,-10.954379319791741,140.55434454400304,277.12558108857723,167
836.0,12.966500000000007,80.2295,8.778863789188383,20.98626082374836,110.70128440561915,25.02263125740494,-0.8226309555060068,-10.08397965448431,154.58242966597055,304.60049825476693,144
837.0,12.966500000000007,80.2385,8.776224259163287,26.45824888224785,146.55405898163536,29.131596738994244,-0.4941915841973201,-9.882800013411456,200.54313726443195,394.6175335940908,100
838.0,12.966500000000007,80.2475,8.847256620293285,35.02796682916141,143.99641116934853,32.96543132164588,-1.0554770939820517,-10.263474273123183,209.51811457334387,412.1956104297268,88
839.0,12.966500000000007,80.2565,5.258071666684094,22.532806066118983,139.16863303359244,28.62501539595913,-2.055454040997389,-7.978452469667529,185.55061965168974,365.25371266334366,115
840.0,12.966500000000007,80.2655,1.101866762878644,5.280673117392611,102.64675655695578,16.02248913202137,-1.5426320631305082,-4.453184316064327,119.05596919005357,235.0196145990773,202
841.0,12.966500000000007,80.2745,0.0,1.1546334610043865,42.91336607308243,4.069347118106454,-0.44618253067455194,-1.003691514056768,46.68747260746195,93.28120684342802,404
842.0,12.966500000000007,80.2835,0.0,0.0,0.0,0.0,-0.0,-0.0,0.0,1.8407549616491528,1510
843.0,12.966500000000007,80.2925,0.0,0.0,0.0,0.0,-0.0,-0.0,0.0,1.8407549616491528,1510
844.0,12.966500000000007,80.3015,0.0,0.0,0.0,0.0,-0.0,-0.0,0.0,1.8407549616491528,1510
845.0,12.966500000000007,80.3105,0.0,0.0,0.0,0.0,-0.0,-0.0,0.0,1.8407549616491528,1510
846.0,12.966500000000007,80.3195,0.0,0.0,0.0,0.0,-0.0,-0.0,0.0,1.8407549616491528,1510
847.0,12.966500000000007,80.3285,0.0,0.0,0.0,0.0,-0.0,-0.0,0.0,1.8407549616491528,1510
848.0,12.966500000000007,80.3375,0.0,0.0,0.0,0.0,-0.0,-0.0,0.0,1.8407549616491528,1510
849.0,12.966500000000007,80.3465,0.0,0.0,0.0,0.0,-0.0,-0.0,0.0,1.8407549616491528,1510
850.0,12.966500000000007,80.3555,0.0,0.0,0.0,0.0,-0.0,-0.0,0.0,1.8407549616491528,1510
851.0,12.966500000000007,80.3645,0.0,0.0,0.0,0.0,-0.0,-0.0,0.0,1.8407549616491528,1510
852.0,12.966500000000007,80.3735,0.0,0.0,0.0,0.0,-0.0,-0.0,0.0,1.8407549616491528,1510
853.0,12.966500000000007,80.38250000000001,0.0,0.0,0.0,0.0,-0.0,-0.0,0.0,1.8407549616491528,1510
854.0,12.966500000000007,80.39150000000001,0.0,0.0,0.0,0.0,-0.0,-0.0,0.0,1.8407549616491528,1510
855.0,12.966500000000007,80.40050000000001,0.0,0.0,0.0,0.0,-0.0,-0.0,0.0,1.8407549616491528,1510
856.0,12.975500000000007,80.0045,0.0,0.0,0.0,0.0,-0.0,-0.0,0.0,1.8407549616491528,1510
857.0,12.975500000000007,80.0135,0.0,0.0,0.0,0.0,-0.0,-0.0,0.0,1.8407549616491528,1510
858.0,12.975500000000007,80.0225,0.0,0.0,0.0,0.0,-0.0,-0.0,0.0,1.8407549616491528,1510
859.0,12.975500000000007,80.0315,0.0,0.0,0.0,0.0,-0.0,-0.0,0.0,1.8407549616491528,1510
860.0,12.975500000000007,80.0405,0.0,0.0,0.0,0.0,-0.0,-0.0,0.0,1.8407549616491528,1510
861.0,12.975500000000007,80.0495,0.0,0.0,0.0,0.0,-0.0,-0.0,0.0,1.8407549616491528,1510
862.0,12.975500000000007,80.0585,0.0,0.0,0.0,0.0,-0.0,-0.0,0.0,1.8407549616491528,1510
863.0,12.975500000000007,80.0675,0.0,0.0,0.0,0.0,-0.0,-0.0,0.0,1.8407549616491528,1510
864.0,12.975500000000007,80.0765,0.0,0.0,0.0,0.0,-0.0,-0.0,0.0,1.8407549616491528,1510
865.0,12.975500000000007,80.0855,0.0,0.0,0.0,0.0,-0.0,-0.0,0.0,1.8407549616491528,1510
866.0,12.975500000000007,80.0945,1.2946288380442854,0.0,4.6513510909157105,0.0,-0.0,-0.0,5.945979928959996,13.48634340794236,721
867.0,12.975500000000007,80.1035,2.051390902550364,0.0,8.808767416579942,1.5843513780968823,-0.0,-0.0,12.444509697227188,26.214136655045,624
868.0,12.975500000000007,80.1125,3.368489427297572,0.0,22.558359214478955,5.668162754543075,-0.0,-0.4142602577020181,31.180751138617584,62.910284214187556,490
869.0,12.975500000000007,80.1215,7.332673010676991,0.3610520502594513,30.17617355671112,14.290217088359372,-1.014297464968172,-2.4957488681906845,48.65006937284808,97.12508026526629,396
870.0,12.975500000000007,80.1305,9.690813007269593,3.9991923769242965,42.1208767524668,18.451050068104053,-3.861459974308081,-6.309405711323459,64.09106651913321,127.36727753374521,335
871.0,12.975500000000007,80.1395,6.258973290219432,10.519236513730046,53.86346613963629,18.33307411784986,-6.866679641749991,-8.267315043282984,73.84075537640265,146.4626773278427,310
872.0,12.975500000000007,80.1485,1.5989722688262216,10.7161627710332,50.2607953614707,15.243068363602028,-5.630853902445624,-5.703842739045273,66.48430212344125,132.05458513245452,330
873.0,12.975500000000007,80.1575,0.0,5.301965144506245,26.37691020840282,10.430891898660846,-2.2680941086439907,-1.9267399518772617,37.914933191048654,76.09961778779471,449
874.0,12.975500000000007,80.1665,0.0,2.1444684052928444,12.421952569259577,7.334259015108781,-1.1247602502929661,-0.4533991163827354,20.322520622985504,41.643733477251146,562
875.0,12.975500000000007,80.1755,6.572459860835355,6.634267095212925,31.115429115449068,19.95667827136564,-7.138748671182273,-2.8617243149119687,54.27836135676874,108.14845620723243,368
876.0,12.975500000000007,80.1845,19.87338987865207,14.743077440734558,74.83416616277972,50.77300040610734,-16.755350060084208,-10.016430283483098,133.4518535447064,263.21489048593037,177
877.0,12.975500000000007,80.1935,25.056346095254696,15.316074436177235,86.3068039898859,58.83269521371973,-17.918355736275068,-12.906749982347389,154.68681401641513,304.80494179477796,143
878.0,12.975500000000007,80.2025,18.928686650037953,14.361086658133232,71.23474193384288,41.72998714764505,-9.36586970848423,-10.482000059055526,126.40663262211937,249.41636705364337,191
879.0,12.975500000000007,80.2115,19.717818085392096,28.008579911821563,114.83817858383357,32.315698080441315,-2.4959776095967596,-13.401548033235722,178.98274901865605,352.39011082232906,124
880.0,12.975500000000007,80.2205,21.031822247867062,37.67919508151955,145.19703787403168,35.576403258162756,-3.319214384615734,-18.990550537244506,217.17469353972078,427.191518356474,83
881.0,12.975500000000007,80.2295,16.2117188962304,28.25693125200189,105.62776225739245,32.15448909369678,-4.012506679666448,-16.149051053993073,162.089343765662,319.3032778051804,138
882.0,12.975500000000007,80.2385,9.266557845350576,37.19958301096997,92.52548194930021,28.218739602357918,-2.298364802699271,-9.73481442537134,155.17718317990807,305.7653616974719,142
883.0,12.975500000000007,80.2475,5.7188222152437405,53.964924101338774,172.5279787227675,33.213324302159926,-2.251005363701861,-8.002517617463445,255.1715263603447,501.6107869342925,52
884.0,12.975500000000007,80.2565,2.9524925977497287,44.683071911367435,266.37362248643075,38.85347636714397,-4.095592336628306,-8.342323206606169,340.42474781945737,668.5847664457187,18
885.0,12.975500000000007,80.2655,0.8037216173899902,20.360566268802355,262.2097982824384,29.513485065512963,-2.9000112682102523,-6.374651963061737,303.6129080028717,596.4863837440117,26
886.0,12.975500000000007,80.2745,0.0,5.438201145723623,120.13466369709214,10.340262852736736,-0.6321081721291292,-2.1677414806294717,133.1132780427939,262.551768342839,178
887.0,12.975500000000007,80.2835,0.0,0.0,12.383982668094959,1.0825235690625867,-0.0,-0.0,13.466506237157546,28.215783354119267,615
888.0,12.975500000000007,80.2925,0.0,0.0,0.0,0.0,-0.0,-0.0,0.0,1.8407549616491528,1510
889.0,12.975500000000007,80.3015,0.0,0.0,0.0,0.0,-0.0,-0.0,0.0,1.8407549616491528,1510
890.0,12.975500000000007,80.3105,0.0,0.0,0.0,0.0,-0.0,-0.0,0.0,1.8407549616491528,1510
891.0,12.975500000000007,80.3195,0.0,0.0,0.0,0.0,-0.0,-0.0,0.0,1.8407549616491528,1510
892.0,12.975500000000007,80.3285,0.0,0.0,0.0,0.0,-0.0,-0.0,0.0,1.8407549616491528,1510
893.0,12.975500000000007,80.3375,0.0,0.0,0.0,0.0,-0.0,-0.0,0.0,1.8407549616491528,1510
894.0,12.975500000000007,80.3465,0.0,0.0,0.0,0.0,-0.0,-0.0,0.0,1.8407549616491528,1510
895.0,12.975500000000007,80.3555,0.0,0.0,0.0,0.0,-0.0,-0.0,0.0,1.8407549616491528,1510
896.0,12.975500000000007,80.3645,0.0,0.0,0.0,0.0,-0.0,-0.0,0.0,1.8407549616491528,1510
897.0,12.975500000000007,80.3735,0.0,0.0,0.0,0.0,-0.0,-0.0,0.0,1.8407549616491528,1510
898.0,12.975500000000007,80.38250000000001,0.0,0.0,0.0,0.0,-0.0,-0.0,0.0,1.8407549616491528,1510
899.0,12.975500000000007,80.39150000000001,0.0,0.0,0.0,0.0,-0.0,-0.0,0.0,1.8407549616491528,1510
900.0,12.975500000000007,80.40050000000001,0.0,0.0,0.0,0.0,-0.0,-0.0,0.0,1.8407549616491528,1510
901.0,12.984500000000008,80.0045,0.0,0.0,0.0,0.0,-0.0,-0.0,0.0,1.8407549616491528,1510
902.0,12.984500000000008,80.0135,0.0,0.0,0.0,0.0,-0.0,-0.0,0.0,1.8407549616491528,1510
903.0,12.984500000000008,80.0225,0.0,0.0,0.0,0.0,-0.0,-0.0,0.0,1.8407549616491528,1510
904.0,12.984500000000008,80.0315,0.0,0.0,0.0,0.0,-0.0,-0.0,0.0,1.8407549616491528,1510
905.0,12.984500000000008,80.0405,0.0,0.0,0.0,0.0,-0.0,-0.0,0.0,1.8407549616491528,1510
906.0,12.984500000000008,80.0495,0.0,0.0,0.0,0.0,-0.0,-0.0,0.0,1.8407549616491528,1510
907.0,12.984500000000008,80.0585,0.0,0.0,0.0,0.0,-0.0,-0.0,0.0,1.8407549616491528,1510
908.0,12.984500000000008,80.0675,0.0,0.0,0.0,0.0,-0.0,-0.0,0.0,1.8407549616491528,1510
909.0,12.984500000000008,80.0765,0.0,0.0,0.0,0.0,-0.0,-0.0,0.0,1.8407549616491528,1510
910.0,12.984500000000008,80.0855,0.7345937465527932,0.0,0.0,0.0,-0.0,-0.0,0.7345937465527932,3.2795045958193363,968
911.0,12.984500000000008,80.0945,3.360296240576054,0.0,0.0,0.0,-0.0,-0.0,3.360296240576054,8.422113718811932,814
912.0,12.984500000000008,80.1035,5.108330531278907,0.0,0.0,0.0,-0.0,-0.0,5.108330531278907,11.845752577797128,752
913.0,12.984500000000008,80.1125,3.352843184979818,0.0,0.7148223988036985,0.0,-0.0,-0.0,4.0676655837835165,9.807542588222812,785
914.0,12.984500000000008,80.1215,1.6903485214714653,0.0,2.1820948458010383,5.450492639496303,-0.0,-0.9675618850201921,8.355374121748614,18.20529865322399,687
915.0,12.984500000000008,80.1305,2.855066691251163,1.6791568710801177,17.03240145917203,10.259241527530886,-1.7453439108086952,-2.80143331378101,27.279089324444488,55.26862576808766,506
916.0,12.984500000000008,80.1395,1.9369826399219021,2.9134213441479813,33.99358185097387,12.930282054416471,-2.56690947768345,-3.406847915888707,45.80051049588807,91.54403385558525,408
917.0,12.984500000000008,80.1485,1.045696422991775,3.655260732671468,29.47490586110965,10.96846145986255,-2.2313989333285305,-1.9485436942072782,40.96438184909964,82.07216133554503,439
918.0,12.984500000000008,80.1575,0.0,1.3197236244508477,10.053900837732826,6.059738415379968,-0.60146107962654,-0.29897473320379286,16.53292706473331,34.22156799983623,588
919.0,12.984500000000008,80.1665,0.0,0.0,8.614047860965066,2.397632895331726,-0.0,-0.0,11.01168075629679,23.407847976076635,643
920.0,12.984500000000008,80.1755,4.451018259175908,5.490099243836356,31.116079214159768,18.032910793708016,-7.417759720594189,-2.579544747247481,49.09280304303837,97.99220295588307,390
921.0,12.984500000000008,80.1845,11.263260844080218,12.669571695143244,78.17320222663224,51.59107282371637,-17.566012502949718,-8.639388181279344,127.491706905343,251.5415556158404,188
922.0,12.984500000000008,80.1935,16.69445832983387,11.349440641192782,86.93012429409879,65.36747736705367,-16.482216037415032,-10.54845218917693,153.31083240558712,302.1099923094417,146
923.0,12.984500000000008,80.2025,16.139658365451147,7.546244477911394,73.65282962986215,43.32983755596325,-6.373786399654069,-7.354953210269251,126.93983041926461,250.46066962112772,190
924.0,12.984500000000008,80.2115,17.956300590551706,19.200182217520997,117.95448378990181,27.698116204923885,-1.0439542287225958,-12.027534588635323,169.73759398554049,334.28287334016824,133
925.0,12.984500000000008,80.2205,20.673366438623233,33.059343760119674,142.3461049122296,34.10797726085693,-3.9242436440815487,-20.564914922736605,205.69763380501132,404.7129503423153,92
926.0,12.984500000000008,80.2295,16.121543103313,33.600351377153586,89.02917370099493,32.37465157266231,-6.268403949962742,-17.968429609732777,146.88888619442832,289.53219294030254,156
927.0,12.984500000000008,80.2385,10.196971940794235,44.80810450465996,68.11946585244598,25.453981234037894,-4.7856514823498895,-9.669549128412694,134.1233229211755,264.53000693537587,176
928.0,12.984500000000008,80.2475,6.8337178348227425,68.49490701386404,192.35000643678794,28.999692879656134,-3.4559742796794017,-6.545658806417941,286.6766910790335,563.3157012848359,34
929.0,12.984500000000008,80.2565,3.386036593992763,62.45621055603281,384.5308359571043,41.734528064457265,-4.782233950616866,-7.388933868604397,479.93644335236587,941.8274966654604,3
930.0,12.984500000000008,80.2655,1.0440412422564247,32.57755332526108,399.9272254771614,41.80253113666453,-3.7342101392691305,-6.864529515785738,464.75261152628855,912.0889744038905,6
931.0,12.984500000000008,80.2745,0.0,9.325489874266943,203.2073749072938,21.099703119585982,-0.6853317755817793,-2.6092488750870673,230.33798725047788,452.9726852935728,70
932.0,12.984500000000008,80.2835,0.0,0.5451415939320388,32.35639635496203,4.197959576425572,-0.0,-0.0,37.09949752531964,74.50253399656668,457
933.0,12.984500000000008,80.2925,0.0,0.0,0.0,0.0,-0.0,-0.0,0.0,1.8407549616491528,1510
934.0,12.984500000000008,80.3015,0.0,0.0,0.0,0.0,-0.0,-0.0,0.0,1.8407549616491528,1510
935.0,12.984500000000008,80.3105,0.0,0.0,0.0,0.0,-0.0,-0.0,0.0,1.8407549616491528,1510
936.0,12.984500000000008,80.3195,0.0,0.0,0.0,0.0,-0.0,-0.0,0.0,1.8407549616491528,1510
937.0,12.984500000000008,80.3285,0.0,0.0,0.0,0.0,-0.0,-0.0,0.0,1.8407549616491528,1510
938.0,12.984500000000008,80.3375,0.0,0.0,0.0,0.0,-0.0,-0.0,0.0,1.8407549616491528,1510
939.0,12.984500000000008,80.3465,0.0,0.0,0.0,0.0,-0.0,-0.0,0.0,1.8407549616491528,1510
940.0,12.984500000000008,80.3555,0.0,0.0,0.0,0.0,-0.0,-0.0,0.0,1.8407549616491528,1510
941.0,12.984500000000008,80.3645,0.0,0.0,0.0,0.0,-0.0,-0.0,0.0,1.8407549616491528,1510
942.0,12.984500000000008,80.3735,0.0,0.0,0.0,0.0,-0.0,-0.0,0.0,1.8407549616491528,1510
943.0,12.984500000000008,80.38250000000001,0.0,0.0,0.0,0.0,-0.0,-0.0,0.0,1.8407549616491528,1510
944.0,12.984500000000008,80.39150000000001,0.0,0.0,0.0,0.0,-0.0,-0.0,0.0,1.8407549616491528,1510
945.0,12.984500000000008,80.40050000000001,0.0,0.0,0.0,0.0,-0.0,-0.0,0.0,1.8407549616491528,1510
946.0,12.993500000000008,80.0045,0.0,0.0,0.0,0.0,-0.0,-0.0,0.0,1.8407549616491528,1510
947.0,12.993500000000008,80.0135,0.0,0.0,0.0,0.0,-0.0,-0.0,0.0,1.8407549616491528,1510
948.0,12.993500000000008,80.0225,0.0,0.0,0.0,0.0,-0.0,-0.0,0.0,1.8407549616491528,1510
949.0,12.993500000000008,80.0315,0.0,0.0,0.0,0.0,-0.0,-0.0,0.0,1.8407549616491528,1510
950.0,12.993500000000008,80.0405,0.0,0.0,0.0,0.0,-0.0,-0.0,0.0,1.8407549616491528,1510
951.0,12.993500000000008,80.0495,0.0,0.0,0.0,0.0,-0.0,-0.0,0.0,1.8407549616491528,1510
952.0,12.993500000000008,80.0585,0.0,0.0,0.0,0.0,-0.0,-0.0,0.0,1.8407549616491528,1510
953.0,12.993500000000008,80.0675,0.0,0.0,0.0,0.0,-0.0,-0.0,0.0,1.8407549616491528,1510
954.0,12.993500000000008,80.0765,0.0,0.0,0.0,0.0,-0.0,-0.0,0.0,1.8407549616491528,1510
955.0,12.993500000000008,80.0855,0.7794692427270218,0.0,0.0,0.0,-0.0,-0.0,0.7794692427270218,3.3673961739968763,964
956.0,12.993500000000008,80.0945,3.282141107968295,0.0,0.0,0.0,-0.0,-0.0,3.282141107968295,8.26904180801007,818
957.0,12.993500000000008,80.1035,4.792017388465858,0.0,0.0,0.0,-0.0,-0.0,4.792017388465858,11.226232713054054,762
958.0,12.993500000000008,80.1125,3.020783244098051,0.0,0.0,0.0,-0.0,-0.0,3.020783244098051,7.757155431634838,826
959.0,12.993500000000008,80.1215,0.6326459859070095,0.0,0.994408017919765,0.5660609159712834,-0.0,-0.0,2.1931149197980577,6.136113182923994,871
960.0,12.993500000000008,80.1305,0.0,0.0,7.324243046595123,3.272491077078848,-0.0,-0.0,10.596734123673972,22.595148005939706,650
961.0,12.993500000000008,80.1395,0.4700414089425879,0.0,13.841656800026428,6.179873458698145,-0.0,-0.3199130908272473,20.171658576839913,41.348260347074515,564
962.0,12.993500000000008,80.1485,0.0,0.0,13.93878496521303,6.334006622578807,-0.0,-0.0,20.272791587791836,41.54633592720628,563
963.0,12.993500000000008,80.1575,0.0,0.0,10.444619169494723,2.822976831998564,-0.0,-0.0,13.267596001493288,27.826204719482618,618
964.0,12.993500000000008,80.1665,0.0,0.0,9.44055989842204,0.0,-0.0,-0.0,9.44055989842204,20.330705582594536,666
965.0,12.993500000000008,80.1755,2.3525634415507253,2.1187751002044837,20.047549188252344,6.6749312153535065,-3.764623439375291,-0.35510625568809656,27.07408925029767,54.86711978867024,511
966.0,12.993500000000008,80.1845,5.212814621965706,5.823430976723282,63.68255854308555,34.9535190268717,-8.626456660234439,-3.565833005160821,97.48003350325098,192.76174115278366,254
967.0,12.993500000000008,80.1935,8.155045185559043,6.224583300183433,87.05328806251215,54.05075274772566,-8.671487805108308,-4.258078722458151,142.55410276841383,281.04223764507714,160
968.0,12.993500000000008,80.2025,9.261219773322443,6.866272156822115,74.08717087745151,39.47860764526276,-3.782326765126624,-4.444488358570046,121.46645532916216,239.74070849225208,198
969.0,12.993500000000008,80.2115,10.114039249327249,12.230861957252412,108.43560824851468,17.984165074834117,-1.2559221568071754,-8.07837418355409,139.4303781895672,274.9242198751818,168
970.0,12.993500000000008,80.2205,10.754902750004948,19.55691427532933,117.86516944149288,18.453146586525705,-2.2613559838161175,-12.925311973453239,151.4434650960835,298.4526319711358,149
971.0,12.993500000000008,80.2295,10.974649162565193,26.656172677068213,63.209917696976646,25.275115203996187,-4.577840908270763,-11.203906545432705,110.33410728690278,217.9372807494803,220
972.0,12.993500000000008,80.2385,10.015833094101575,41.84982800458805,75.04489769798963,26.044743603794355,-4.505365285006774,-7.7444199346418925,140.70551718082496,277.42166253079574,165
973.0,12.993500000000008,80.2475,8.939747934278186,53.707970294288515,210.07734018159414,29.1021676859751,-6.083969032729577,-9.888483334127336,285.85477372927903,561.7059226938438,36
974.0,12.993500000000008,80.2565,7.6934241995772235,47.23073619403323,384.06574699496485,40.83967540957025,-8.032736215160774,-10.729812109835269,461.06703447314953,904.8705320174786,7
975.0,12.993500000000008,80.2655,4.911497024840461,24.72763012709592,393.4523209223288,48.3786694468005,-6.219881816305558,-6.351348691123293,458.8988870136369,900.6240741911778,8
976.0,12.993500000000008,80.2745,2.5887204678465814,7.779025158166892,207.50369329133923,31.29597934288404,-1.9370047913273227,-2.915289471626001,244.3151239972834,480.34781675307784,60
977.0,12.993500000000008,80.2835,0.0,1.398544976773829,46.84429124395063,8.811130637356882,-0.572753539892344,-0.4511250637950414,56.03008825439395,111.57932727706016,361
978.0,12.993500000000008,80.2925,0.0,0.0,0.0,0.0,-0.0,-0.0,0.0,1.8407549616491528,1510
979.0,12.993500000000008,80.3015,0.0,0.0,0.0,0.0,-0.0,-0.0,0.0,1.8407549616491528,1510
980.0,12.993500000000008,80.3105,0.0,0.0,0.0,0.0,-0.0,-0.0,0.0,1.8407549616491528,1510
981.0,12.993500000000008,80.3195,0.0,0.0,0.0,0.0,-0.0,-0.0,0.0,1.8407549616491528,1510
982.0,12.993500000000008,80.3285,0.0,0.0,0.0,0.0,-0.0,-0.0,0.0,1.8407549616491528,1510
983.0,12.993500000000008,80.3375,0.0,0.0,0.0,0.0,-0.0,-0.0,0.0,1.8407549616491528,1510
984.0,12.993500000000008,80.3465,0.0,0.0,0.0,0.0,-0.0,-0.0,0.0,1.8407549616491528,1510
985.0,12.993500000000008,80.3555,0.0,0.0,0.0,0.0,-0.0,-0.0,0.0,1.8407549616491528,1510
986.0,12.993500000000008,80.3645,0.0,0.0,0.0,0.0,-0.0,-0.0,0.0,1.8407549616491528,1510
987.0,12.993500000000008,80.3735,0.0,0.0,0.0,0.0,-0.0,-0.0,0.0,1.8407549616491528,1510
988.0,12.993500000000008,80.38250000000001,0.0,0.0,0.0,0.0,-0.0,-0.0,0.0,1.8407549616491528,1510
989.0,12.993500000000008,80.39150000000001,0.0,0.0,0.0,0.0,-0.0,-0.0,0.0,1.8407549616491528,1510
990.0,12.993500000000008,80.40050000000001,0.0,0.0,0.0,0.0,-0.0,-0.0,0.0,1.8407549616491528,1510
991.0,13.002500000000008,80.0045,0.0,0.0,0.0,0.0,-0.0,-0.0,0.0,1.8407549616491528,1510
992.0,13.002500000000008,80.0135,0.0,0.0,0.0,0.0,-0.0,-0.0,0.0,1.8407549616491528,1510
993.0,13.002500000000008,80.0225,0.0,0.0,0.0,0.0,-0.0,-0.0,0.0,1.8407549616491528,1510
994.0,13.002500000000008,80.0315,0.0,0.0,0.0,0.0,-0.0,-0.0,0.0,1.8407549616491528,1510
995.0,13.002500000000008,80.0405,0.0,0.0,0.0,0.0,-0.0,-0.0,0.0,1.8407549616491528,1510
996.0,13.002500000000008,80.0495,0.0,0.0,0.0,0.0,-0.0,-0.0,0.0,1.8407549616491528,1510
997.0,13.002500000000008,80.0585,0.0,0.0,0.0,0.0,-0.0,-0.0,0.0,1.8407549616491528,1510
998.0,13.002500000000008,80.0675,0.0,0.0,0.0,0.0,-0.0,-0.0,0.0,1.8407549616491528,1510
999.0,13.002500000000008,80.0765,0.0,0.0,0.0,0.0,-0.0,-0.0,0.0,1.8407549616491528,1510
1000.0,13.002500000000008,80.0855,0.0,0.0,0.0,0.0,-0.0,-0.0,0.0,1.8407549616491528,1510
1001.0,13.002500000000008,80.0945,0.8930913250843306,0.0,0.0,0.0,-0.0,-0.0,0.8930913250843306,3.5899324128259718,955
1002.0,13.002500000000008,80.1035,1.6934216785318394,0.0,0.0,0.0,-0.0,-0.0,1.6934216785318394,5.157431467427772,898
1003.0,13.002500000000008,80.1125,1.0241825802172124,0.0,0.0,0.6958656850336011,-0.0,-0.0,1.7200482652508136,5.209581369439456,895
1004.0,13.002500000000008,80.1215,0.0,0.0,3.5500587619211643,1.3523380649909325,-0.0,-0.0,4.9023968269120966,11.442418022866004,759
1005.0,13.002500000000008,80.1305,0.0,0.0,8.730537847686815,1.906881653441746,-0.0,-0.8348228737003852,9.802596627428175,21.039778064980982,657
1006.0,13.002500000000008,80.1395,0.0,0.0,21.616759943383713,3.690175227475309,-0.0,-1.31095623724464,23.99597893361438,48.83844051819503,536
1007.0,13.002500000000008,80.1485,0.0,0.8187806114563909,50.73580048091339,8.047462264961109,-1.0534740313310662,-1.4820945448672935,57.06647478113253,113.60915770129299,355
1008.0,13.002500000000008,80.1575,0.0,1.1304674863986666,62.85653688345236,7.408911592958384,-1.0842413284980301,-0.7104654960300597,69.60120913828133,138.15925025979558,324
1009.0,13.002500000000008,80.1665,1.0370720410064602,0.6016854458316713,44.35848069053916,4.3798172801427935,-0.43018028128172103,-1.0346675689097267,48.91220760732864,97.63849504824093,393
1010.0,13.002500000000008,80.1755,2.3644076878658344,0.0,40.693865533343896,3.9452868309198963,-0.49276826381697214,-1.7108380523080666,44.79995373600459,89.58437836028027,413
1011.0,13.002500000000008,80.1845,2.8489670048459095,3.3008261353356105,89.09316604534416,21.185605077154793,-3.2273340829736954,-1.1428052685604233,112.05842491114635,221.31446897455774,215
1012.0,13.002500000000008,80.1935,3.1387712966722834,18.257896457290094,133.81705047618794,41.26141275146301,-6.529162179842355,-0.3870829018839605,189.55888589988703,373.1041628275503,109
1013.0,13.002500000000008,80.2025,4.568737514880921,40.38418219439617,130.86166001293984,36.92684845699494,-6.88253552230892,-1.6842554699093173,204.17463718699364,401.7300624028277,95
1014.0,13.002500000000008,80.2115,3.243011620615957,44.50688231562178,125.03941221972539,19.507703829245354,-3.941291716774204,-4.7324516463044395,183.62326662212982,361.47886639054485,119
1015.0,13.002500000000008,80.2205,3.018923825572516,32.52018296022258,131.85611851291435,18.10584821730781,-1.7211162704426888,-5.676101173980799,178.10385607159375,350.66874181803985,126
1016.0,13.002500000000008,80.2295,4.30593143903961,29.908425560424526,88.63697721775574,27.22057132509316,-3.1153086729757513,-5.216914953452945,141.73968191588438,279.44714143150884,162
1017.0,13.002500000000008,80.2385,7.592360482052163,31.929263930992413,86.01513759734232,38.303167901138075,-3.783102843532876,-8.613522764084832,151.44330430390727,298.4523170492,150
1018.0,13.002500000000008,80.2475,8.877156049698778,29.643562867454527,182.71452337067453,39.49928876182494,-7.697630431317889,-15.024123181729827,238.01277743660506,468.0042610787471,66
1019.0,13.002500000000008,80.2565,10.437202024723328,15.538418156327074,268.8327409179026,41.468754851450406,-11.002038588019483,-15.242883468387042,310.03219389399686,609.058972703325,24
1020.0,13.002500000000008,80.2655,9.316234755696199,9.040925333361892,254.83153661891103,42.8395521747324,-8.82080644808189,-8.531859198392937,298.67558323622666,586.816312040945,30
1021.0,13.002500000000008,80.2745,5.228082384007187,3.926205336979298,151.35048136093718,29.883764953455916,-3.841617607335249,-2.298948798561654,184.24796762948264,362.7023839470342,117
1022.0,13.002500000000008,80.2835,1.2152266436786086,0.9395526514751977,35.33123088445464,9.369647535449372,-1.096213425152896,-0.3624479556726834,45.39699633423224,90.75372512346064,409
1023.0,13.002500000000008,80.2925,0.0,0.0,0.0,0.0,-0.0,-0.0,0.0,1.8407549616491528,1510
1024.0,13.002500000000008,80.3015,0.0,0.0,0.0,0.0,-0.0,-0.0,0.0,1.8407549616491528,1510
1025.0,13.002500000000008,80.3105,0.0,0.0,0.0,0.0,-0.0,-0.0,0.0,1.8407549616491528,1510
1026.0,13.002500000000008,80.3195,0.0,0.0,0.0,0.0,-0.0,-0.0,0.0,1.8407549616491528,1510
1027.0,13.002500000000008,80.3285,0.0,0.0,0.0,0.0,-0.0,-0.0,0.0,1.8407549616491528,1510
1028.0,13.002500000000008,80.3375,0.0,0.0,0.0,0.0,-0.0,-0.0,0.0,1.8407549616491528,1510
1029.0,13.002500000000008,80.3465,0.0,0.0,0.0,0.0,-0.0,-0.0,0.0,1.8407549616491528,1510
1030.0,13.002500000000008,80.3555,0.0,0.0,0.0,0.0,-0.0,-0.0,0.0,1.8407549616491528,1510
1031.0,13.002500000000008,80.3645,0.0,0.0,0.0,0.0,-0.0,-0.0,0.0,1.8407549616491528,1510
1032.0,13.002500000000008,80.3735,0.0,0.0,0.0,0.0,-0.0,-0.0,0.0,1.8407549616491528,1510
1033.0,13.002500000000008,80.38250000000001,0.0,0.0,0.0,0.0,-0.0,-0.0,0.0,1.8407549616491528,1510
1034.0,13.002500000000008,80.39150000000001,0.0,0.0,0.0,0.0,-0.0,-0.0,0.0,1.8407549616491528,1510
1035.0,13.002500000000008,80.40050000000001,0.0,0.0,0.0,0.0,-0.0,-0.0,0.0,1.8407549616491528,1510
1036.0,13.011500000000009,80.0045,0.0,0.0,0.0,0.0,-0.0,-0.0,0.0,1.8407549616491528,1510
1037.0,13.011500000000009,80.0135,0.0,0.0,0.0,0.0,-0.0,-0.0,0.0,1.8407549616491528,1510
1038.0,13.011500000000009,80.0225,0.0,0.0,0.0,0.0,-0.0,-0.0,0.0,1.8407549616491528,1510
1039.0,13.011500000000009,80.0315,0.0,0.0,0.0,0.0,-0.0,-0.0,0.0,1.8407549616491528,1510
1040.0,13.011500000000009,80.0405,0.0,0.0,0.0,0.0,-0.0,-0.0,0.0,1.8407549616491528,1510
1041.0,13.011500000000009,80.0495,0.0,0.0,0.0,0.0,-0.0,-0.0,0.0,1.8407549616491528,1510
1042.0,13.011500000000009,80.0585,0.0,0.0,0.0,0.0,-0.0,-0.0,0.0,1.8407549616491528,1510
1043.0,13.011500000000009,80.0675,0.0,0.0,0.0,0.0,-0.0,-0.0,0.0,1.8407549616491528,1510
1044.0,13.011500000000009,80.0765,0.0,0.0,0.0,0.0,-0.0,-0.0,0.0,1.8407549616491528,1510
1045.0,13.011500000000009,80.0855,0.0,0.0,0.0,0.0,-0.0,-0.0,0.0,1.8407549616491528,1510
1046.0,13.011500000000009,80.0945,0.0,0.0,0.0,0.0,-0.0,-0.0,0.0,1.8407549616491528,1510
1047.0,13.011500000000009,80.1035,0.0,0.0,0.0,0.9481049258099432,-0.0,-0.0,0.9481049258099432,3.697680128198977,948
1048.0,13.011500000000009,80.1125,0.0,0.0,0.8647646213437616,1.2798250653077274,-0.0,-0.0,2.1445896866514893,6.0410733574895,873
1049.0,13.011500000000009,80.1215,0.0,0.0,4.717374609983495,2.46904374370475,-0.0,-0.31164227028607966,6.874776083402165,15.305451089832092,706
1050.0,13.011500000000009,80.1305,0.5431322243367328,0.0,17.669889258951272,3.8694572884793588,-0.0,-1.2694402985390159,20.81303847322835,42.604444592616076,557
1051.0,13.011500000000009,80.1395,0.4198470016403225,0.48345667568423245,43.8823154501056,8.24047036490309,-0.9227051795579062,-2.603087390204025,49.500296922571316,98.7903062243302,388
1052.0,13.011500000000009,80.1485,0.0,1.731439029686829,92.73577245957122,15.308639725767907,-2.463356588055338,-3.343106190816817,103.9693884361538,205.47156488804933,236
1053.0,13.011500000000009,80.1575,1.5059390664732037,2.3905216283099477,117.10122426886339,17.669952711988106,-2.535297660480497,-3.6327797853896757,132.49956022976448,261.3497620868324,179
1054.0,13.011500000000009,80.1665,5.82418202281873,4.9652041527776385,89.11225227220388,12.959213214408326,-2.0996653601076596,-4.562874355340716,106.1983119467602,209.837056563587,228
1055.0,13.011500000000009,80.1755,7.96085279950349,7.134597552581612,72.37899680530873,10.54004010932329,-2.094669271463914,-5.2687998904938755,90.65101810475932,179.38667030249522,267
1056.0,13.011500000000009,80.1845,6.054285100223647,10.180381080195415,127.32194632330344,24.036670717843517,-3.9243626086122827,-3.305603715424192,160.36331689752956,315.9227419147691,139
1057.0,13.011500000000009,80.1935,3.4270104918408615,36.61837928309482,161.87786722784756,41.0349616899557,-7.597334567690588,-0.4514697939068006,234.90941433114156,461.9261225788817,68
1058.0,13.011500000000009,80.2025,4.304248477873282,75.53452979952552,143.11752711304473,43.10572856054167,-9.426922922411883,-1.2620689094645718,255.37304211910873,502.0054686553959,51
1059.0,13.011500000000009,80.2115,5.520337209475699,88.49005675220958,192.86010717729977,46.86966596718024,-6.760076249601498,-4.9165190043880775,322.0635718521757,632.6232090136989,22
1060.0,13.011500000000009,80.2205,3.769309012708707,69.77270250343173,260.1985394967111,53.78671112420464,-4.34971717092489,-6.721647540980976,376.4558974251502,739.1541165895077,12
1061.0,13.011500000000009,80.2295,3.462243653309846,50.25465799564391,222.96782698541875,55.36902396848787,-2.862073339839555,-5.670608049898923,323.52107121312184,635.4778163149522,20
1062.0,13.011500000000009,80.2385,4.490308420666266,36.5623770281391,162.94822392410177,49.16046834313089,-2.726347330815261,-8.540367808858718,241.89466257636406,475.60718562163595,63
1063.0,13.011500000000009,80.2475,5.813198513503174,19.54803967078434,171.27788830144823,44.85081352979444,-5.522913655662899,-15.161404124399295,220.80562223546798,434.3029283803392,78
1064.0,13.011500000000009,80.2565,6.375268386405241,7.155970552835741,174.0862534060899,37.94438703732909,-8.550320865215447,-14.85311705349434,202.1584414639502,397.7812119360809,97
1065.0,13.011500000000009,80.2655,6.956205486826593,4.664138220421527,157.5525613320744,34.42090991253279,-7.21284076794533,-8.216260715460017,188.16471346844995,370.3735854368318,110
1066.0,13.011500000000009,80.2745,4.377880164751627,3.306258842902896,117.43329629678468,23.65196166852683,-4.68877366118884,-1.6208084324343757,142.45981487934282,280.8575686813891,161
1067.0,13.011500000000009,80.2835,1.0715867491836941,0.9001144641221808,45.449497283963765,5.999611304506411,-1.4547302535843043,-0.402993879731386,51.56308566846037,102.83041215695667,380
1068.0,13.011500000000009,80.2925,0.0,0.0,4.183661761161242,0.0,-0.0,-0.0,4.183661761161242,10.034728646572072,779
1069.0,13.011500000000009,80.3015,0.0,0.0,0.0,0.0,-0.0,-0.0,0.0,1.8407549616491528,1510
1070.0,13.011500000000009,80.3105,0.0,0.0,0.0,0.0,-0.0,-0.0,0.0,1.8407549616491528,1510
1071.0,13.011500000000009,80.3195,0.0,0.0,0.0,0.0,-0.0,-0.0,0.0,1.8407549616491528,1510
1072.0,13.011500000000009,80.3285,0.0,0.0,0.0,0.0,-0.0,-0.0,0.0,1.8407549616491528,1510
1073.0,13.011500000000009,80.3375,0.0,0.0,0.0,0.0,-0.0,-0.0,0.0,1.8407549616491528,1510
1074.0,13.011500000000009,80.3465,0.0,0.0,0.0,0.0,-0.0,-0.0,0.0,1.8407549616491528,1510
1075.0,13.011500000000009,80.3555,0.0,0.0,0.0,0.0,-0.0,-0.0,0.0,1.8407549616491528,1510
1076.0,13.011500000000009,80.3645,0.0,0.0,0.0,0.0,-0.0,-0.0,0.0,1.8407549616491528,1510
1077.0,13.011500000000009,80.3735,0.0,0.0,0.0,0.0,-0.0,-0.0,0.0,1.8407549616491528,1510
1078.0,13.011500000000009,80.38250000000001,0.0,0.0,0.0,0.0,-0.0,-0.0,0.0,1.8407549616491528,1510
1079.0,13.011500000000009,80.39150000000001,0.0,0.0,0.0,0.0,-0.0,-0.0,0.0,1.8407549616491528,1510
1080.0,13.011500000000009,80.40050000000001,0.0,0.0,0.0,0.0,-0.0,-0.0,0.0,1.8407549616491528,1510
1081.0,13.020500000000009,80.0045,0.0,0.0,0.0,0.0,-0.0,-0.0,0.0,1.8407549616491528,1510
1082.0,13.020500000000009,80.0135,0.0,0.0,0.0,0.0,-0.0,-0.0,0.0,1.8407549616491528,1510
1083.0,13.020500000000009,80.0225,0.0,0.0,0.0,0.0,-0.0,-0.0,0.0,1.8407549616491528,1510
1084.0,13.020500000000009,80.0315,0.0,0.0,0.0,0.0,-0.0,-0.0,0.0,1.8407549616491528,1510
1085.0,13.020500000000009,80.0405,0.0,0.0,0.0,0.0,-0.0,-0.0,0.0,1.8407549616491528,1510
1086.0,13.020500000000009,80.0495,0.0,0.0,0.0,0.0,-0.0,-0.0,0.0,1.8407549616491528,1510
1087.0,13.020500000000009,80.0585,0.0,0.0,0.0,0.0,-0.0,-0.0,0.0,1.8407549616491528,1510
1088.0,13.020500000000009,80.0675,0.0,0.0,0.0,0.0,-0.0,-0.0,0.0,1.8407549616491528,1510
1089.0,13.020500000000009,80.0765,0.0,0.0,0.0,0.0,-0.0,-0.0,0.0,1.8407549616491528,1510
1090.0,13.020500000000009,80.0855,0.0,0.0,0.0,0.0,-0.0,-0.0,0.0,1.8407549616491528,1510
1091.0,13.020500000000009,80.0945,0.0,0.0,0.0,1.618465108314949,-0.0,-0.0,1.618465108314949,5.010624149118464,904
1092.0,13.020500000000009,80.1035,0.0,0.0,0.0,3.7386762376488147,-0.0,-0.0,3.7386762376488147,9.163195554752425,801
1093.0,13.020500000000009,80.1125,0.0,0.0,0.0,4.355297006762456,-0.0,-0.0,4.355297006762456,10.370887439072368,772
1094.0,13.020500000000009,80.1215,1.0257779375550977,0.0,5.531215907148314,3.8040771618673745,-0.0,-0.0,10.361071006570786,22.133586462418933,655
1095.0,13.020500000000009,80.1305,2.056687869920998,0.0,15.97685520476048,4.96248826922211,-0.0,-0.716281975717897,22.27974936818569,45.47709328239314,545
1096.0,13.020500000000009,80.1395,1.5898564297274889,0.37937709123389907,37.67830742518253,9.205059920069456,-0.8006371205294647,-1.6609975455990407,46.390966200084875,92.70047975836262,407
1097.0,13.020500000000009,80.1485,0.47382930485352737,1.7248450207962773,73.18241231543018,18.400987350171558,-2.1373943680342644,-2.99835559809812,88.64632402511917,175.4603465524766,272
1098.0,13.020500000000009,80.1575,4.520634153266148,3.9936552583864455,107.20896851958176,22.23924013145563,-2.793054102361088,-4.026714603139729,131.14272935718915,258.69232056802105,181
1099.0,13.020500000000009,80.1665,10.512268864031682,10.516582780251223,97.5306419329313,17.692453875401494,-3.4783332302328054,-5.429823521394328,127.34379070098856,251.25185210842366,189
1100.0,13.020500000000009,80.1755,12.555872979492687,15.54744614801523,82.79624774941662,16.50931230759915,-4.684980123777586,-5.902304039598009,116.82159502114808,230.6434474547235,207
1101.0,13.020500000000009,80.1845,8.99070239203056,14.13573543518811,102.58604970604341,23.89321284033933,-4.777476856676934,-3.5596295644148124,141.26859395250963,278.5244850133893,163
1102.0,13.020500000000009,80.1935,5.626564936640777,32.23869884010444,113.5540835709516,34.40210223191054,-5.358250725840792,-1.068275951725104,179.39492290204146,353.1973801827314,122
1103.0,13.020500000000009,80.2025,9.826119371651963,63.700624165182596,109.45612371628818,49.92431315869887,-7.919688716960341,-2.4675887510175833,222.51990294384368,437.6604586528397,76
1104.0,13.020500000000009,80.2115,12.798344895241424,80.88570585034888,214.70531387815214,80.87454886146509,-8.999084631213591,-9.506035798306453,370.7587930556875,727.9959671145654,13
1105.0,13.020500000000009,80.2205,10.0222042752184,75.06158109627351,341.9068164468897,101.8515862165294,-7.952689482797666,-11.251461429736777,509.63803712237655,1000.0,1
1106.0,13.020500000000009,80.2295,6.931495104788362,56.69713106482804,330.1803488730344,84.80536896165522,-4.635766354996638,-8.099382578100586,465.8791950712088,914.2954615550844,5
1107.0,13.020500000000009,80.2385,6.587519308315913,32.31483220125683,236.58762528309546,57.878707555041935,-3.894948064498859,-6.378534258745282,323.095202024466,634.6437238083685,21
1108.0,13.020500000000009,80.2475,3.8637496424264084,13.00071759289278,198.43713371663407,42.04299060558821,-7.397913505509695,-11.510094217813261,238.43658383421848,468.8343134749002,65
1109.0,13.020500000000009,80.2565,2.464496358755819,6.4191684076848325,164.05893179039614,40.30266314786625,-9.98364369439101,-13.689706111351288,189.57190989896074,373.1296711768803,108
1110.0,13.020500000000009,80.2655,2.521203504430133,6.2650243183090835,152.85447689532393,40.73181233944189,-7.360084915619995,-8.771484432924222,186.24094770896082,366.6057650658001,114
1111.0,13.020500000000009,80.2745,2.3040567750772567,4.651658866496783,156.65158198424,31.69392880500984,-5.110674989547215,-3.169187690058549,187.02136375121813,368.1342606466123,113
1112.0,13.020500000000009,80.2835,1.9177774342153537,2.077454917408093,88.84796357712034,10.640244252831604,-2.974061230345406,-0.476537135207867,100.03284181602211,197.76158228040222,250
1113.0,13.020500000000009,80.2925,0.6154248825592846,0.0,10.753505026290851,0.8105689069519697,-0.0,-0.0,12.179498815802106,25.695095606178608,627
1114.0,13.020500000000009,80.3015,0.0,0.0,0.0,0.0,-0.0,-0.0,0.0,1.8407549616491528,1510
1115.0,13.020500000000009,80.3105,0.0,0.0,0.0,0.0,-0.0,-0.0,0.0,1.8407549616491528,1510
1116.0,13.020500000000009,80.3195,0.0,0.0,0.0,0.0,-0.0,-0.0,0.0,1.8407549616491528,1510
1117.0,13.020500000000009,80.3285,0.0,0.0,0.0,0.0,-0.0,-0.0,0.0,1.8407549616491528,1510
1118.0,13.020500000000009,80.3375,0.0,0.0,0.0,0.0,-0.0,-0.0,0.0,1.8407549616491528,1510
1119.0,13.020500000000009,80.3465,0.0,0.0,0.0,0.0,-0.0,-0.0,0.0,1.8407549616491528,1510
1120.0,13.020500000000009,80.3555,0.0,0.0,0.0,0.0,-0.0,-0.0,0.0,1.8407549616491528,1510
1121.0,13.020500000000009,80.3645,0.0,0.0,0.0,0.0,-0.0,-0.0,0.0,1.8407549616491528,1510
1122.0,13.020500000000009,80.3735,0.0,0.0,0.0,0.0,-0.0,-0.0,0.0,1.8407549616491528,1510
1123.0,13.020500000000009,80.38250000000001,0.0,0.0,0.0,0.0,-0.0,-0.0,0.0,1.8407549616491528,1510
1124.0,13.020500000000009,80.39150000000001,0.0,0.0,0.0,0.0,-0.0,-0.0,0.0,1.8407549616491528,1510
1125.0,13.020500000000009,80.40050000000001,0.0,0.0,0.0,0.0,-0.0,-0.0,0.0,1.8407549616491528,1510
1126.0,13.02950000000001,80.0045,0.0,0.0,0.0,0.0,-0.0,-0.0,0.0,1.8407549616491528,1510
1127.0,13.02950000000001,80.0135,0.0,0.0,0.0,0.0,-0.0,-0.0,0.0,1.8407549616491528,1510
1128.0,13.02950000000001,80.0225,0.0,0.0,0.0,0.0,-0.0,-0.0,0.0,1.8407549616491528,1510
1129.0,13.02950000000001,80.0315,0.0,0.0,0.0,0.0,-0.0,-0.0,0.0,1.8407549616491528,1510
1130.0,13.02950000000001,80.0405,0.0,0.0,0.0,0.0,-0.0,-0.0,0.0,1.8407549616491528,1510
1131.0,13.02950000000001,80.0495,0.0,0.0,0.0,0.0,-0.0,-0.0,0.0,1.8407549616491528,1510
1132.0,13.02950000000001,80.0585,0.0,0.0,0.0,0.0,-0.0,-0.0,0.0,1.8407549616491528,1510
1133.0,13.02950000000001,80.0675,0.0,0.0,0.0,0.0,-0.0,-0.0,0.0,1.8407549616491528,1510
1134.0,13.02950000000001,80.0765,0.0,0.0,0.0,0.0,-0.0,-0.0,0.0,1.8407549616491528,1510
1135.0,13.02950000000001,80.0855,0.0,0.0,0.0,0.27701298057101975,-0.0,-0.0,0.27701298057101975,2.3833029023677086,997
1136.0,13.02950000000001,80.0945,0.0,0.0,0.0,2.489108372906954,-0.0,-0.0,2.489108372906954,6.715835613690138,851
1137.0,13.02950000000001,80.1035,0.0,0.0,0.0,6.389895292688557,-0.0,-0.0,6.389895292688557,14.35578052221691,713
1138.0,13.02950000000001,80.1125,0.0,0.0,0.4742676019549941,6.351818813979456,-0.0,-0.0,6.8260864159344505,15.210089209084027,707
1139.0,13.02950000000001,80.1215,2.329713184626173,0.0,13.81940535662778,4.203000019171281,-1.0937333119541512,-0.5970751061697037,18.661310142301378,38.39014469763009,574
1140.0,13.02950000000001,80.1305,5.178754768083778,0.4023549630804219,27.823688289374886,2.934731042108192,-1.2720485267540138,-1.0335659754185624,34.0339145604747,68.4983903595067,482
1141.0,13.02950000000001,80.1395,5.40209184882879,1.5344176208379399,39.370597252041186,6.029257086512718,-0.5704357367253694,-0.6898528213379488,51.07607525015732,101.87657057518624,385
1142.0,13.02950000000001,80.1485,5.889230264497323,3.465779495883222,52.05575455823482,13.215743939069942,-0.68816894687921,-1.0408583242257823,72.8974809865803,144.6152130802261,312
1143.0,13.02950000000001,80.1575,9.282229256964875,4.192303952288384,75.71567455746323,16.78676129242972,-1.1349795380787926,-1.720924242020312,103.1210652790471,203.81006880579582,241
1144.0,13.02950000000001,80.1665,12.68434663124788,9.490341875611392,74.13619942503888,13.70605326105769,-2.0655407419220273,-2.7537437414840085,105.19765670954982,207.87720819403185,231
1145.0,13.02950000000001,80.1755,11.802854779608252,13.616745671092513,69.77482674182275,14.331428687481008,-4.065563436236301,-3.87447398372896,101.58581846003925,200.80318805085636,247
1146.0,13.02950000000001,80.1845,8.5405312669311,9.41696838171547,52.02330208164905,21.258459598553628,-3.8684776429306025,-4.287745460933457,83.0830382249852,164.56428944977475,287
1147.0,13.02950000000001,80.1935,9.501606776663703,13.115429938459632,44.644398954952486,28.81707624695995,-2.5040490091104757,-2.91483198792754,90.65963091999775,179.40353906135906,266
1148.0,13.02950000000001,80.2025,14.585768445237647,27.754664540383924,62.836319962648794,45.99934782638896,-5.34703960184652,-6.5200372879046,139.30902388490824,274.6865395760336,169
1149.0,13.02950000000001,80.2115,16.11157804808519,39.09645438110348,157.34021588795167,84.59540350702785,-10.434562872461957,-14.062006378627252,272.647082573079,535.8378004720194,43
1150.0,13.02950000000001,80.2205,12.874438009090202,41.331323918959974,261.9845614431193,106.90725704902151,-11.389650864699707,-17.801748267346607,393.90618128814464,773.3316325864325,9
1151.0,13.02950000000001,80.2295,12.08129309625813,37.36029697594611,269.2328763655133,92.74368943873198,-8.010864465020568,-13.71238433008209,389.6949070813468,765.0835781306828,10
1152.0,13.02950000000001,80.2385,12.17127645574056,21.61891011007262,224.69826064295125,61.29298365371649,-7.994123313799346,-11.267122423549443,300.5201851251322,590.429084822236,29
1153.0,13.02950000000001,80.2475,8.56058598882918,12.710833780224204,230.35379893995935,46.42609007713734,-14.82293529134568,-13.244986238141998,269.98338725666235,530.6207799351315,45
1154.0,13.02950000000001,80.2565,3.3490863423447714,15.301423537355719,218.93952660523104,47.74664925556316,-15.246889924860072,-15.417651930693475,254.67214388494114,500.632713873952,53
1155.0,13.02950000000001,80.2655,2.282699359287201,14.789160701765354,216.75089692291388,57.94995202282524,-10.764161932816888,-11.535599307099243,269.47294776687556,529.6210509929195,46
1156.0,13.02950000000001,80.2745,2.7122418384584357,9.806572627819033,221.2189579826859,50.21546408722069,-5.663721202887686,-3.9608023026728842,274.3287130306235,539.1313831045359,42
1157.0,13.02950000000001,80.2835,2.257544481474884,3.721942353706349,153.08595819349875,22.559714958611167,-2.7740328783736414,-0.36221145373968777,178.48891565517783,351.4229060586356,125
1158.0,13.02950000000001,80.2925,0.7244876498214035,0.0,45.735512786117766,2.829249103928406,-0.593165822647578,-0.0,48.69608371722,97.21520235171523,394
1159.0,13.02950000000001,80.3015,0.0,0.0,0.0,0.0,-0.0,-0.0,0.0,1.8407549616491528,1510
1160.0,13.02950000000001,80.3105,0.0,0.0,0.0,0.0,-0.0,-0.0,0.0,1.8407549616491528,1510
1161.0,13.02950000000001,80.3195,0.0,0.0,0.0,0.0,-0.0,-0.0,0.0,1.8407549616491528,1510
1162.0,13.02950000000001,80.3285,0.0,0.0,0.0,0.0,-0.0,-0.0,0.0,1.8407549616491528,1510
1163.0,13.02950000000001,80.3375,0.0,0.0,0.0,0.0,-0.0,-0.0,0.0,1.8407549616491528,1510
1164.0,13.02950000000001,80.3465,0.0,0.0,0.0,0.0,-0.0,-0.0,0.0,1.8407549616491528,1510
1165.0,13.02950000000001,80.3555,0.0,0.0,0.0,0.0,-0.0,-0.0,0.0,1.8407549616491528,1510
1166.0,13.02950000000001,80.3645,0.0,0.0,0.0,0.0,-0.0,-0.0,0.0,1.8407549616491528,1510
1167.0,13.02950000000001,80.3735,0.0,0.0,0.0,0.0,-0.0,-0.0,0.0,1.8407549616491528,1510
1168.0,13.02950000000001,80.38250000000001,0.0,0.0,0.0,0.0,-0.0,-0.0,0.0,1.8407549616491528,1510
1169.0,13.02950000000001,80.39150000000001,0.0,0.0,0.0,0.0,-0.0,-0.0,0.0,1.8407549616491528,1510
1170.0,13.02950000000001,80.40050000000001,0.0,0.0,0.0,0.0,-0.0,-0.0,0.0,1.8407549616491528,1510
1171.0,13.03850000000001,80.0045,0.0,0.0,0.0,0.0,-0.0,-0.0,0.0,1.8407549616491528,1510
1172.0,13.03850000000001,80.0135,0.0,0.0,0.0,0.0,-0.0,-0.0,0.0,1.8407549616491528,1510
1173.0,13.03850000000001,80.0225,0.0,0.0,0.0,0.0,-0.0,-0.0,0.0,1.8407549616491528,1510
1174.0,13.03850000000001,80.0315,0.0,0.0,0.0,0.0,-0.0,-0.0,0.0,1.8407549616491528,1510
1175.0,13.03850000000001,80.0405,0.0,0.0,0.0,0.0,-0.0,-0.0,0.0,1.8407549616491528,1510
1176.0,13.03850000000001,80.0495,0.0,0.0,0.0,0.0,-0.0,-0.0,0.0,1.8407549616491528,1510
1177.0,13.03850000000001,80.0585,0.0,0.0,0.0,0.0,-0.0,-0.0,0.0,1.8407549616491528,1510
1178.0,13.03850000000001,80.0675,0.0,0.0,0.0,0.0,-0.0,-0.0,0.0,1.8407549616491528,1510
1179.0,13.03850000000001,80.0765,0.0,0.0,0.0,0.0,-0.0,-0.0,0.0,1.8407549616491528,1510
1180.0,13.03850000000001,80.0855,0.0,0.0,0.0,0.0,-0.0,-0.0,0.0,1.8407549616491528,1510
1181.0,13.03850000000001,80.0945,0.0,0.0,0.0,2.6189466998196718,-0.0,-0.0,2.6189466998196718,6.9701324222643395,845
1182.0,13.03850000000001,80.1035,0.0,0.3532647719004913,4.4498552065212555,6.075056811513288,-0.0,-0.0,10.878176789935035,23.14637177421049,645
1183.0,13.03850000000001,80.1125,0.0,0.0,3.485426846982697,7.011752967078551,-0.7797715358128637,-0.7767717145545107,8.940636563693873,19.35157321408669,674
1184.0,13.03850000000001,80.1215,3.0006619421299483,0.0,27.431459467607873,3.8120850018609254,-2.35196840758931,-2.218394102327095,29.67384390168234,59.958908374081396,498
1185.0,13.03850000000001,80.1305,6.776041318800136,1.0582001853705507,51.8078520574694,1.5150658916684845,-2.7354032159011723,-2.5501122492373622,55.87164398817003,111.26900387567568,364
1186.0,13.03850000000001,80.1395,9.214827992149997,5.149275467828823,60.44639909428426,3.9964589731946143,-1.226696103668894,-1.3161860654677953,76.26407935832101,151.20891497119612,302
1187.0,13.03850000000001,80.1485,10.120541013779452,7.509059899674469,63.52989845671085,7.176200612592442,-0.0,-0.33873949218629074,87.99696049057093,174.18852583230444,274
1188.0,13.03850000000001,80.1575,11.290848702933776,5.856133624954642,67.77272437162725,9.826827687924029,-0.0,-0.29798171242509097,94.44855267501461,186.8243887684402,259
1189.0,13.03850000000001,80.1665,11.260492741815726,3.6844344319219413,63.27251443575267,9.049921814360722,-0.4069779501503783,-0.9764716712536773,85.88391380244701,170.04998645079021,277
1190.0,13.03850000000001,80.1755,10.372729189147703,4.980689125543837,51.89580910376978,12.318751269551452,-1.3726485355533893,-5.195333200651575,72.9999969518078,144.8159972662607,311
1191.0,13.03850000000001,80.1845,11.952788900803782,2.796673400275005,42.82442203437446,23.942898163220903,-1.137509531013785,-8.33746777559542,72.04180519206494,142.93931637935654,317
1192.0,13.03850000000001,80.1935,14.891783195629822,5.7661114559341575,50.45096038909048,31.829263841848082,-0.6144532353605028,-8.182569356411866,94.14109629073019,186.2222154413621,260
1193.0,13.03850000000001,80.2025,16.86493038579114,13.882372445359948,59.90323293857159,38.74472064006314,-2.6155653994213806,-8.918146983617532,117.8615440267469,232.68025522552506,205
1194.0,13.03850000000001,80.2115,13.124571377161981,14.74776263767485,85.92069338255993,56.81468784882699,-6.64122455344033,-14.047903618999278,149.91858707378415,295.4660591789869,153
1195.0,13.03850000000001,80.2205,8.35515144478477,20.33286725082754,145.8424840243391,73.29176227877194,-9.250914713754394,-18.29846268910575,220.27288759586318,433.25953293702383,79
1196.0,13.03850000000001,80.2295,10.573149640974261,23.94131028200448,171.30342309852205,69.6859068655062,-8.475470871669081,-18.546927118993164,248.48139189634475,488.5077234276969,57
1197.0,13.03850000000001,80.2385,17.666774492844105,21.69492382584749,200.4356995020815,65.1331466459377,-10.166883815649605,-17.113331587723657,277.6503290633375,545.6369841586522,40
1198.0,13.03850000000001,80.2475,17.278164660918478,21.945229105832492,246.64554729970573,60.111959223953896,-16.269524695021534,-17.926119769227792,311.7852558261613,612.4924585251349,23
1199.0,13.03850000000001,80.2565,11.043832312719937,24.302576077361216,250.16580244911913,52.734018656509285,-17.19088591953759,-16.72326008534123,304.33208349083077,597.8949357158477,25
1200.0,13.03850000000001,80.2655,6.810992031611472,22.125651082692166,222.48449096037524,55.83759936893299,-9.879068144980817,-11.014786472924994,286.3648788257061,562.7049967049102,35
1201.0,13.03850000000001,80.2745,3.233024086778743,12.90612911222766,234.26989134853616,54.41800443528028,-3.7573238719034228,-3.6814447276925777,297.3882803832269,584.2950456709127,32
1202.0,13.03850000000001,80.2835,1.4291480352910866,4.409328895763879,185.4582907564618,29.80473807524737,-1.2156447751305084,-0.3102027179397776,219.57565826969386,431.89396395053814,81
1203.0,13.03850000000001,80.2925,0.0,0.5719675974800229,65.28369439017591,6.352130609620329,-0.0,-0.0,72.20779259727627,143.26441350909025,316
1204.0,13.03850000000001,80.3015,0.0,0.0,0.0,0.0,-0.0,-0.0,0.0,1.8407549616491528,1510
1205.0,13.03850000000001,80.3105,0.0,0.0,0.0,0.0,-0.0,-0.0,0.0,1.8407549616491528,1510
1206.0,13.03850000000001,80.3195,0.0,0.0,0.0,0.0,-0.0,-0.0,0.0,1.8407549616491528,1510
1207.0,13.03850000000001,80.3285,0.0,0.0,0.0,0.0,-0.0,-0.0,0.0,1.8407549616491528,1510
1208.0,13.03850000000001,80.3375,0.0,0.0,0.0,0.0,-0.0,-0.0,0.0,1.8407549616491528,1510
1209.0,13.03850000000001,80.3465,0.0,0.0,0.0,0.0,-0.0,-0.0,0.0,1.8407549616491528,1510
1210.0,13.03850000000001,80.3555,0.0,0.0,0.0,0.0,-0.0,-0.0,0.0,1.8407549616491528,1510
1211.0,13.03850000000001,80.3645,0.0,0.0,0.0,0.0,-0.0,-0.0,0.0,1.8407549616491528,1510
1212.0,13.03850000000001,80.3735,0.0,0.0,0.0,0.0,-0.0,-0.0,0.0,1.8407549616491528,1510
1213.0,13.03850000000001,80.38250000000001,0.0,0.0,0.0,0.0,-0.0,-0.0,0.0,1.8407549616491528,1510
1214.0,13.03850000000001,80.39150000000001,0.0,0.0,0.0,0.0,-0.0,-0.0,0.0,1.8407549616491528,1510
1215.0,13.03850000000001,80.40050000000001,0.0,0.0,0.0,0.0,-0.0,-0.0,0.0,1.8407549616491528,1510
1216.0,13.04750000000001,80.0045,0.0,0.0,0.0,0.0,-0.0,-0.0,0.0,1.8407549616491528,1510
1217.0,13.04750000000001,80.0135,0.0,0.0,0.0,0.0,-0.0,-0.0,0.0,1.8407549616491528,1510
1218.0,13.04750000000001,80.0225,0.0,0.0,0.0,0.0,-0.0,-0.0,0.0,1.8407549616491528,1510
1219.0,13.04750000000001,80.0315,0.0,0.0,0.0,0.0,-0.0,-0.0,0.0,1.8407549616491528,1510
1220.0,13.04750000000001,80.0405,0.0,0.0,0.0,0.0,-0.0,-0.0,0.0,1.8407549616491528,1510
1221.0,13.04750000000001,80.0495,0.0,0.0,0.0,0.0,-0.0,-0.0,0.0,1.8407549616491528,1510
1222.0,13.04750000000001,80.0585,0.0,0.0,0.0,0.0,-0.0,-0.0,0.0,1.8407549616491528,1510
1223.0,13.04750000000001,80.0675,0.0,0.0,0.0,0.0,-0.0,-0.0,0.0,1.8407549616491528,1510
1224.0,13.04750000000001,80.0765,0.0,0.0,0.0,0.0,-0.0,-0.0,0.0,1.8407549616491528,1510
1225.0,13.04750000000001,80.0855,0.0,0.0,0.0,0.290603097850359,-0.0,-0.0,0.290603097850359,2.409920031026554,994
1226.0,13.04750000000001,80.0945,0.0,0.7684360016003682,8.939560321930001,1.9137165318911,-0.0,-0.0,11.621712855421471,24.602635521664087,637
1227.0,13.04750000000001,80.1035,0.0,1.5249491110213258,16.982637369812185,4.9591936287140275,-0.0,-0.39283956043704704,23.07394054911049,47.0325683682876,543
1228.0,13.04750000000001,80.1125,1.4600235679685933,1.1669955988015621,18.473132115064487,7.378911077989447,-0.6222384884484633,-1.4153744766155516,26.441449394760074,53.628053481629756,516
1229.0,13.04750000000001,80.1215,3.27056468488888,0.34438902655010034,29.065802622423476,5.487739596611673,-1.8767379739645687,-2.7729453580473287,33.51881259846223,67.48952966217088,484
1230.0,13.04750000000001,80.1305,5.816002648146421,1.0327102364159637,41.14581559924552,3.272147563426539,-2.182685380193764,-2.449565621326948,46.63442504571373,93.17730974327299,405
1231.0,13.04750000000001,80.1395,8.55163608459059,5.458647283442627,47.667243764613225,2.540949956508819,-0.9788572559050954,-0.9318161029589144,62.30780373029126,123.87464136972191,342
1232.0,13.04750000000001,80.1485,9.012122017785199,7.95325798988956,48.13455184501164,4.163059438603425,-0.0,-0.37839180324310917,68.88459948804673,136.75572364803756,326
1233.0,13.04750000000001,80.1575,7.848865748071319,5.0882679451655966,43.80113922112174,4.197282131274552,-0.0,-0.35282765008391914,60.58272739554929,120.49596716078312,347
1234.0,13.04750000000001,80.1665,6.085795975973491,1.7838341695451698,31.275007376406037,4.662907972656764,-0.0,-1.2383463539726374,42.56919914060882,85.21530038607993,430
1235.0,13.04750000000001,80.1755,9.216659124009963,0.352440330675797,29.007324477564893,11.737211533724329,-0.0,-5.49417831472869,44.81945715124629,89.62257706762803,411
1236.0,13.04750000000001,80.1845,15.976236944542169,1.2718173854617354,42.088206878377754,26.708191668746167,-0.0,-10.603081782897451,75.44137109423038,149.59758732303172,305
1237.0,13.04750000000001,80.1935,22.165446106678832,4.145840005668498,61.75341126039375,36.56505893602823,-0.0,-12.27769444653186,112.35206186223746,221.88957604284374,212
1238.0,13.04750000000001,80.2025,21.357706557419874,7.73771971552493,84.85014111910576,37.208918789440965,-0.4534675774861392,-9.77688137231243,140.92413723169295,277.8498441205311,164
1239.0,13.04750000000001,80.2115,12.676270660600034,9.727149191818334,92.2366364588552,39.826878548450594,-1.6262965637206772,-9.424141818020624,143.4164964779829,282.7312918195452,158
1240.0,13.04750000000001,80.2205,4.715141420498161,17.40168368688981,112.5002535278694,46.4768587351687,-4.140965662324623,-11.62729868780378,165.32567302029767,325.6418391569639,135
1241.0,13.04750000000001,80.2295,10.697030324080973,26.799423126721482,146.68309182674253,50.841565121678066,-6.847170416063819,-15.264223479891891,212.90971650326733,418.83828341575065,86
1242.0,13.04750000000001,80.2385,20.30818887112768,31.06618646774422,174.94681548860632,62.70523406856869,-8.883114176853688,-19.242518587828364,260.9007921313649,512.8319266061187,48
1243.0,13.04750000000001,80.2475,25.280762693222393,35.85983285750444,208.71726350583535,63.88566319925191,-12.273613034598053,-18.43148650484629,303.0384227163697,595.3612169430833,27
1244.0,13.04750000000001,80.2565,21.45569135744161,41.466018720255164,209.2642797157392,50.58859166891815,-12.954132553985776,-13.732425824482485,296.0880230838858,581.7484071751006,33
1245.0,13.04750000000001,80.2655,12.93944789258316,33.04741664712197,175.8993482092405,45.86816855505574,-7.85544696061542,-7.106286952143515,252.7926473912424,496.951597739459,54
1246.0,13.04750000000001,80.2745,7.332833909868199,13.553833940310799,187.27425131039337,47.15971131526552,-2.0410250038365203,-2.6932660657157514,250.58633940628562,492.6304000419297,55
1247.0,13.04750000000001,80.2835,2.7083040851468856,4.0278404544895485,159.56103391179687,33.39465295227281,-0.6059985303870183,-0.0,199.08583287331908,391.7633081539378,102
1248.0,13.04750000000001,80.2925,0.0,0.9164592955006026,61.881240082444066,9.790555166829455,-0.0,-0.0,72.58825454477412,144.00957298035846,315
1249.0,13.04750000000001,80.3015,0.0,0.0,0.0,0.333690914359266,-0.0,-0.0,0.333690914359266,2.4943103223001906,992
1250.0,13.04750000000001,80.3105,0.0,0.0,0.0,0.0,-0.0,-0.0,0.0,1.8407549616491528,1510
1251.0,13.04750000000001,80.3195,0.0,0.0,0.0,0.0,-0.0,-0.0,0.0,1.8407549616491528,1510
1252.0,13.04750000000001,80.3285,0.0,0.0,0.0,0.0,-0.0,-0.0,0.0,1.8407549616491528,1510
1253.0,13.04750000000001,80.3375,0.0,0.0,0.0,0.0,-0.0,-0.0,0.0,1.8407549616491528,1510
1254.0,13.04750000000001,80.3465,0.0,0.0,0.0,0.0,-0.0,-0.0,0.0,1.8407549616491528,1510
1255.0,13.04750000000001,80.3555,0.0,0.0,0.0,0.0,-0.0,-0.0,0.0,1.8407549616491528,1510
1256.0,13.04750000000001,80.3645,0.0,0.0,0.0,0.0,-0.0,-0.0,0.0,1.8407549616491528,1510
1257.0,13.04750000000001,80.3735,0.0,0.0,0.0,0.0,-0.0,-0.0,0.0,1.8407549616491528,1510
1258.0,13.04750000000001,80.38250000000001,0.0,0.0,0.0,0.0,-0.0,-0.0,0.0,1.8407549616491528,1510
1259.0,13.04750000000001,80.39150000000001,0.0,0.0,0.0,0.0,-0.0,-0.0,0.0,1.8407549616491528,1510
1260.0,13.04750000000001,80.40050000000001,0.0,0.0,0.0,0.0,-0.0,-0.0,0.0,1.8407549616491528,1510
1261.0,13.05650000000001,80.0045,0.0,0.0,0.0,0.0,-0.0,-0.0,0.0,1.8407549616491528,1510
1262.0,13.05650000000001,80.0135,0.0,0.0,0.0,0.0,-0.0,-0.0,0.0,1.8407549616491528,1510
1263.0,13.05650000000001,80.0225,0.0,0.0,0.0,0.0,-0.0,-0.0,0.0,1.8407549616491528,1510
1264.0,13.05650000000001,80.0315,0.0,0.0,0.0,0.0,-0.0,-0.0,0.0,1.8407549616491528,1510
1265.0,13.05650000000001,80.0405,0.0,0.0,0.0,0.0,-0.0,-0.0,0.0,1.8407549616491528,1510
1266.0,13.05650000000001,80.0495,0.0,0.0,0.0,0.0,-0.0,-0.0,0.0,1.8407549616491528,1510
1267.0,13.05650000000001,80.0585,0.0,0.0,0.0,0.0,-0.0,-0.0,0.0,1.8407549616491528,1510
1268.0,13.05650000000001,80.0675,0.0,0.0,0.0,0.0,-0.0,-0.0,0.0,1.8407549616491528,1510
1269.0,13.05650000000001,80.0765,0.0,0.0,0.0,0.0,-0.0,-0.0,0.0,1.8407549616491528,1510
1270.0,13.05650000000001,80.0855,0.0,0.0,0.0,0.0,-0.0,-0.0,0.0,1.8407549616491528,1510
1271.0,13.05650000000001,80.0945,0.0,1.2309069374327943,13.270665602907652,1.5710524271117734,-0.0,-0.0,16.07262496745222,33.32003640202628,589
1272.0,13.05650000000001,80.1035,1.329861516278367,2.442654799704928,25.186097123876557,4.620126510343153,-0.0,-0.0,33.57873995020301,67.60690127852133,483
1273.0,13.05650000000001,80.1125,3.3480654459230252,1.869304999381046,24.585030116943116,7.744337299626704,-0.0,-0.9569754219306248,36.58976243994327,73.5041846762104,465
1274.0,13.05650000000001,80.1215,3.877951896191509,0.5516700842429305,20.727871489269297,7.783120156071194,-0.555682879851325,-1.3295508549309385,31.055379890992665,62.66473647095905,491
1275.0,13.05650000000001,80.1305,3.83587818494669,0.37397314126568615,19.576316084965676,5.1015158642292056,-0.6462672407892194,-1.079062473995458,27.162353560622584,55.03999118158119,509
1276.0,13.05650000000001,80.1395,4.310577629053104,3.3159220948780166,34.44316360566002,2.7040504865693817,-0.0,-0.5591161186425875,44.21459769751793,88.43792048450327,419
1277.0,13.05650000000001,80.1485,4.600090742362939,5.6935210147488124,63.63418823952007,1.7022103994454052,-0.0,-1.35185679154868,74.27815360452854,147.31935020813327,308
1278.0,13.05650000000001,80.1575,2.3782050989204677,3.9631321998153974,91.52317315879432,0.8872464198366004,-0.0,-1.2605285275617515,97.49122834980504,192.78366698792698,253
1279.0,13.05650000000001,80.1665,1.8242608140309,0.7094676205607473,98.1648328735183,1.8879707133691082,-0.0,-0.7467283089451056,101.83980371253395,201.30063468830213,245
1280.0,13.05650000000001,80.1755,5.147859533443588,0.0,69.9311243532952,7.052619893729924,-0.0,-2.4280665460376083,79.70353723443111,157.94531694060973,294
1281.0,13.05650000000001,80.1845,11.724162252351254,1.9295323889650553,47.63635046233323,18.441899928926865,-0.0,-6.9336492605244295,72.79829577205199,144.42095238608417,314
1282.0,13.05650000000001,80.1935,19.679001390024357,5.353104934466266,79.05967132282882,28.35685566518608,-0.0,-11.017437049139957,121.43119626336558,239.67165131846852,199
1283.0,13.05650000000001,80.2025,20.92088083036092,6.976782058728306,134.60802573222603,32.41257614354728,-0.0,-10.724441729930126,184.1938230349324,362.59633823678,118
1284.0,13.05650000000001,80.2115,15.520411632196394,8.719006580012021,145.84119191911245,34.3861950734385,-0.0,-10.225606761722913,194.24119844303647,382.2747765036668,105
1285.0,13.05650000000001,80.2205,9.055083805883385,19.38575352539148,118.54282299140081,36.26047799732671,-2.076039439789873,-10.307209364688738,170.8608895155238,336.4829207002398,131
1286.0,13.05650000000001,80.2295,10.672713350703816,29.099506991069937,110.5084347538612,40.490591735834634,-6.225435757999687,-11.409849429596115,173.1359616438738,340.93879744535866,128
1287.0,13.05650000000001,80.2385,17.118151808454762,37.58491350924088,120.67795416500579,48.64074864470132,-9.664118316612651,-13.871559154022853,200.48609065676723,394.5058041023909,101
1288.0,13.05650000000001,80.2475,21.653807448919615,51.4186852272402,147.29381534000743,53.69273375727081,-11.750225299976941,-14.828796515670613,247.4800199577905,486.54647135194193,58
1289.0,13.05650000000001,80.2565,18.57481894506361,61.35510789928443,157.50690609704748,46.94229814450651,-10.316301107330037,-8.904950337143738,265.1578796414282,521.1697093962339,47
1290.0,13.05650000000001,80.2655,13.005391018633524,46.850928406049164,124.39827367714017,44.8746139380962,-7.325368671667911,-2.756271829261964,219.04756653898914,430.8596619463009,82
1291.0,13.05650000000001,80.2745,8.400698218780903,21.53088883531204,134.1832047745623,53.057277700576044,-3.251026806471324,-1.0688484748264688,212.8521942479335,418.7256223371524,87
1292.0,13.05650000000001,80.2835,4.499432154265305,5.727764776160625,117.43654461652375,43.910225490390694,-1.6226325125379453,-0.0,169.95133452480243,334.70149808903597,132
1293.0,13.05650000000001,80.2925,0.9338821301524797,1.3637677684763672,47.57115054239561,19.642065543738934,-0.0,-0.0,69.51086598476338,137.982307317273,325
1294.0,13.05650000000001,80.3015,0.0,0.0,0.0,1.5539854134397042,-0.0,-0.0,1.5539854134397042,4.884336472632646,906
1295.0,13.05650000000001,80.3105,0.0,0.0,0.0,0.0,-0.0,-0.0,0.0,1.8407549616491528,1510
1296.0,13.05650000000001,80.3195,0.0,0.0,0.0,0.0,-0.0,-0.0,0.0,1.8407549616491528,1510
1297.0,13.05650000000001,80.3285,0.0,0.0,0.0,0.0,-0.0,-0.0,0.0,1.8407549616491528,1510
1298.0,13.05650000000001,80.3375,0.0,0.0,0.0,0.0,-0.0,-0.0,0.0,1.8407549616491528,1510
1299.0,13.05650000000001,80.3465,0.0,0.0,0.0,0.0,-0.0,-0.0,0.0,1.8407549616491528,1510
1300.0,13.05650000000001,80.3555,0.0,0.0,0.0,0.0,-0.0,-0.0,0.0,1.8407549616491528,1510
1301.0,13.05650000000001,80.3645,0.0,0.0,0.0,0.0,-0.0,-0.0,0.0,1.8407549616491528,1510
1302.0,13.05650000000001,80.3735,0.0,0.0,0.0,0.0,-0.0,-0.0,0.0,1.8407549616491528,1510
1303.0,13.05650000000001,80.38250000000001,0.0,0.0,0.0,0.0,-0.0,-0.0,0.0,1.8407549616491528,1510
1304.0,13.05650000000001,80.39150000000001,0.0,0.0,0.0,0.0,-0.0,-0.0,0.0,1.8407549616491528,1510
1305.0,13.05650000000001,80.40050000000001,0.0,0.0,0.0,0.0,-0.0,-0.0,0.0,1.8407549616491528,1510
1306.0,13.06550000000001,80.0045,0.0,0.0,0.0,0.0,-0.0,-0.0,0.0,1.8407549616491528,1510
1307.0,13.06550000000001,80.0135,0.0,0.0,0.0,0.0,-0.0,-0.0,0.0,1.8407549616491528,1510
1308.0,13.06550000000001,80.0225,0.0,0.0,0.0,0.0,-0.0,-0.0,0.0,1.8407549616491528,1510
1309.0,13.06550000000001,80.0315,0.0,0.0,0.0,0.0,-0.0,-0.0,0.0,1.8407549616491528,1510
1310.0,13.06550000000001,80.0405,0.0,0.0,0.0,0.0,-0.0,-0.0,0.0,1.8407549616491528,1510
1311.0,13.06550000000001,80.0495,0.0,0.0,0.0,0.0,-0.0,-0.0,0.0,1.8407549616491528,1510
1312.0,13.06550000000001,80.0585,0.0,0.0,0.0,0.0,-0.0,-0.0,0.0,1.8407549616491528,1510
1313.0,13.06550000000001,80.0675,0.0,0.0,0.0,0.0,-0.0,-0.0,0.0,1.8407549616491528,1510
1314.0,13.06550000000001,80.0765,0.0,0.0,0.0,0.0,-0.0,-0.0,0.0,1.8407549616491528,1510
1315.0,13.06550000000001,80.0855,0.0,0.0,0.0,0.0,-0.0,-0.0,0.0,1.8407549616491528,1510
1316.0,13.06550000000001,80.0945,0.6226408934542482,0.7316334757867564,7.317139515388378,0.29429568545005214,-0.0,-0.0,8.965709570079435,19.400680327962977,673
1317.0,13.06550000000001,80.1035,2.1832350765025783,1.4518430476513025,13.549583180256999,2.907210507584317,-0.0,-0.0,20.091871811995198,41.19199277840729,565
1318.0,13.06550000000001,80.1125,3.798220114439538,1.1110713446612461,13.67498615090185,7.574371251969035,-0.0,-0.0,26.15864886197167,53.07417024344295,521
1319.0,13.06550000000001,80.1215,3.1444500549778147,0.0,6.742248511527403,8.463956853955514,-0.0,-0.33356446538849943,18.017090955072234,37.12839951629574,579
1320.0,13.06550000000001,80.1305,1.1740408266910007,0.0,5.946933874311611,5.524185807822357,-0.0,-0.0,12.645160508824969,26.60712432086297,621
1321.0,13.06550000000001,80.1395,0.8231300959570604,2.080809368682988,42.50951170571322,2.2860025491409717,-0.0,-0.741235028777414,46.958218690716826,93.81148065812346,403
1322.0,13.06550000000001,80.1485,1.3231920728433504,4.668493278475706,118.8468909195247,1.0893393242768807,-0.0,-1.7921350140113173,124.13578058110932,244.96875562407476,195
1323.0,13.06550000000001,80.1575,0.8202940803598658,4.442183376235968,239.82031759255682,0.9846026981284127,-0.0,-2.368315144335618,243.69908260294545,479.1412596119415,61
1324.0,13.06550000000001,80.1665,0.0,1.8914350898749508,284.46098395925605,1.8579882026868586,-0.5330203226060464,-2.720858852241452,284.95652807697036,559.9466501575355,37
1325.0,13.06550000000001,80.1755,1.4139134544423948,0.3783979716503894,205.4038883195509,2.784589389068584,-0.4359720313261731,-1.5644186755107743,207.98039842787531,409.1838933382971,89
1326.0,13.06550000000001,80.1845,5.467770792579461,3.0415685418622407,96.75310506021592,8.010828484892864,-0.0,-2.692159130233794,110.5811137493167,218.42105897261843,218
1327.0,13.06550000000001,80.1935,11.06030121179009,9.607836961599661,101.21874995713631,16.728477367273385,-0.0,-6.624965646682507,131.99039985111693,260.35253836698627,180
1328.0,13.06550000000001,80.2025,15.668992050711054,11.993308961334693,165.92369801448,22.902469607449788,-0.0,-11.129846962850303,205.35862167112526,404.0489730271031,93
1329.0,13.06550000000001,80.2115,15.817818272541956,13.378000845001361,172.95819234970605,28.024273138013182,-0.0,-14.680780862464184,215.49750374279836,423.90663304662786,85
1330.0,13.06550000000001,80.2205,12.843495161468278,19.307793532709326,112.16822919153987,36.96984245209028,-1.0515932190069948,-16.641874302297555,163.59589281650318,322.25395211452326,137
1331.0,13.06550000000001,80.2295,9.823455064335416,27.920523001069792,61.612043221427406,38.344042456799706,-5.334568318104022,-12.314537170728187,120.0509582548001,236.9683654013066,200
1332.0,13.06550000000001,80.2385,9.17464783161701,34.9306286861468,84.68249780113787,35.06349610390886,-8.685559713301346,-8.165462288605376,147.00024842090383,289.7503031043951,155
1333.0,13.06550000000001,80.2475,8.942976999403555,46.76898288694632,128.6198053523643,35.90810383618043,-9.090028766367519,-7.522158862752375,203.62768144577473,400.65881400699146,96
1334.0,13.06550000000001,80.2565,7.697714486747311,53.59436426356136,144.97098457061136,50.100616601330096,-7.492384159207574,-4.460124074851678,244.41117168819088,480.5359324031287,59
1335.0,13.06550000000001,80.2655,16.33081392815442,42.21168717094194,123.38586085542282,63.50132110887488,-5.612521463176944,-0.9190567411808199,238.89810485903632,469.7382324215759,64
1336.0,13.06550000000001,80.2745,17.30968375765582,22.319293811214923,114.88355759164608,72.70407278206604,-3.279644982882947,-0.0,223.9369629596999,440.4358628663628,74
1337.0,13.06550000000001,80.2835,9.245253372981303,6.78189915685733,83.0355820488585,58.33246187779225,-1.612203140897348,-0.0,155.78299331559202,306.95188025304367,141
1338.0,13.06550000000001,80.2925,1.6038390759867402,1.7484031060034244,28.15614695339726,27.79052213100024,-0.0,-0.0,59.29891126638766,117.98152976618118,352
1339.0,13.06550000000001,80.3015,0.0,0.0,1.0951426876409573,5.214489747903202,-0.0,-0.0,6.3096324355441595,14.198580495813395,715
1340.0,13.06550000000001,80.3105,0.0,0.0,0.0,0.0,-0.0,-0.0,0.0,1.8407549616491528,1510
1341.0,13.06550000000001,80.3195,0.0,0.0,0.0,0.0,-0.0,-0.0,0.0,1.8407549616491528,1510
1342.0,13.06550000000001,80.3285,0.0,0.0,0.0,0.0,-0.0,-0.0,0.0,1.8407549616491528,1510
1343.0,13.06550000000001,80.3375,0.0,0.0,0.0,0.0,-0.0,-0.0,0.0,1.8407549616491528,1510
1344.0,13.06550000000001,80.3465,0.0,0.0,0.0,0.0,-0.0,-0.0,0.0,1.8407549616491528,1510
1345.0,13.06550000000001,80.3555,0.0,0.0,0.0,0.0,-0.0,-0.0,0.0,1.8407549616491528,1510
1346.0,13.06550000000001,80.3645,0.0,0.0,0.0,0.0,-0.0,-0.0,0.0,1.8407549616491528,1510
1347.0,13.06550000000001,80.3735,0.0,0.0,0.0,0.0,-0.0,-0.0,0.0,1.8407549616491528,1510
1348.0,13.06550000000001,80.38250000000001,0.0,0.0,0.0,0.0,-0.0,-0.0,0.0,1.8407549616491528,1510
1349.0,13.06550000000001,80.39150000000001,0.0,0.0,0.0,0.0,-0.0,-0.0,0.0,1.8407549616491528,1510
1350.0,13.06550000000001,80.40050000000001,0.0,0.0,0.0,0.0,-0.0,-0.0,0.0,1.8407549616491528,1510
1351.0,13.074500000000011,80.0045,0.0,0.0,0.0,0.0,-0.0,-0.0,0.0,1.8407549616491528,1510
1352.0,13.074500000000011,80.0135,0.0,0.0,0.0,0.0,-0.0,-0.0,0.0,1.8407549616491528,1510
1353.0,13.074500000000011,80.0225,0.0,0.0,0.0,0.0,-0.0,-0.0,0.0,1.8407549616491528,1510
1354.0,13.074500000000011,80.0315,0.0,0.0,0.0,0.0,-0.0,-0.0,0.0,1.8407549616491528,1510
1355.0,13.074500000000011,80.0405,0.0,0.0,0.0,0.0,-0.0,-0.0,0.0,1.8407549616491528,1510
1356.0,13.074500000000011,80.0495,0.0,0.0,0.0,0.0,-0.0,-0.0,0.0,1.8407549616491528,1510
1357.0,13.074500000000011,80.0585,0.0,0.0,0.0,0.0,-0.0,-0.0,0.0,1.8407549616491528,1510
1358.0,13.074500000000011,80.0675,0.0,0.0,0.0,0.0,-0.0,-0.0,0.0,1.8407549616491528,1510
1359.0,13.074500000000011,80.0765,0.0,0.0,0.0,0.0,-0.0,-0.0,0.0,1.8407549616491528,1510
1360.0,13.074500000000011,80.0855,0.0,0.0,0.0,0.0,-0.0,-0.0,0.0,1.8407549616491528,1510
1361.0,13.074500000000011,80.0945,0.0,0.0,0.0,0.4537103967090163,-0.0,-0.0,0.4537103967090163,2.7293762851324623,983
1362.0,13.074500000000011,80.1035,1.32997911590956,0.0,6.164111276020931,3.3364770643580446,-0.0,-0.0,10.830567456288534,23.053125797521435,646
1363.0,13.074500000000011,80.1125,1.798516662995717,0.0,8.572662293451575,7.4654989531487175,-0.0,-0.0,17.83667790959601,36.77504883178947,581
1364.0,13.074500000000011,80.1215,0.9380168404338431,0.0,3.1565300218599104,8.269973317487533,-0.0,-0.0,12.364520179781287,26.057471982220335,625
1365.0,13.074500000000011,80.1305,0.0,0.0,5.934886425941645,4.967917394950153,-0.0,-0.0,10.902803820891798,23.194605416201064,644
1366.0,13.074500000000011,80.1395,0.0,1.4674224228959265,39.342420466002025,1.1427159514964074,-0.0,-0.3646364137357636,41.587922426658594,83.29340611480308,434
1367.0,13.074500000000011,80.1485,0.0,4.2829414248732265,125.74570532881489,0.708150366362937,-0.0,-1.2378494417232795,129.49894767832777,255.4728672304238,184
1368.0,13.074500000000011,80.1575,0.0,6.044124505139912,273.57527956996097,2.9652214093152858,-0.9539563537187075,-3.6342234011470715,277.9964457295504,546.3148761625398,39
1369.0,13.074500000000011,80.1665,0.0,5.783366987355273,351.3078612148053,5.703571183796598,-2.022983448106082,-5.358880453098315,355.41293548475284,697.9401068927507,15
1370.0,13.074500000000011,80.1755,0.9252775641754858,3.9230733820854997,269.97414332918066,6.55057085949349,-1.6546660430209963,-4.064493061471297,275.65390603044284,541.7268597916736,41
1371.0,13.074500000000011,80.1845,3.0221523200288796,5.153935258992749,158.0671920473551,10.583987312578357,-1.987524565451979,-2.2848706708040694,172.55487170269902,339.80069499865465,129
1372.0,13.074500000000011,80.1935,5.814326795935774,12.044001177598002,140.34604908022357,19.444856954003637,-6.166385677118394,-7.812440027461953,163.67040830318064,322.3998955420304,136
1373.0,13.074500000000011,80.2025,11.18424356090324,16.39592508695759,165.54731487285463,21.927221807002255,-7.315975371088603,-12.884240586771329,194.8544893698578,383.4759466752681,104
1374.0,13.074500000000011,80.2115,15.804305250021812,20.140036135067238,139.94486685381537,24.590230168080737,-3.3129623091080154,-18.151710596659914,179.01476550121723,352.4528171859327,123
1375.0,13.074500000000011,80.2205,13.521524892444127,23.47859657780678,80.80167719370982,32.75198772684888,-0.8866816284729253,-18.909334914580345,130.75776984775632,257.93835232915995,182
1376.0,13.074500000000011,80.2295,6.92792218619463,26.158546785751774,49.200912144355485,32.48129913278898,-2.0540050532797642,-10.797056830801324,101.91761836500977,201.4530397466191,244
1377.0,13.074500000000011,80.2385,2.4358594765157364,26.865941889537545,65.8574986460559,24.545652729385594,-3.870416508722433,-3.803124799134532,112.03141143363781,221.26156132176948,216
1378.0,13.074500000000011,80.2475,0.0,25.64186764034865,104.61088011033559,26.833074932660157,-4.166050468305514,-1.248100865326983,151.67167134971191,298.89958876251063,148
1379.0,13.074500000000011,80.2565,7.508984868352183,26.99511509190276,125.36732367227688,51.58338880988977,-3.291822611113531,-0.7760344796111012,207.38695535169697,408.02159647318064,90
1380.0,13.074500000000011,80.2655,20.684647432280705,22.703603978057664,110.75871772261783,76.7012330501009,-2.3712782047682577,-0.9076829478294289,227.56924103045938,447.5499157289596,72
1381.0,13.074500000000011,80.2745,25.854719316978127,14.922685718589687,76.24531641623567,83.30274216618284,-1.4937615820830457,-2.801367175297149,196.03033486060613,385.77891655160266,103
1382.0,13.074500000000011,80.2835,15.202809442778902,11.280131724697553,47.11510580536735,74.56615212434906,-1.4045717029254277,-2.7126428684405672,144.04698452582687,283.96614367125375,157
1383.0,13.074500000000011,80.2925,2.1481884827706863,6.106575664100141,19.77153694598373,40.37677085003481,-0.7271286373938324,-1.0333282371681691,66.64261506832737,132.36465133245716,329
1384.0,13.074500000000011,80.3015,0.0,0.0,1.5896698993014886,6.915947919300047,-0.0,-0.0,8.505617818601536,18.49956070609049,683
1385.0,13.074500000000011,80.3105,0.0,0.0,0.0,0.0,-0.0,-0.0,0.0,1.8407549616491528,1510
1386.0,13.074500000000011,80.3195,0.0,0.0,0.0,0.0,-0.0,-0.0,0.0,1.8407549616491528,1510
1387.0,13.074500000000011,80.3285,0.0,0.0,0.0,0.0,-0.0,-0.0,0.0,1.8407549616491528,1510
1388.0,13.074500000000011,80.3375,0.0,0.0,0.0,0.0,-0.0,-0.0,0.0,1.8407549616491528,1510
1389.0,13.074500000000011,80.3465,0.0,0.0,0.0,0.0,-0.0,-0.0,0.0,1.8407549616491528,1510
1390.0,13.074500000000011,80.3555,0.0,0.0,0.0,0.0,-0.0,-0.0,0.0,1.8407549616491528,1510
1391.0,13.074500000000011,80.3645,0.0,0.0,0.0,0.0,-0.0,-0.0,0.0,1.8407549616491528,1510
1392.0,13.074500000000011,80.3735,0.0,0.0,0.0,0.0,-0.0,-0.0,0.0,1.8407549616491528,1510
1393.0,13.074500000000011,80.38250000000001,0.0,0.0,0.0,0.0,-0.0,-0.0,0.0,1.8407549616491528,1510
1394.0,13.074500000000011,80.39150000000001,0.0,0.0,0.0,0.0,-0.0,-0.0,0.0,1.8407549616491528,1510
1395.0,13.074500000000011,80.40050000000001,0.0,0.0,0.0,0.0,-0.0,-0.0,0.0,1.8407549616491528,1510
1396.0,13.083500000000011,80.0045,0.0,0.0,0.0,0.0,-0.0,-0.0,0.0,1.8407549616491528,1510
1397.0,13.083500000000011,80.0135,0.0,0.0,0.0,0.0,-0.0,-0.0,0.0,1.8407549616491528,1510
1398.0,13.083500000000011,80.0225,0.0,0.0,0.0,0.0,-0.0,-0.0,0.0,1.8407549616491528,1510
1399.0,13.083500000000011,80.0315,0.0,0.0,0.0,0.0,-0.0,-0.0,0.0,1.8407549616491528,1510
1400.0,13.083500000000011,80.0405,0.0,0.0,0.0,0.0,-0.0,-0.0,0.0,1.8407549616491528,1510
1401.0,13.083500000000011,80.0495,0.0,0.0,0.0,0.0,-0.0,-0.0,0.0,1.8407549616491528,1510
1402.0,13.083500000000011,80.0585,0.0,0.0,0.0,0.0,-0.0,-0.0,0.0,1.8407549616491528,1510
1403.0,13.083500000000011,80.0675,0.0,0.0,0.0,0.0,-0.0,-0.0,0.0,1.8407549616491528,1510
1404.0,13.083500000000011,80.0765,0.0,0.0,0.0,0.0,-0.0,-0.0,0.0,1.8407549616491528,1510
1405.0,13.083500000000011,80.0855,0.0,0.0,0.0,0.0,-0.0,-0.0,0.0,1.8407549616491528,1510
1406.0,13.083500000000011,80.0945,0.0,0.0,4.343392609640674,1.439347359818468,-0.0,-0.0,5.782739969459142,13.166627329339816,726
1407.0,13.083500000000011,80.1035,0.0,0.0,15.40922037028528,4.441308870273517,-0.0,-0.0,19.850529240558796,40.7193076541556,567
1408.0,13.083500000000011,80.1125,0.4065400887595212,0.0,20.155882073108607,6.871094763625338,-0.0,-0.0,27.433516925493464,55.571082269463595,505
1409.0,13.083500000000011,80.1215,0.0,0.0,12.055411211340422,6.461632424671394,-0.0,-0.0,18.517043636011817,38.10758936126745,575
1410.0,13.083500000000011,80.1305,0.0,0.0,7.104775553043281,3.302889238158225,-0.0,-0.0,10.407664791201505,22.224843420304342,654
1411.0,13.083500000000011,80.1395,0.0,0.0,24.670428533834297,0.5591691008967399,-0.0,-0.2962395112395622,24.933358123491473,50.67435863326638,528
1412.0,13.083500000000011,80.1485,0.0,2.883880457675038,74.7152736916963,0.4774112007529434,-0.0,-0.0,78.07656535012427,154.75878667903825,299
1413.0,13.083500000000011,80.1575,0.0,9.115577719287874,158.32331871199364,3.5620611553523935,-1.3435034847582124,-2.9323453021401735,166.72510879973552,328.38272515709565,134
1414.0,13.083500000000011,80.1665,0.0,13.316976099700215,209.63547257697996,8.261054516046196,-2.8489890701533906,-4.776296373336292,223.5882177492367,439.75282268758764,75
1415.0,13.083500000000011,80.1755,0.4274367877993585,9.51508722776284,182.83135868580933,15.382466584132247,-2.838579465255373,-4.613564771972661,200.70420504827575,394.93299532538015,99
1416.0,13.083500000000011,80.1845,1.1571874270760407,3.815253802838959,135.20865841403844,25.19375732412189,-5.580451978145145,-5.473406939291077,154.32099805063913,304.0884674313578,145
1417.0,13.083500000000011,80.1935,3.3542370971517927,8.517893818710506,150.44921324457167,31.197376036593013,-12.829763357914048,-9.539627936011383,171.14932890310155,337.04784800231005,130
1418.0,13.083500000000011,80.2025,7.7046857948533924,14.82050238099269,129.12317660771896,29.95418973338455,-15.380994203517263,-14.950017539844033,151.2715427735883,298.11591091986577,151
1419.0,13.083500000000011,80.2115,11.159006187409817,20.03165161448834,84.75326076915348,24.58640338176713,-9.449686138965518,-16.01845470522477,115.0621811086285,227.19752086622432,209
1420.0,13.083500000000011,80.2205,9.007361780714389,20.771751141726313,46.05065722009716,24.495868848034743,-3.242735151512857,-13.276398859030731,83.806504980029,165.98124614732097,284
1421.0,13.083500000000011,80.2295,3.539596656855962,18.51170700713877,39.701783701511694,21.440879271683382,-0.5867478942249961,-6.680551929842385,75.92666681312244,150.54807055447333,303
1422.0,13.083500000000011,80.2385,0.4885851244237688,12.545065998440743,52.82303084850105,14.887236353265536,-0.0,-1.1451888542076263,79.59872947042346,157.74004411759455,295
1423.0,13.083500000000011,80.2475,0.0,11.950855801262152,76.86389472917041,19.2057184729849,-0.0,-0.0,108.02046900341746,213.40586968099876,224
1424.0,13.083500000000011,80.2565,4.631439241869051,9.241670821490889,93.81489330217218,41.693252891527706,-0.6912932055957732,-0.43792883861644777,148.2520342128476,292.2020070001471,154
1425.0,13.083500000000011,80.2655,15.863254835128693,10.561529071409586,102.66422165303814,65.31899561480182,-1.0064258625674811,-2.7941102700989573,190.6074650417118,375.15787328149634,107
1426.0,13.083500000000011,80.2745,21.925899675735067,16.2420606785026,86.07393694825647,88.21948799666438,-4.868829544348557,-6.769612211412902,200.82294354339706,395.1655523914039,98
1427.0,13.083500000000011,80.2835,15.946294634728657,21.195835732602344,71.7273006158312,99.10002137629111,-9.657001013203757,-6.783497533533873,191.52895381271568,376.9626689776145,106
1428.0,13.083500000000011,80.2925,5.969944771585311,16.048658923917987,30.15010475600689,68.21647431186726,-5.498842672351503,-2.6671009245589654,112.21923916646698,221.62943415374372,213
1429.0,13.083500000000011,80.3015,1.1477147238530554,5.176962482950065,3.4540996653546245,17.27158365743047,-1.2381398540344255,-0.0,25.81222067555379,52.39566810697105,524
1430.0,13.083500000000011,80.3105,0.0,0.0,0.0,0.0,-0.0,-0.0,0.0,1.8407549616491528,1510
1431.0,13.083500000000011,80.3195,0.0,0.0,0.0,0.0,-0.0,-0.0,0.0,1.8407549616491528,1510
1432.0,13.083500000000011,80.3285,0.0,0.0,0.0,0.0,-0.0,-0.0,0.0,1.8407549616491528,1510
1433.0,13.083500000000011,80.3375,0.0,0.0,0.0,0.0,-0.0,-0.0,0.0,1.8407549616491528,1510
1434.0,13.083500000000011,80.3465,0.0,0.0,0.0,0.0,-0.0,-0.0,0.0,1.8407549616491528,1510
1435.0,13.083500000000011,80.3555,0.0,0.0,0.0,0.0,-0.0,-0.0,0.0,1.8407549616491528,1510
1436.0,13.083500000000011,80.3645,0.0,0.0,0.0,0.0,-0.0,-0.0,0.0,1.8407549616491528,1510
1437.0,13.083500000000011,80.3735,0.0,0.0,0.0,0.0,-0.0,-0.0,0.0,1.8407549616491528,1510
1438.0,13.083500000000011,80.38250000000001,0.0,0.0,0.0,0.0,-0.0,-0.0,0.0,1.8407549616491528,1510
1439.0,13.083500000000011,80.39150000000001,0.0,0.0,0.0,0.0,-0.0,-0.0,0.0,1.8407549616491528,1510
1440.0,13.083500000000011,80.40050000000001,0.0,0.0,0.0,0.0,-0.0,-0.0,0.0,1.8407549616491528,1510
1441.0,13.092500000000012,80.0045,0.0,0.0,0.0,0.0,-0.0,-0.0,0.0,1.8407549616491528,1510
1442.0,13.092500000000012,80.0135,0.0,0.0,0.0,0.0,-0.0,-0.0,0.0,1.8407549616491528,1510
1443.0,13.092500000000012,80.0225,0.0,0.0,0.0,0.0,-0.0,-0.0,0.0,1.8407549616491528,1510
1444.0,13.092500000000012,80.0315,0.0,0.0,0.0,0.0,-0.0,-0.0,0.0,1.8407549616491528,1510
1445.0,13.092500000000012,80.0405,0.0,0.0,0.0,0.0,-0.0,-0.0,0.0,1.8407549616491528,1510
1446.0,13.092500000000012,80.0495,0.0,0.0,0.0,0.0,-0.0,-0.0,0.0,1.8407549616491528,1510
1447.0,13.092500000000012,80.0585,0.0,0.0,0.0,0.0,-0.0,-0.0,0.0,1.8407549616491528,1510
1448.0,13.092500000000012,80.0675,0.0,0.0,0.0,0.0,-0.0,-0.0,0.0,1.8407549616491528,1510
1449.0,13.092500000000012,80.0765,0.0,0.0,0.0,0.0,-0.0,-0.0,0.0,1.8407549616491528,1510
1450.0,13.092500000000012,80.0855,0.0,0.0,0.0,0.3025916780065867,-0.0,-0.0,0.3025916780065867,2.4334004450580298,993
1451.0,13.092500000000012,80.0945,0.9961830889637278,0.0,4.667224148483351,3.1074184228144164,-0.0,-0.0,8.770825660261494,19.018987514388137,678
1452.0,13.092500000000012,80.1035,1.2978988872809065,0.0,15.694360659671098,5.219104257269783,-0.0,-0.0,22.21136380422179,45.343155707240484,546
1453.0,13.092500000000012,80.1125,0.6523240018346245,0.0,21.174161179594385,4.425355549274339,-0.0,-0.0,26.25184073070335,53.25669258000589,520
1454.0,13.092500000000012,80.1215,0.0,0.0,14.847101634994928,3.437715671686343,-0.0,-0.0,18.28481730668127,37.652758990144775,576
1455.0,13.092500000000012,80.1305,0.0,0.0,14.82458818836896,2.6302038994341115,-0.0,-0.8021031731241538,16.65268891467892,34.45612937284733,587
1456.0,13.092500000000012,80.1395,0.0,0.0,37.309226728926006,1.4209660257286338,-0.0,-1.2630071633295008,37.46718559132514,75.2226749900568,453
1457.0,13.092500000000012,80.1485,0.0,1.8912178297554516,70.06096555018149,0.6412511533148322,-0.0,-1.597049120445738,70.99638541280603,140.89179374249602,319
1458.0,13.092500000000012,80.1575,0.0,10.263888796015435,81.9724688192236,1.7678870977053598,-0.702098570131988,-1.8288460919930372,91.47330005081935,180.99716297906687,264
1459.0,13.092500000000012,80.1665,0.0,16.350593043795445,76.33147737124374,6.098906916215073,-1.4888064117804325,-2.5375675950546723,94.75460332441915,187.4238088723203,257
1460.0,13.092500000000012,80.1755,0.0,12.730871933056171,59.72700833174376,16.92385179298088,-1.639843634725137,-2.3644966004826973,85.37739182257299,169.05793020655628,278
1461.0,13.092500000000012,80.1845,0.0,7.512433080733693,79.72358404161375,29.361987131056807,-4.0066765644174165,-4.3378836849244635,108.25344400406237,213.86216637358785,222
1462.0,13.092500000000012,80.1935,0.9292205914584909,7.0657871301525415,94.45874918639855,34.21598778091904,-10.224497636429344,-7.7999713060075795,118.6452757464917,234.21524477636433,203
1463.0,13.092500000000012,80.2025,4.969048239814073,9.685717642406022,82.35474807384136,32.77783952021177,-13.722938282123218,-9.80896309755344,106.25545209659654,209.94896926371447,227
1464.0,13.092500000000012,80.2115,6.354160453474793,11.038551659619792,53.287131419071564,25.810415889529484,-10.441487029656338,-9.130953891191044,76.91781850084824,152.48930560420592,301
1465.0,13.092500000000012,80.2205,4.721630204684342,10.70319726244907,32.64029150650595,18.266957452001755,-3.7401234733103728,-6.604833983080666,55.987118969250076,111.4951691371748,362
1466.0,13.092500000000012,80.2295,2.528829568169702,6.5392601392406995,26.298129512280667,13.103647501437797,-0.9578990072041664,-2.8922664242910936,44.6197012896336,89.23134221956776,416
1467.0,13.092500000000012,80.2385,1.4229323146519823,2.9775892749038264,41.207826457396116,9.654464195542545,-0.0,-0.34296172768014077,54.91985051481433,109.40485444883643,367
1468.0,13.092500000000012,80.2475,0.0,4.820525993892712,75.87520333241837,16.10961273240528,-0.0,-0.632025041394181,96.17331701732218,190.20245191990273,255
1469.0,13.092500000000012,80.2565,0.0,5.659988161054094,105.69334107486077,25.862759868980532,-0.0,-1.455245656522657,135.76084344837273,267.7371974001832,175
1470.0,13.092500000000012,80.2655,3.4338606807020247,7.172497682296069,161.42857170449915,40.946649876061315,-3.9524624765490435,-3.926512671776952,205.10260479523257,403.54754732308567,94
1471.0,13.092500000000012,80.2745,10.753915470613592,13.850340751853121,218.82619389565025,79.25767467402679,-17.56942737223541,-7.406067925576789,297.71262949433157,584.9303045022533,31
1472.0,13.092500000000012,80.2835,10.387002544762401,23.421932938151354,212.976184171658,119.49065931409902,-26.221312976880533,-7.19190152136215,332.86256447042814,653.7737384754967,19
1473.0,13.092500000000012,80.2925,6.9581513441166845,20.175224937459,122.54772945402718,94.91227324999637,-17.25276996361615,-2.9007617752262265,224.4398472467569,441.4207944526014,73
1474.0,13.092500000000012,80.3015,1.931659745562802,7.317008463011948,45.29504932002831,30.685324571544324,-3.324887734975574,-0.0,81.9041543651718,162.25536872999598,290
1475.0,13.092500000000012,80.3105,0.0,0.0,0.4160775585443895,0.0,-0.0,-0.0,0.4160775585443895,2.6556699237643953,989
1476.0,13.092500000000012,80.3195,0.0,0.0,0.0,0.0,-0.0,-0.0,0.0,1.8407549616491528,1510
1477.0,13.092500000000012,80.3285,0.0,0.0,0.0,0.0,-0.0,-0.0,0.0,1.8407549616491528,1510
1478.0,13.092500000000012,80.3375,0.0,0.0,0.0,0.0,-0.0,-0.0,0.0,1.8407549616491528,1510
1479.0,13.092500000000012,80.3465,0.0,0.0,0.0,0.0,-0.0,-0.0,0.0,1.8407549616491528,1510
1480.0,13.092500000000012,80.3555,0.0,0.0,0.0,0.0,-0.0,-0.0,0.0,1.8407549616491528,1510
1481.0,13.092500000000012,80.3645,0.0,0.0,0.0,0.0,-0.0,-0.0,0.0,1.8407549616491528,1510
1482.0,13.092500000000012,80.3735,0.0,0.0,0.0,0.0,-0.0,-0.0,0.0,1.8407549616491528,1510
1483.0,13.092500000000012,80.38250000000001,0.0,0.0,0.0,0.0,-0.0,-0.0,0.0,1.8407549616491528,1510
1484.0,13.092500000000012,80.39150000000001,0.0,0.0,0.0,0.0,-0.0,-0.0,0.0,1.8407549616491528,1510
1485.0,13.092500000000012,80.40050000000001,0.0,0.0,0.0,0.0,-0.0,-0.0,0.0,1.8407549616491528,1510
1486.0,13.101500000000012,80.0045,0.0,0.0,0.0,0.0,-0.0,-0.0,0.0,1.8407549616491528,1510
1487.0,13.101500000000012,80.0135,0.0,0.0,0.0,0.0,-0.0,-0.0,0.0,1.8407549616491528,1510
1488.0,13.101500000000012,80.0225,0.0,0.0,0.0,0.0,-0.0,-0.0,0.0,1.8407549616491528,1510
1489.0,13.101500000000012,80.0315,0.0,0.0,0.0,0.0,-0.0,-0.0,0.0,1.8407549616491528,1510
1490.0,13.101500000000012,80.0405,0.0,0.0,0.0,0.0,-0.0,-0.0,0.0,1.8407549616491528,1510
1491.0,13.101500000000012,80.0495,0.0,0.0,0.0,0.0,-0.0,-0.0,0.0,1.8407549616491528,1510
1492.0,13.101500000000012,80.0585,0.0,0.0,0.0,0.0,-0.0,-0.0,0.0,1.8407549616491528,1510
1493.0,13.101500000000012,80.0675,0.0,0.0,0.0,0.0,-0.0,-0.0,0.0,1.8407549616491528,1510
1494.0,13.101500000000012,80.0765,0.0,0.0,0.0,0.0,-0.0,-0.0,0.0,1.8407549616491528,1510
1495.0,13.101500000000012,80.0855,0.6402635950338605,0.0,0.0,1.0069548700335107,-0.0,-0.0,1.6472184650673714,5.0669394685761135,901
1496.0,13.101500000000012,80.0945,2.1623226795458637,0.0,0.0,3.827939061672436,-0.0,-0.32700166053262425,5.663260080685675,12.932618195624483,729
1497.0,13.101500000000012,80.1035,2.8172022432868604,0.0,6.102036687773192,5.177628519312172,-0.0,-0.49491510322833676,13.601952347143888,28.48106337060062,610
1498.0,13.101500000000012,80.1125,1.4159612715594319,0.0,9.540350150533332,2.7339996448958925,-0.0,-0.2889803173589192,13.401330749629736,28.088132922465665,616
1499.0,13.101500000000012,80.1215,0.0,0.0,15.062168394108909,1.1779821902566632,-0.0,-0.3108934480542278,15.929257136311344,33.039241179396534,590
1500.0,13.101500000000012,80.1305,0.5723803008906099,0.0,23.163260657308598,2.2161784450869235,-0.0,-1.2689629880616276,24.682856415224506,50.18373474377728,531
1501.0,13.101500000000012,80.1395,0.0,1.0825563924747892,42.35619561677222,3.013941175946761,-0.46881413416665785,-2.3275337475651354,43.65634530346198,87.34454685929651,424
1502.0,13.101500000000012,80.1485,0.0,1.1356460893075355,64.06259895871122,3.355460959032419,-0.7489351904884373,-3.1548559690426328,64.64991484752011,128.46181833510155,334
1503.0,13.101500000000012,80.1575,0.0,6.337305047015546,67.44583695989039,1.0833262778700132,-0.4615773861626799,-3.4191382861607047,70.98575261245257,140.87096871139477,320
1504.0,13.101500000000012,80.1665,0.0,10.22355942438452,34.87106272942749,2.71286339992494,-0.0,-1.1766189625130228,46.63086659122393,93.17034027869553,406
1505.0,13.101500000000012,80.1755,0.0,9.028172682095867,16.15499909090275,9.392286964148836,-0.0,-0.39515365336565467,34.180305083781796,68.78510572135457,480
1506.0,13.101500000000012,80.1845,0.0,7.510291614560286,20.22196016248927,17.231431734371775,-0.4954566374633865,-1.6403636172994172,42.82786325665853,85.7219108821342,428
1507.0,13.101500000000012,80.1935,1.7903490859047704,7.980483316595333,25.555395493345724,23.91480101449841,-3.5551518604443064,-2.5834078065742556,53.10246924332567,105.84539501731767,372
1508.0,13.101500000000012,80.2025,5.4712205617203065,4.606305375564663,26.39360593204852,27.173222780388617,-8.711981415895679,-2.4340052901422817,52.498367943684144,104.66222332828598,375
1509.0,13.101500000000012,80.2115,6.980208302119875,1.7331672151359063,24.08845625283593,26.06798909255182,-9.058986350016673,-2.6314354645671822,47.17939904805967,94.24467677462455,400
1510.0,13.101500000000012,80.2205,4.854108741926277,2.4257085763163904,19.9190581130154,16.587318478763645,-4.88381137208186,-1.9832904438546537,36.919092094085194,74.14919822504821,459
1511.0,13.101500000000012,80.2295,2.7327701933046713,1.2123882973130924,15.134038247594397,9.075920871519685,-0.580278331223148,-0.902380280810288,26.67245899769841,54.0805008149715,513
1512.0,13.101500000000012,80.2385,1.5377185808429121,3.1376301827565953,36.077865135577724,10.673331499380584,-0.0,-0.0,51.42654539855782,102.56298915710994,381
1513.0,13.101500000000012,80.2475,0.0,5.289018612658051,103.22554587531815,15.224896370123549,-0.0,-0.7793433949603374,122.96011746313941,242.66614293668917,197
1514.0,13.101500000000012,80.2565,0.0,5.409716229976846,159.7980965396553,18.71346414014739,-0.0,-1.7943936846332136,182.12688322514632,358.5481021755058,121
1515.0,13.101500000000012,80.2655,0.9052575053361644,3.3025946840927087,242.94447066117135,20.36756489923018,-4.6724772068111164,-2.5386392183640654,260.30877132465525,511.67241534826815,50
1516.0,13.101500000000012,80.2745,3.223934398488093,5.583678422594428,310.85594314333775,54.69478106724724,-20.300910880983444,-4.152892971743057,349.90453317894094,687.1515426835678,17
1517.0,13.101500000000012,80.2835,4.869953936416132,11.66696977854091,308.3835758696741,96.64157808530913,-29.439262567079282,-3.5707975681315465,388.55201753472943,762.8451546145434,11
1518.0,13.101500000000012,80.2925,3.2341860765445976,10.598581845522652,195.07447545402758,81.38763000949471,-18.58619266212917,-1.1804731060760503,270.5282076173843,531.6878460493688,44
1519.0,13.101500000000012,80.3015,0.9656355671364685,3.8686602283575624,72.51630251242939,28.373266545957296,-3.7179388684761197,-0.0,102.00592598540459,201.62599596511905,243
1520.0,13.101500000000012,80.3105,0.0,0.0,8.178725650507443,1.174126665499973,-0.0,-0.0,9.352852316007416,20.15892457750818,668
1521.0,13.101500000000012,80.3195,0.0,0.0,0.0,0.0,-0.0,-0.0,0.0,1.8407549616491528,1510
1522.0,13.101500000000012,80.3285,0.0,0.0,0.0,0.0,-0.0,-0.0,0.0,1.8407549616491528,1510
1523.0,13.101500000000012,80.3375,0.0,0.0,0.0,0.0,-0.0,-0.0,0.0,1.8407549616491528,1510
1524.0,13.101500000000012,80.3465,0.0,0.0,0.0,0.0,-0.0,-0.0,0.0,1.8407549616491528,1510
1525.0,13.101500000000012,80.3555,0.0,0.0,0.0,0.0,-0.0,-0.0,0.0,1.8407549616491528,1510
1526.0,13.101500000000012,80.3645,0.0,0.0,0.0,0.0,-0.0,-0.0,0.0,1.8407549616491528,1510
1527.0,13.101500000000012,80.3735,0.0,0.0,0.0,0.0,-0.0,-0.0,0.0,1.8407549616491528,1510
1528.0,13.101500000000012,80.38250000000001,0.0,0.0,0.0,0.0,-0.0,-0.0,0.0,1.8407549616491528,1510
1529.0,13.101500000000012,80.39150000000001,0.0,0.0,0.0,0.0,-0.0,-0.0,0.0,1.8407549616491528,1510
1530.0,13.101500000000012,80.40050000000001,0.0,0.0,0.0,0.0,-0.0,-0.0,0.0,1.8407549616491528,1510
1531.0,13.110500000000012,80.0045,0.0,0.0,0.0,0.0,-0.0,-0.0,0.0,1.8407549616491528,1510
1532.0,13.110500000000012,80.0135,0.0,0.0,0.0,0.0,-0.0,-0.0,0.0,1.8407549616491528,1510
1533.0,13.110500000000012,80.0225,0.0,0.0,0.0,0.0,-0.0,-0.0,0.0,1.8407549616491528,1510
1534.0,13.110500000000012,80.0315,0.0,0.0,0.0,0.0,-0.0,-0.0,0.0,1.8407549616491528,1510
1535.0,13.110500000000012,80.0405,0.0,0.0,0.0,0.0,-0.0,-0.0,0.0,1.8407549616491528,1510
1536.0,13.110500000000012,80.0495,0.0,0.0,0.0,0.0,-0.0,-0.0,0.0,1.8407549616491528,1510
1537.0,13.110500000000012,80.0585,0.0,0.0,0.0,0.0,-0.0,-0.0,0.0,1.8407549616491528,1510
1538.0,13.110500000000012,80.0675,0.0,0.0,0.0,0.0,-0.0,-0.0,0.0,1.8407549616491528,1510
1539.0,13.110500000000012,80.0765,0.0,0.0,0.0,0.0,-0.0,-0.0,0.0,1.8407549616491528,1510
1540.0,13.110500000000012,80.0855,0.5157120514730026,0.0,0.0,0.8547334966040343,-0.0,-0.0,1.3704455480770368,4.524861707995231,918
1541.0,13.110500000000012,80.0945,2.1618871097711025,0.0,0.0,2.5615262665292065,-0.0,-1.0505979392957716,3.6728154370045374,9.03420289278413,806
1542.0,13.110500000000012,80.1035,3.1719296220966267,0.0,0.0,3.681760966008567,-0.0,-1.5900498932643388,5.263640694840855,12.149937635260867,748
1543.0,13.110500000000012,80.1125,1.8888357735060333,0.0,2.1230635467417063,2.778345701566692,-0.0,-0.9284463248500942,5.861798696964337,13.32146898952251,722
1544.0,13.110500000000012,80.1215,1.2989464708527774,0.0,16.36792661850515,2.242114169113674,-0.0,-0.0,19.9089872584716,40.83380148463135,566
1545.0,13.110500000000012,80.1305,2.135227841530169,2.9132151001345474,30.001786073660668,3.427415548944909,-1.0024846832364591,-0.74493007537334,36.73022980566049,73.77929914864754,461
1546.0,13.110500000000012,80.1395,3.751178903969817,4.675559036647431,28.481965775956997,8.725150875684912,-4.868696406696863,-5.185445865909906,35.57971231965239,71.52593581705321,472
1547.0,13.110500000000012,80.1485,4.78751656478761,3.844281834592558,38.107034218499955,13.726503601171284,-6.624082263346565,-10.124412842992513,43.71684111271233,87.46303183665471,422
1548.0,13.110500000000012,80.1575,3.48579179548951,2.3675160166695477,35.29281158699176,9.419587849448533,-3.79426456647429,-8.487112147511201,38.28433053461386,76.82310651256523,448
1549.0,13.110500000000012,80.1665,0.8299934004147826,4.002055490484037,19.44027357512567,2.976388890320921,-0.4542309246575672,-2.4592940530163845,24.33518637867146,49.50280036303969,533
1550.0,13.110500000000012,80.1755,0.0,2.792393635961445,3.9233522080582475,2.801524384718874,-0.0,-0.0,9.517270228738568,20.480947754132064,663
1551.0,13.110500000000012,80.1845,0.0,3.5544186768973898,5.284213026018694,4.966857021225302,-0.0,-0.2724365769239069,13.533052147217479,28.346117847440972,613
1552.0,13.110500000000012,80.1935,1.2836203677795328,4.846770317155121,17.32607550157434,10.4689112280168,-3.130683695179591,-0.9208304551630234,29.873863264183182,60.350659305770485,496
1553.0,13.110500000000012,80.2025,4.0228238750189576,2.2071393071489775,21.875798811627195,19.967677477385916,-8.096780626292386,-0.9145769087362015,39.06208193615246,78.3463832212087,441
1554.0,13.110500000000012,80.2115,4.873608129184932,0.0,15.739570021042269,22.38314778808054,-9.307376238501853,-0.2792975716328972,33.409652128172986,67.27573178078201,485
1555.0,13.110500000000012,80.2205,3.033745121865918,0.0,13.080784827382521,13.063084825279642,-4.299388797083301,-0.0,24.878225977444778,50.56637873917127,529
1556.0,13.110500000000012,80.2295,1.0958077750573414,1.377754829629563,10.684526091126882,6.590958516005959,-0.0,-0.0,19.749047211819747,40.52054849998594,568
1557.0,13.110500000000012,80.2385,0.6166194225762798,5.32421409244316,31.524373334179735,10.366014772935403,-0.0,-0.0,47.83122162213458,95.52131368365755,399
1558.0,13.110500000000012,80.2475,0.0,8.520065888391231,103.37482662072381,14.195062854407356,-0.0,-0.3565916691292518,125.73336369439313,248.0977260660092,194
1559.0,13.110500000000012,80.2565,0.0,7.187666617658557,165.3583950216329,12.709577865480066,-0.0,-0.8210070887304646,184.43463241604107,363.0679790730935,116
1560.0,13.110500000000012,80.2655,0.0,3.547625428071626,217.17260711313378,10.469611297230598,-1.1978035797824154,-0.7292306368533704,229.26280962180022,450.86687997303056,71
1561.0,13.110500000000012,80.2745,0.0,1.9063641731751142,244.1899388267196,24.922786887264593,-9.459660770010984,-0.7914739426489978,260.7679551744993,512.5717567857364,49
1562.0,13.110500000000012,80.2835,0.5735969054380928,2.3808742026805616,212.72780778583422,48.22455424583036,-13.636495494738039,-0.8531048101862395,249.417232834859,490.3406287774187,56
1563.0,13.110500000000012,80.2925,0.6559544615538305,1.3604086211064803,121.94000952862433,42.225722418992355,-7.708868437501039,-0.0,158.47322659277597,312.22087711225214,140
1564.0,13.110500000000012,80.3015,0.0,0.5789849379493035,43.863512470160266,15.486079685479723,-0.4408509937467715,-0.0,59.48772609984252,118.35133589893671,351
1565.0,13.110500000000012,80.3105,0.0,0.0,4.906099608619751,2.04359786491694,-0.0,-0.0,6.949697473536691,15.452189505661805,705
1566.0,13.110500000000012,80.3195,0.0,0.0,0.0,0.0,-0.0,-0.0,0.0,1.8407549616491528,1510
1567.0,13.110500000000012,80.3285,0.0,0.0,0.0,0.0,-0.0,-0.0,0.0,1.8407549616491528,1510
1568.0,13.110500000000012,80.3375,0.0,0.0,0.0,0.0,-0.0,-0.0,0.0,1.8407549616491528,1510
1569.0,13.110500000000012,80.3465,0.0,0.0,0.0,0.0,-0.0,-0.0,0.0,1.8407549616491528,1510
1570.0,13.110500000000012,80.3555,0.0,0.0,0.0,0.0,-0.0,-0.0,0.0,1.8407549616491528,1510
1571.0,13.110500000000012,80.3645,0.0,0.0,0.0,0.0,-0.0,-0.0,0.0,1.8407549616491528,1510
1572.0,13.110500000000012,80.3735,0.0,0.0,0.0,0.0,-0.0,-0.0,0.0,1.8407549616491528,1510
1573.0,13.110500000000012,80.38250000000001,0.0,0.0,0.0,0.0,-0.0,-0.0,0.0,1.8407549616491528,1510
1574.0,13.110500000000012,80.39150000000001,0.0,0.0,0.0,0.0,-0.0,-0.0,0.0,1.8407549616491528,1510
1575.0,13.110500000000012,80.40050000000001,0.0,0.0,0.0,0.0,-0.0,-0.0,0.0,1.8407549616491528,1510
1576.0,13.119500000000013,80.0045,0.0,0.0,0.0,0.0,-0.0,-0.0,0.0,1.8407549616491528,1510
1577.0,13.119500000000013,80.0135,0.0,0.0,0.0,0.0,-0.0,-0.0,0.0,1.8407549616491528,1510
1578.0,13.119500000000013,80.0225,0.0,0.0,0.0,0.0,-0.0,-0.0,0.0,1.8407549616491528,1510
1579.0,13.119500000000013,80.0315,0.0,0.0,0.0,0.0,-0.0,-0.0,0.0,1.8407549616491528,1510
1580.0,13.119500000000013,80.0405,0.0,0.0,0.0,0.0,-0.0,-0.0,0.0,1.8407549616491528,1510
1581.0,13.119500000000013,80.0495,0.0,0.0,0.0,0.0,-0.0,-0.0,0.0,1.8407549616491528,1510
1582.0,13.119500000000013,80.0585,0.0,0.0,0.0,0.0,-0.0,-0.0,0.0,1.8407549616491528,1510
1583.0,13.119500000000013,80.0675,0.0,0.0,0.0,0.0,-0.0,-0.0,0.0,1.8407549616491528,1510
1584.0,13.119500000000013,80.0765,0.0,0.0,0.0,0.0,-0.0,-0.0,0.0,1.8407549616491528,1510
1585.0,13.119500000000013,80.0855,0.0,0.0,0.0,0.0,-0.0,-0.31929329546695856,-0.31929329546695856,1.215398274089787,2022
1586.0,13.119500000000013,80.0945,2.435510979600569,0.0,0.0,0.5887136691126278,-0.0,-1.252479360554115,1.7717452881590818,5.310833351430856,891
1587.0,13.119500000000013,80.1035,5.735191560705491,0.0,0.0,2.346360759310157,-0.0,-1.8955630763891516,6.185989243626496,13.95641726208869,718
1588.0,13.119500000000013,80.1125,5.065670581944557,0.0,3.4708190264804655,4.372232344310826,-0.0,-1.1068602389424431,11.801861713793405,24.95546877854258,632
1589.0,13.119500000000013,80.1215,3.2531630045521642,1.1225070983716277,14.43283229503239,5.936168828617469,-0.4214092226626543,-0.0,24.323262003910997,49.47944569945205,534
1590.0,13.119500000000013,80.1305,3.9482211258195177,4.669501870909879,23.579593707242758,7.820345804208249,-2.682181358599536,-0.6366455898351655,36.6988355597457,73.71781147598914,463
1591.0,13.119500000000013,80.1395,7.504290802478297,7.495820105558786,20.23582034270688,15.161930851250654,-7.944049638505479,-7.888703663615329,34.5651087998738,69.53876882882415,477
1592.0,13.119500000000013,80.1485,10.486773597217802,6.917875742269351,13.102685230974169,22.67012819185881,-10.558057246692423,-16.064828192394184,26.554577323233527,53.84962188793516,514
1593.0,13.119500000000013,80.1575,7.576101845995632,5.576028590191239,15.626728262249529,19.28771328405202,-6.411792922829923,-13.663029425448526,27.991749634209974,56.66441733965261,503
1594.0,13.119500000000013,80.1665,1.817200345982982,3.416447153888982,8.487967819243636,7.331777532097085,-1.60878754308732,-4.698193994298291,14.746411313827075,30.72256069802156,601
1595.0,13.119500000000013,80.1755,0.0,0.6259594614506442,3.024770397299092,1.494955984240206,-0.0,-0.6269110854150197,4.518774757574922,10.691069247425807,768
1596.0,13.119500000000013,80.1845,0.0,0.9195001662314727,14.180924493560557,1.6011413082202215,-0.9593248885533249,-0.29358191937023675,15.448659160088688,32.097958782536956,596
1597.0,13.119500000000013,80.1935,0.0,2.362833745550822,41.878074558321394,5.2708648158203495,-4.7573373164091475,-3.61734529200633,41.13709051127709,82.4104224842301,435
1598.0,13.119500000000013,80.2025,1.605600855844102,1.1057588656531485,52.755221134306176,14.666504278282883,-9.874870092783773,-5.332601827612764,54.92561321368978,109.41614106941793,366
1599.0,13.119500000000013,80.2115,1.921956537638052,0.0,31.307556825268698,15.348558636307965,-7.90084398162189,-3.0336020342757672,37.64362598331706,75.56824497431336,452
1600.0,13.119500000000013,80.2205,0.6067313128948424,0.0,9.04772735141811,7.305891331492345,-1.7928805947412465,-0.0,15.167469401064052,31.547230349539017,600
1601.0,13.119500000000013,80.2295,2.38465133068303,0.8783473919265748,5.956684178486528,6.022136706556112,-0.0,-0.0,15.241819607652246,31.692850065240698,599
1602.0,13.119500000000013,80.2385,3.0176035491715454,3.396702645721735,13.771336269303127,7.7396378698894726,-0.0,-0.0,27.925280334085876,56.53423289187332,504
1603.0,13.119500000000013,80.2475,1.8191321751053264,5.731387811024829,51.664719133013065,9.569338780790112,-0.0,-0.0,68.78457789993334,136.55982486182742,327
1604.0,13.119500000000013,80.2565,0.5312855930801069,5.362130981244873,87.26656998224817,8.886001529847402,-0.0,-0.0,102.04598808642056,201.70446019579256,242
1605.0,13.119500000000013,80.2655,0.0,2.7040314221020663,96.72420375349645,5.597154948679039,-0.0,-0.0,105.02539012427755,207.5398128817204,232
1606.0,13.119500000000013,80.2745,0.0,1.5164216644757988,97.95928035704165,9.57316477534756,-0.8569372394068613,-0.0,108.19192955745815,213.741686328715,223
1607.0,13.119500000000013,80.2835,0.0,1.7121980176479323,72.92419896081651,16.49053708673847,-0.9407113265466875,-0.0,90.18622273865623,178.47633834543336,268
1608.0,13.119500000000013,80.2925,0.0,1.1775861581179143,43.07656742679212,16.106179506406768,-0.0,-0.0,60.3603330913168,120.06039345033766,348
1609.0,13.119500000000013,80.3015,0.0,0.0,22.500423121591922,6.675561944579981,-0.0,-0.0,29.175985066171904,58.98381946157653,501
1610.0,13.119500000000013,80.3105,0.0,0.0,4.550058897139671,1.0244790328719586,-0.0,-0.0,5.57453793001163,12.7588500926096,737
1611.0,13.119500000000013,80.3195,0.0,0.0,0.0,0.0,-0.0,-0.0,0.0,1.8407549616491528,1510
1612.0,13.119500000000013,80.3285,0.0,0.0,0.0,0.0,-0.0,-0.0,0.0,1.8407549616491528,1510
1613.0,13.119500000000013,80.3375,0.0,0.0,0.0,0.0,-0.0,-0.0,0.0,1.8407549616491528,1510
1614.0,13.119500000000013,80.3465,0.0,0.0,0.0,0.0,-0.0,-0.0,0.0,1.8407549616491528,1510
1615.0,13.119500000000013,80.3555,0.0,0.0,0.0,0.0,-0.0,-0.0,0.0,1.8407549616491528,1510
1616.0,13.119500000000013,80.3645,0.0,0.0,0.0,0.0,-0.0,-0.0,0.0,1.8407549616491528,1510
1617.0,13.119500000000013,80.3735,0.0,0.0,0.0,0.0,-0.0,-0.0,0.0,1.8407549616491528,1510
1618.0,13.119500000000013,80.38250000000001,0.0,0.0,0.0,0.0,-0.0,-0.0,0.0,1.8407549616491528,1510
1619.0,13.119500000000013,80.39150000000001,0.0,0.0,0.0,0.0,-0.0,-0.0,0.0,1.8407549616491528,1510
1620.0,13.119500000000013,80.40050000000001,0.0,0.0,0.0,0.0,-0.0,-0.0,0.0,1.8407549616491528,1510
1621.0,13.128500000000013,80.0045,0.0,0.0,0.0,0.0,-0.0,-0.0,0.0,1.8407549616491528,1510
1622.0,13.128500000000013,80.0135,0.0,0.0,0.0,0.0,-0.0,-0.0,0.0,1.8407549616491528,1510
1623.0,13.128500000000013,80.0225,0.0,0.0,0.0,0.0,-0.0,-0.0,0.0,1.8407549616491528,1510
1624.0,13.128500000000013,80.0315,0.0,0.0,0.0,0.0,-0.0,-0.0,0.0,1.8407549616491528,1510
1625.0,13.128500000000013,80.0405,0.0,0.0,0.0,0.0,-0.0,-0.0,0.0,1.8407549616491528,1510
1626.0,13.128500000000013,80.0495,0.0,0.0,0.0,0.0,-0.0,-0.0,0.0,1.8407549616491528,1510
1627.0,13.128500000000013,80.0585,0.0,0.0,0.0,0.0,-0.0,-0.0,0.0,1.8407549616491528,1510
1628.0,13.128500000000013,80.0675,0.0,0.0,0.0,0.0,-0.0,-0.0,0.0,1.8407549616491528,1510
1629.0,13.128500000000013,80.0765,0.0,0.0,0.0,0.0,-0.0,-0.0,0.0,1.8407549616491528,1510
1630.0,13.128500000000013,80.0855,0.0,0.0,0.0,0.0,-0.0,-0.0,0.0,1.8407549616491528,1510
1631.0,13.128500000000013,80.0945,3.333685136898665,0.0,0.9939344106964167,0.0,-0.0,-0.5540528040680636,3.773566743527018,9.231530879962916,797
1632.0,13.128500000000013,80.1035,7.623249174901421,0.0,2.4784753294965256,1.321759281613728,-0.0,-0.8385177725948542,10.584966013416821,22.572099396546005,652
1633.0,13.128500000000013,80.1125,7.170875337538441,0.0,4.4970368127814595,4.225918967881886,-0.0,-0.48963822969930226,15.404192888502482,32.010868697333,597
1634.0,13.128500000000013,80.1215,3.7255791839397125,0.0,8.41211038848289,8.436642573589488,-0.0,-0.0,20.57433214601209,42.13692272414369,560
1635.0,13.128500000000013,80.1305,1.9378592012593225,2.7782471577608128,9.792245376881695,9.954650326455127,-1.2071197192876582,-0.0,23.2558823430693,47.38891320613423,539
1636.0,13.128500000000013,80.1395,5.94600236206219,4.460756638408709,6.697752603444494,14.428453991893358,-4.986786249913405,-5.857057708310636,20.689121637584705,42.361745409854926,558
1637.0,13.128500000000013,80.1485,8.743822222204418,6.187151476981587,7.651761409645797,20.289160300617297,-6.506977835773247,-11.785805343132484,24.579112230543362,49.980545010053405,532
1638.0,13.128500000000013,80.1575,6.3531628059700544,6.39653315031928,8.670335333562075,18.56198564135261,-3.6052671279412123,-10.48146044265173,25.895289360611073,52.55836352984664,522
1639.0,13.128500000000013,80.1665,1.3812021249180721,4.654104943512549,5.569972833555385,9.034643714299657,-0.47546170153220896,-4.6020334081002705,15.562428506653186,32.320783447894605,593
1640.0,13.128500000000013,80.1755,0.0,1.3187165320499037,2.3017186171195867,2.1518539704502855,-0.0,-1.4943292288074423,4.277959890812333,10.219417667102263,775
1641.0,13.128500000000013,80.1845,0.0,1.4062349380463626,17.796116720305918,1.5604060814437606,-1.544092483923482,-1.8660372271442875,17.352628028728276,35.827005655153854,583
1642.0,13.128500000000013,80.1935,0.0,2.4825634261124776,53.59549230772839,6.270754134376992,-5.783077319922416,-5.284161510462195,51.281571037833245,102.27904744179405,382
1643.0,13.128500000000013,80.2025,0.0,1.691077792797919,64.57504582814735,11.112732179312951,-8.357608953416714,-7.802031098817302,61.219215748024205,121.74257099940027,345
1644.0,13.128500000000013,80.2115,0.0,0.44447525165740515,35.53064578844683,9.621705267063497,-5.070192788591807,-4.4454663070539,36.081167211522036,72.50806783984258,469
1645.0,13.128500000000013,80.2205,1.6179162863232222,0.0,7.552598670535978,4.823634628411027,-0.0,-0.0,13.994149585270229,29.249207171885043,608
1646.0,13.128500000000013,80.2295,6.925397855767949,0.0,3.6071660990474097,4.200546588597153,-0.0,-0.0,14.733110543412511,30.696510274017907,602
1647.0,13.128500000000013,80.2385,9.521674115950722,0.3951019685816042,3.473146948662606,4.663905959244264,-0.0,-0.0,18.053828992439197,37.20035335209938,578
1648.0,13.128500000000013,80.2475,6.430130470775932,1.4573209743768154,5.340369800798122,4.93840979326432,-0.0,-0.0,18.16623103921519,37.42050007188543,577
1649.0,13.128500000000013,80.2565,2.3504325028250843,1.2851921604610663,13.466244189967234,4.647833651773124,-0.0,-0.0,21.74970250502651,44.438962024072495,551
1650.0,13.128500000000013,80.2655,0.6986731370626377,0.9924511075249527,19.293608142204167,3.7740441309749198,-0.0,-0.0,24.758776517766677,50.33242920281847,530
1651.0,13.128500000000013,80.2745,0.0,1.3828405583349084,24.274194186578455,4.0728830078202565,-0.0,-0.0,29.72991775273362,60.06873265868106,497
1652.0,13.128500000000013,80.2835,0.0,2.46488624168121,33.109730337775474,8.133178931275374,-0.0,-0.0,43.70779551073206,87.44531543680645,423
1653.0,13.128500000000013,80.2925,0.0,1.6952802362038586,41.93090283532996,9.897837765211188,-0.0,-0.0,53.524020836745,106.67103123279331,370
1654.0,13.128500000000013,80.3015,0.0,0.44988961039051756,25.074949895959833,5.461621807401324,-0.0,-0.0,30.986461313751676,62.52975495463345,492
1655.0,13.128500000000013,80.3105,0.0,0.0,4.293816865794893,0.3828167140035758,-0.0,-0.0,4.676633579798469,11.000246018655428,764
1656.0,13.128500000000013,80.3195,0.0,0.0,0.0,0.0,-0.0,-0.0,0.0,1.8407549616491528,1510
1657.0,13.128500000000013,80.3285,0.0,0.0,0.0,0.0,-0.0,-0.0,0.0,1.8407549616491528,1510
1658.0,13.128500000000013,80.3375,0.0,0.0,0.0,0.0,-0.0,-0.0,0.0,1.8407549616491528,1510
1659.0,13.128500000000013,80.3465,0.0,0.0,0.0,0.0,-0.0,-0.0,0.0,1.8407549616491528,1510
1660.0,13.128500000000013,80.3555,0.0,0.0,0.0,0.0,-0.0,-0.0,0.0,1.8407549616491528,1510
1661.0,13.128500000000013,80.3645,0.0,0.0,0.0,0.0,-0.0,-0.0,0.0,1.8407549616491528,1510
1662.0,13.128500000000013,80.3735,0.0,0.0,0.0,0.0,-0.0,-0.0,0.0,1.8407549616491528,1510
1663.0,13.128500000000013,80.38250000000001,0.0,0.0,0.0,0.0,-0.0,-0.0,0.0,1.8407549616491528,1510
1664.0,13.128500000000013,80.39150000000001,0.0,0.0,0.0,0.0,-0.0,-0.0,0.0,1.8407549616491528,1510
1665.0,13.128500000000013,80.40050000000001,0.0,0.0,0.0,0.0,-0.0,-0.0,0.0,1.8407549616491528,1510
1666.0,13.137500000000014,80.0045,0.0,0.0,0.0,0.0,-0.0,-0.0,0.0,1.8407549616491528,1510
1667.0,13.137500000000014,80.0135,0.0,0.0,0.0,0.0,-0.0,-0.0,0.0,1.8407549616491528,1510
1668.0,13.137500000000014,80.0225,0.0,0.0,0.0,0.0,-0.0,-0.0,0.0,1.8407549616491528,1510
1669.0,13.137500000000014,80.0315,0.0,0.0,0.0,0.0,-0.0,-0.0,0.0,1.8407549616491528,1510
1670.0,13.137500000000014,80.0405,0.0,0.0,0.0,0.0,-0.0,-0.0,0.0,1.8407549616491528,1510
1671.0,13.137500000000014,80.0495,0.0,0.0,0.0,0.0,-0.0,-0.0,0.0,1.8407549616491528,1510
1672.0,13.137500000000014,80.0585,0.0,0.0,0.0,0.0,-0.0,-0.0,0.0,1.8407549616491528,1510
1673.0,13.137500000000014,80.0675,0.0,0.0,0.0,0.0,-0.0,-0.0,0.0,1.8407549616491528,1510
1674.0,13.137500000000014,80.0765,0.0,0.0,0.0,0.0,-0.0,-0.0,0.0,1.8407549616491528,1510
1675.0,13.137500000000014,80.0855,0.0,0.0,0.7527832654392376,0.0,-0.0,-0.0,0.7527832654392376,3.315129951693126,967
1676.0,13.137500000000014,80.0945,2.0367006283039295,0.0,2.2893680794519375,0.0,-0.0,-0.0,4.3260687077558675,10.313641914317383,773
1677.0,13.137500000000014,80.1035,4.688962545106767,0.0,3.7473165114094735,0.8494010132249595,-0.0,-0.0,9.2856800697412,20.027363363986524,669
1678.0,13.137500000000014,80.1125,4.481986897048941,0.0,5.322677080324585,1.96810593438899,-0.0,-0.0,11.772769911762516,24.89849059199293,633
1679.0,13.137500000000014,80.1215,1.5322445272889094,0.0,4.767367239052957,5.663429326226934,-0.0,-0.0,11.963041092568801,25.271149075764132,630
1680.0,13.137500000000014,80.1305,0.0,0.0,2.2522376233760397,7.337037174519455,-0.0,-0.0,9.589274797895495,20.62197338635294,662
1681.0,13.137500000000014,80.1395,1.4464904089410686,0.3464291961453409,0.5805010700865678,6.889912825012951,-0.4950165012588266,-0.6030940641871695,8.165222934739933,17.832875185110378,690
1682.0,13.137500000000014,80.1485,3.0042261026077606,2.210100129443078,3.2881786069146997,7.889228674443437,-1.0202602464805153,-2.6282579647204827,12.743215302207979,26.799171011663788,619
1683.0,13.137500000000014,80.1575,1.253296540688707,4.379185839690667,4.035044630932994,8.130601710880223,-0.0,-2.2610667983750052,15.537061923817586,32.27110134544528,595
1684.0,13.137500000000014,80.1665,0.0,3.081495179978049,2.099838784668164,4.718391433665115,-0.0,-1.9080222158667002,7.991703182444627,17.493025463672225,693
1685.0,13.137500000000014,80.1755,0.0,0.39147229766905295,0.0,1.0163994639883394,-0.0,-1.3216996860103343,0.08617207564705809,2.009528576854411,999
1686.0,13.137500000000014,80.1845,0.0,0.7980130200687476,4.775925916320186,0.0,-0.0,-0.42893867397410257,5.145000262414831,11.91757263140432,750
1687.0,13.137500000000014,80.1935,0.0,1.4087809118264856,29.728466996123103,4.0862853072449,-2.76401384590731,-2.9555444081857596,29.503974961101427,59.62620900485242,500
1688.0,13.137500000000014,80.2025,0.0,0.9596497689532215,35.82766816237684,7.025458200232002,-4.001299331482802,-4.370191963006488,35.44128483707277,71.25481658842497,473
1689.0,13.137500000000014,80.2115,0.0,0.0,17.06702412339174,5.667548537297497,-2.23520325723619,-2.4937234132720096,18.005645990181037,37.1059838081202,580
1690.0,13.137500000000014,80.2205,2.187403947539825,0.0,3.670832505147639,2.959900198290374,-0.0,-0.0,8.818136650977838,19.11164916704281,677
1691.0,13.137500000000014,80.2295,7.910640915902306,0.0,2.6701215119494215,3.5455555122638147,-0.0,-0.0,14.126317940115541,29.508067491721572,606
1692.0,13.137500000000014,80.2385,11.015314279624093,0.0,1.0705222632968652,4.7436892802705355,-0.0,-0.0,16.829525823191496,34.80247596050096,585
1693.0,13.137500000000014,80.2475,7.67543489768834,0.0,0.7384644760210736,3.2846366880738564,-0.0,-0.0,11.698536061783269,24.75309876827828,636
1694.0,13.137500000000014,80.2565,2.535745381106902,0.0,1.272489709571854,1.6230135843980853,-0.0,-0.0,5.431248675076841,12.478208766590459,742
1695.0,13.137500000000014,80.2655,0.9298263599940066,0.0,3.1665895244389466,1.524589129124302,-0.0,-0.0,5.621005013557255,12.849858898178597,733
1696.0,13.137500000000014,80.2745,0.0,0.7387034694852319,10.930847634923682,2.084752821570447,-0.0,-0.0,13.754303925979361,28.779453847436834,609
1697.0,13.137500000000014,80.2835,0.0,1.316696771831759,29.77755250653435,6.331669853017182,-0.0,-0.0,37.42591913138329,75.14185194408962,455
1698.0,13.137500000000014,80.2925,0.0,0.9055997788189908,40.85675334262097,10.254936489395643,-0.0,-0.0,52.017289610835604,103.72000012172988,377
1699.0,13.137500000000014,80.3015,0.0,0.0,22.983537786343625,6.67766927131319,-0.0,-0.0,29.661207057656817,59.93415829309568,499
1700.0,13.137500000000014,80.3105,0.0,0.0,2.2744092604525887,1.3174315788359787,-0.0,-0.0,3.5918408392885675,8.875608876176125,808
1701.0,13.137500000000014,80.3195,0.0,0.0,0.0,0.0,-0.0,-0.0,0.0,1.8407549616491528,1510
1702.0,13.137500000000014,80.3285,0.0,0.0,0.0,0.0,-0.0,-0.0,0.0,1.8407549616491528,1510
1703.0,13.137500000000014,80.3375,0.0,0.0,0.0,0.0,-0.0,-0.0,0.0,1.8407549616491528,1510
1704.0,13.137500000000014,80.3465,0.0,0.0,0.0,0.0,-0.0,-0.0,0.0,1.8407549616491528,1510
1705.0,13.137500000000014,80.3555,0.0,0.0,0.0,0.0,-0.0,-0.0,0.0,1.8407549616491528,1510
1706.0,13.137500000000014,80.3645,0.0,0.0,0.0,0.0,-0.0,-0.0,0.0,1.8407549616491528,1510
1707.0,13.137500000000014,80.3735,0.0,0.0,0.0,0.0,-0.0,-0.0,0.0,1.8407549616491528,1510
1708.0,13.137500000000014,80.38250000000001,0.0,0.0,0.0,0.0,-0.0,-0.0,0.0,1.8407549616491528,1510
1709.0,13.137500000000014,80.39150000000001,0.0,0.0,0.0,0.0,-0.0,-0.0,0.0,1.8407549616491528,1510
1710.0,13.137500000000014,80.40050000000001,0.0,0.0,0.0,0.0,-0.0,-0.0,0.0,1.8407549616491528,1510
1711.0,13.146500000000014,80.0045,0.0,0.0,0.0,0.0,-0.0,-0.0,0.0,1.8407549616491528,1510
1712.0,13.146500000000014,80.0135,0.0,0.0,0.0,0.0,-0.0,-0.0,0.0,1.8407549616491528,1510
1713.0,13.146500000000014,80.0225,0.0,0.0,0.0,0.0,-0.0,-0.0,0.0,1.8407549616491528,1510
1714.0,13.146500000000014,80.0315,0.0,0.0,0.0,0.0,-0.0,-0.0,0.0,1.8407549616491528,1510
1715.0,13.146500000000014,80.0405,0.0,0.0,0.0,0.0,-0.0,-0.0,0.0,1.8407549616491528,1510
1716.0,13.146500000000014,80.0495,0.0,0.0,0.0,0.0,-0.0,-0.0,0.0,1.8407549616491528,1510
1717.0,13.146500000000014,80.0585,0.0,0.0,0.0,0.0,-0.0,-0.0,0.0,1.8407549616491528,1510
1718.0,13.146500000000014,80.0675,0.0,0.0,0.0,0.0,-0.0,-0.0,0.0,1.8407549616491528,1510
1719.0,13.146500000000014,80.0765,0.0,0.0,0.0,0.0,-0.0,-0.0,0.0,1.8407549616491528,1510
1720.0,13.146500000000014,80.0855,0.0,0.0,0.6434147268042811,0.0,-0.0,-0.0,0.6434147268042811,3.100924554915408,973
1721.0,13.146500000000014,80.0945,0.0,0.0,1.9566766479061537,0.27518193155398607,-0.0,-0.0,2.2318585794601398,6.211995160448055,870
1722.0,13.146500000000014,80.1035,0.6050005872158603,0.0,2.8005395465424914,1.1209806900827768,-0.0,-0.0,4.526520823841128,10.706240422049957,767
1723.0,13.146500000000014,80.1125,0.9918860096008195,0.0,2.7125489432441086,1.7622440754412299,-0.0,-0.0,5.466679028286158,12.54760141791323,741
1724.0,13.146500000000014,80.1215,0.0,0.0,1.8406946673006708,2.228063862405995,-0.0,-0.0,4.068758529706666,9.809683193903814,784
1725.0,13.146500000000014,80.1305,0.0,0.0,1.0041295527437046,2.274421026860401,-0.0,-0.0,3.2785505796041052,8.262009524663393,819
1726.0,13.146500000000014,80.1395,0.0,0.0,1.63536461911675,1.7282195925662,-0.0,-0.0,3.3635842116829497,8.428553424090403,813
1727.0,13.146500000000014,80.1485,0.412667109253037,0.39571755919328067,3.096918968641667,0.34999365722223,-0.0,-0.0,4.255297294310215,10.175031497767476,778
1728.0,13.146500000000014,80.1575,0.0,1.2219115665338676,2.563186118067128,1.2676962498385336,-0.0,-0.0,5.05279393443953,11.736980540517107,753
1729.0,13.146500000000014,80.1665,0.0,0.8401316209082693,0.9549926865721824,1.1148214506637724,-0.0,-0.5157532125525465,2.394192545591678,6.529936792106581,861
1730.0,13.146500000000014,80.1755,0.0,0.0,0.0,0.0,-0.0,-0.4337750156355338,-0.4337750156355338,0.991178378692306,2024
1731.0,13.146500000000014,80.1845,0.0,0.0,2.9731317855134947,0.0,-0.0,-0.0,2.9731317855134947,7.663826950514588,827
1732.0,13.146500000000014,80.1935,0.0,0.0,8.096673636197012,1.0823402017363335,-0.0,-0.0,9.179013837933345,19.81845061090085,671
1733.0,13.146500000000014,80.2025,0.0,0.0,8.836070114908454,2.8127531221141164,-0.4552989138198495,-0.6284185239362845,10.565105799266437,22.533201875327652,653
1734.0,13.146500000000014,80.2115,0.0,0.0,4.119133635395145,2.1869888764616947,-0.0,-0.0,6.30612251185684,14.19170608196929,716
1735.0,13.146500000000014,80.2205,0.5571338418296949,0.0,3.6754001611302742,1.4190944559176137,-0.0,-0.0,5.651628458877584,12.909836907736139,731
1736.0,13.146500000000014,80.2295,4.031570611125263,0.0,4.847798483446994,2.6280317766503143,-0.0,-0.0,11.50740087122257,24.378748065203666,638
1737.0,13.146500000000014,80.2385,5.645025781418654,0.0,3.9759449670061144,3.9479936979218015,-0.0,-0.0,13.56896444634657,28.41645442119572,611
1738.0,13.146500000000014,80.2475,3.5621906177374365,0.0,1.8711148901948769,2.454260101769906,-0.0,-0.0,7.88756560970222,17.289065253842505,694
1739.0,13.146500000000014,80.2565,1.2521690313360323,0.0,0.49811421920736443,1.030386471519056,-0.0,-0.0,2.780669722062453,7.286877480577977,835
1740.0,13.146500000000014,80.2655,0.4591716272348265,0.0,0.4095630218177132,0.487497970459392,-0.0,-0.0,1.3562326195119319,4.497024762922541,919
1741.0,13.146500000000014,80.2745,0.0,0.0,2.5031340505379442,0.38592025017262066,-0.0,-0.0,2.8890543007105647,7.49915572771992,830
1742.0,13.146500000000014,80.2835,0.0,0.0,15.652124951529554,4.805350228672392,-0.0,-0.0,20.457475180201946,41.90805075565967,561
1743.0,13.146500000000014,80.2925,0.0,0.0,23.269160463582597,11.014840928634579,-0.0,-0.0,34.28400139221718,68.98820168633702,479
1744.0,13.146500000000014,80.3015,0.0,0.0,14.193786451480328,10.006740499893809,-0.0,-0.0,24.200526951374137,49.23906111577445,535
1745.0,13.146500000000014,80.3105,0.0,0.0,2.401500402225073,2.6133826258476187,-0.0,-0.0,5.014883028072692,11.662729564488105,755
1746.0,13.146500000000014,80.3195,0.0,0.0,0.0,0.0,-0.0,-0.0,0.0,1.8407549616491528,1510
1747.0,13.146500000000014,80.3285,0.0,0.0,0.0,0.0,-0.0,-0.0,0.0,1.8407549616491528,1510
1748.0,13.146500000000014,80.3375,0.0,0.0,0.0,0.0,-0.0,-0.0,0.0,1.8407549616491528,1510
1749.0,13.146500000000014,80.3465,0.0,0.0,0.0,0.0,-0.0,-0.0,0.0,1.8407549616491528,1510
1750.0,13.146500000000014,80.3555,0.0,0.0,0.0,0.0,-0.0,-0.0,0.0,1.8407549616491528,1510
1751.0,13.146500000000014,80.3645,0.0,0.0,0.0,0.0,-0.0,-0.0,0.0,1.8407549616491528,1510
1752.0,13.146500000000014,80.3735,0.0,0.0,0.0,0.0,-0.0,-0.0,0.0,1.8407549616491528,1510
1753.0,13.146500000000014,80.38250000000001,0.0,0.0,0.0,0.0,-0.0,-0.0,0.0,1.8407549616491528,1510
1754.0,13.146500000000014,80.39150000000001,0.0,0.0,0.0,0.0,-0.0,-0.0,0.0,1.8407549616491528,1510
1755.0,13.146500000000014,80.40050000000001,0.0,0.0,0.0,0.0,-0.0,-0.0,0.0,1.8407549616491528,1510
1756.0,13.155500000000014,80.0045,0.0,0.0,0.0,0.0,-0.0,-0.0,0.0,1.8407549616491528,1510
1757.0,13.155500000000014,80.0135,0.0,0.0,0.0,0.0,-0.0,-0.0,0.0,1.8407549616491528,1510
1758.0,13.155500000000014,80.0225,0.0,0.0,0.0,0.0,-0.0,-0.0,0.0,1.8407549616491528,1510
1759.0,13.155500000000014,80.0315,0.0,0.0,0.0,0.0,-0.0,-0.0,0.0,1.8407549616491528,1510
1760.0,13.155500000000014,80.0405,0.0,0.0,0.0,0.0,-0.0,-0.0,0.0,1.8407549616491528,1510
1761.0,13.155500000000014,80.0495,0.0,0.0,0.0,0.0,-0.0,-0.0,0.0,1.8407549616491528,1510
1762.0,13.155500000000014,80.0585,0.0,0.0,0.0,0.0,-0.0,-0.0,0.0,1.8407549616491528,1510
1763.0,13.155500000000014,80.0675,0.0,0.0,0.0,0.0,-0.0,-0.0,0.0,1.8407549616491528,1510
1764.0,13.155500000000014,80.0765,0.0,0.0,0.0,0.0,-0.0,-0.0,0.0,1.8407549616491528,1510
1765.0,13.155500000000014,80.0855,0.0,0.0,0.0,0.0,-0.0,-0.0,0.0,1.8407549616491528,1510
1766.0,13.155500000000014,80.0945,0.0,0.0,0.6205362261081979,0.2764858445898476,-0.0,-0.0,0.8970220706980455,3.597631033785226,954
1767.0,13.155500000000014,80.1035,0.0,0.0,0.7282237671741318,1.126234621751571,-0.0,-0.0,1.854458388925703,5.4728323393442455,886
1768.0,13.155500000000014,80.1125,0.0,0.0,0.0,1.7704743404584053,-0.0,-0.0,1.7704743404584053,5.308344117690468,892
1769.0,13.155500000000014,80.1215,0.0,0.0,0.0,1.074125903339223,-0.0,-0.0,1.074125903339223,3.9445004097067633,935
1770.0,13.155500000000014,80.1305,0.0,0.0,0.8498567097410185,0.0,-0.0,-0.0,0.8498567097410185,3.5052546064866434,959
1771.0,13.155500000000014,80.1395,0.0,0.0,2.4821269061603033,0.0,-0.0,-0.0,2.4821269061603033,6.702161956958303,852
1772.0,13.155500000000014,80.1485,0.0,0.0,2.797778472552655,0.0,-0.0,-0.0,2.797778472552655,7.320386081249298,834
1773.0,13.155500000000014,80.1575,0.0,0.0,1.2170648872408032,0.0,-0.0,-0.0,1.2170648872408032,4.2244557071240365,928
1774.0,13.155500000000014,80.1665,0.0,0.0,0.0,0.0,-0.0,-0.0,0.0,1.8407549616491528,1510
1775.0,13.155500000000014,80.1755,0.0,0.0,0.0,0.0,-0.0,-0.0,0.0,1.8407549616491528,1510
1776.0,13.155500000000014,80.1845,0.0,0.0,2.6116405975542305,0.0,-0.0,-0.0,2.6116405975542305,6.9558229457530825,846
1777.0,13.155500000000014,80.1935,0.0,0.0,6.108190713799404,0.0,-0.0,-0.0,6.108190713799404,13.804043781027941,720
1778.0,13.155500000000014,80.2025,0.0,0.0,7.702100433705613,0.3981502882033483,-0.0,-0.0,8.100250721908962,17.70562288017251,691
1779.0,13.155500000000014,80.2115,0.0,0.0,7.095291387572209,0.3501097544608529,-0.0,-0.0,7.445401142033061,16.423057383387082,698
1780.0,13.155500000000014,80.2205,0.0,0.0,6.7335638287984745,0.0,-0.0,-0.0,6.7335638287984745,15.028877704059598,708
1781.0,13.155500000000014,80.2295,0.6801330673097039,0.0,6.873654620527846,0.8994228332346402,-0.0,-0.0,8.45321052107219,18.396917605054,685
1782.0,13.155500000000014,80.2385,0.9021102932784206,0.0,5.7284005880130415,1.828368609983079,-0.0,-0.0,8.45887949127454,18.408020651932667,684
1783.0,13.155500000000014,80.2475,0.46175792973993063,0.0,2.290791280736087,1.2956237440451233,-0.0,-0.0,4.0481729545211405,9.769365005917132,786
1784.0,13.155500000000014,80.2565,0.0,0.0,1.6663662798960908,0.4693837485405921,-0.0,-0.0,2.135750028436683,6.023760311901482,874
1785.0,13.155500000000014,80.2655,0.0,0.0,1.0420461671676886,0.0,-0.0,-0.0,1.0420461671676886,3.881670159792903,939
1786.0,13.155500000000014,80.2745,0.0,0.0,0.0,0.0,-0.0,-0.0,0.0,1.8407549616491528,1510
1787.0,13.155500000000014,80.2835,0.0,0.0,11.381438491197004,4.168880973504966,-0.0,-0.0,15.550319464701971,32.29706710160223,594
1788.0,13.155500000000014,80.2925,0.0,0.0,24.438425092871903,11.392204819787903,-0.0,-0.0,35.8306299126598,72.01737424385765,471
1789.0,13.155500000000014,80.3015,0.0,0.0,20.57343125304621,11.280918613661052,-0.0,-0.0,31.85434986670726,64.22957113728536,488
1790.0,13.155500000000014,80.3105,0.0,0.0,6.682366070001319,4.418854924304936,-0.0,-0.0,11.101220994306257,23.583218356350315,642
1791.0,13.155500000000014,80.3195,0.0,0.0,0.0,0.0,-0.0,-0.0,0.0,1.8407549616491528,1510
1792.0,13.155500000000014,80.3285,0.0,0.0,0.0,0.0,-0.0,-0.0,0.0,1.8407549616491528,1510
1793.0,13.155500000000014,80.3375,0.0,0.0,0.0,0.0,-0.0,-0.0,0.0,1.8407549616491528,1510
1794.0,13.155500000000014,80.3465,0.0,0.0,0.0,0.0,-0.0,-0.0,0.0,1.8407549616491528,1510
1795.0,13.155500000000014,80.3555,0.0,0.0,0.0,0.0,-0.0,-0.0,0.0,1.8407549616491528,1510
1796.0,13.155500000000014,80.3645,0.0,0.0,0.0,0.0,-0.0,-0.0,0.0,1.8407549616491528,1510
1797.0,13.155500000000014,80.3735,0.0,0.0,0.0,0.0,-0.0,-0.0,0.0,1.8407549616491528,1510
1798.0,13.155500000000014,80.38250000000001,0.0,0.0,0.0,0.0,-0.0,-0.0,0.0,1.8407549616491528,1510
1799.0,13.155500000000014,80.39150000000001,0.0,0.0,0.0,0.0,-0.0,-0.0,0.0,1.8407549616491528,1510
1800.0,13.155500000000014,80.40050000000001,0.0,0.0,0.0,0.0,-0.0,-0.0,0.0,1.8407549616491528,1510
1801.0,13.164500000000015,80.0045,0.0,0.0,0.0,0.0,-0.0,-0.0,0.0,1.8407549616491528,1510
1802.0,13.164500000000015,80.0135,0.0,0.0,0.0,0.0,-0.0,-0.0,0.0,1.8407549616491528,1510
1803.0,13.164500000000015,80.0225,0.0,0.0,0.0,0.0,-0.0,-0.0,0.0,1.8407549616491528,1510
1804.0,13.164500000000015,80.0315,0.0,0.0,0.0,0.0,-0.0,-0.0,0.0,1.8407549616491528,1510
1805.0,13.164500000000015,80.0405,0.0,0.0,0.0,0.0,-0.0,-0.0,0.0,1.8407549616491528,1510
1806.0,13.164500000000015,80.0495,0.0,0.0,0.0,0.0,-0.0,-0.0,0.0,1.8407549616491528,1510
1807.0,13.164500000000015,80.0585,0.0,0.0,0.0,0.0,-0.0,-0.0,0.0,1.8407549616491528,1510
1808.0,13.164500000000015,80.0675,0.0,0.0,0.0,0.0,-0.0,-0.0,0.0,1.8407549616491528,1510
1809.0,13.164500000000015,80.0765,0.0,0.0,0.0,0.0,-0.0,-0.0,0.0,1.8407549616491528,1510
1810.0,13.164500000000015,80.0855,0.0,0.0,0.0,0.0,-0.0,-0.0,0.0,1.8407549616491528,1510
1811.0,13.164500000000015,80.0945,0.0,0.0,0.0,0.0,-0.0,-0.0,0.0,1.8407549616491528,1510
1812.0,13.164500000000015,80.1035,0.0,0.0,0.0,0.41985922946667914,-0.0,-0.0,0.41985922946667914,2.663076572243951,988
1813.0,13.164500000000015,80.1125,0.0,0.0,0.0,0.6600203096186461,-0.0,-0.0,0.6600203096186461,3.1334476689651316,972
1814.0,13.164500000000015,80.1215,0.0,0.0,0.6454878097965278,0.40043383935238575,-0.0,-0.0,1.0459216491489136,3.889260543333311,938
1815.0,13.164500000000015,80.1305,0.0,0.0,1.9701027220824983,0.0,-0.0,-0.0,1.9701027220824983,5.699329287901155,879
1816.0,13.164500000000015,80.1395,0.0,0.0,2.7280269350076187,0.0,-0.0,-0.0,2.7280269350076187,7.1837731579884325,840
1817.0,13.164500000000015,80.1485,0.0,0.0,2.033528883058364,0.0,-0.0,-0.0,2.033528883058364,5.823553549718073,877
1818.0,13.164500000000015,80.1575,0.0,0.0,0.6854544856805539,0.0,-0.0,-0.0,0.6854544856805539,3.1832621571447697,970
1819.0,13.164500000000015,80.1665,0.0,0.0,0.0,0.0,-0.0,-0.0,0.0,1.8407549616491528,1510
1820.0,13.164500000000015,80.1755,0.0,0.0,0.0,0.0,-0.0,-0.0,0.0,1.8407549616491528,1510
1821.0,13.164500000000015,80.1845,0.0,0.0,1.0100116982547969,0.0,-0.0,-0.0,1.0100116982547969,3.818928568749497,942
1822.0,13.164500000000015,80.1935,0.0,0.0,3.7489297873021075,0.0,-0.0,-0.0,3.7489297873021075,9.183277798689089,798
1823.0,13.164500000000015,80.2025,0.0,0.0,7.294344358051012,0.0,-0.0,-0.0,7.294344358051012,16.12720284649105,702
1824.0,13.164500000000015,80.2115,0.0,0.0,8.857530326938043,0.0,-0.0,-0.0,8.857530326938043,19.188804243766967,675
1825.0,13.164500000000015,80.2205,0.0,0.0,8.69169727498108,0.0,-0.0,-0.0,8.69169727498108,18.864009424921797,679
1826.0,13.164500000000015,80.2295,0.0,0.0,6.339903230686128,0.0,-0.0,-0.0,6.339903230686128,14.257867817058537,714
1827.0,13.164500000000015,80.2385,0.0,0.0,3.860014586866632,0.39831827412739257,-0.0,-0.0,4.258332860994025,10.180976852565722,777
1828.0,13.164500000000015,80.2475,0.0,0.0,1.8074888201440364,0.37392068185383087,-0.0,-0.0,2.181409501997867,6.113187360785072,872
1829.0,13.164500000000015,80.2565,0.0,0.0,2.690261965662666,0.0,-0.0,-0.0,2.690261965662666,7.109808009109242,842
1830.0,13.164500000000015,80.2655,0.0,0.0,2.3400177078135855,0.0,-0.0,-0.0,2.3400177078135855,6.423831848523513,865
1831.0,13.164500000000015,80.2745,0.0,0.0,0.785580916799151,0.31438301079525177,-0.0,-0.0,1.0999639275944029,3.995105860841173,934
1832.0,13.164500000000015,80.2835,0.0,0.0,18.26507271890869,4.945318047057312,-0.0,-0.0,23.210390765966004,47.29981499338422,540
1833.0,13.164500000000015,80.2925,0.0,0.0,38.77004224236283,12.399843386366257,-0.0,-0.0,51.169885628729084,102.06030430350187,383
1834.0,13.164500000000015,80.3015,0.0,0.0,32.07599058667357,12.373711855683935,-0.0,-0.0,44.449702442357506,88.89838841962651,418
1835.0,13.164500000000015,80.3105,0.0,0.0,9.361829223041838,4.153802448352309,-0.0,-0.0,13.515631671394146,28.311998712428583,614
1836.0,13.164500000000015,80.3195,0.0,0.0,0.0,0.0,-0.0,-0.0,0.0,1.8407549616491528,1510
1837.0,13.164500000000015,80.3285,0.0,0.0,0.0,0.0,-0.0,-0.0,0.0,1.8407549616491528,1510
1838.0,13.164500000000015,80.3375,0.0,0.0,0.0,0.0,-0.0,-0.0,0.0,1.8407549616491528,1510
1839.0,13.164500000000015,80.3465,0.0,0.0,0.0,0.0,-0.0,-0.0,0.0,1.8407549616491528,1510
1840.0,13.164500000000015,80.3555,0.0,0.0,0.0,0.0,-0.0,-0.0,0.0,1.8407549616491528,1510
1841.0,13.164500000000015,80.3645,0.0,0.0,0.0,0.0,-0.0,-0.0,0.0,1.8407549616491528,1510
1842.0,13.164500000000015,80.3735,0.0,0.0,0.0,0.0,-0.0,-0.0,0.0,1.8407549616491528,1510
1843.0,13.164500000000015,80.38250000000001,0.0,0.0,0.0,0.0,-0.0,-0.0,0.0,1.8407549616491528,1510
1844.0,13.164500000000015,80.39150000000001,0.0,0.0,0.0,0.0,-0.0,-0.0,0.0,1.8407549616491528,1510
1845.0,13.164500000000015,80.40050000000001,0.0,0.0,0.0,0.0,-0.0,-0.0,0.0,1.8407549616491528,1510
1846.0,13.173500000000015,80.0045,0.0,0.0,0.0,0.0,-0.0,-0.0,0.0,1.8407549616491528,1510
1847.0,13.173500000000015,80.0135,0.0,0.0,0.0,0.0,-0.0,-0.0,0.0,1.8407549616491528,1510
1848.0,13.173500000000015,80.0225,0.0,0.0,0.0,0.0,-0.0,-0.0,0.0,1.8407549616491528,1510
1849.0,13.173500000000015,80.0315,0.0,0.0,0.0,0.0,-0.0,-0.0,0.0,1.8407549616491528,1510
1850.0,13.173500000000015,80.0405,0.0,0.0,0.0,0.0,-0.0,-0.0,0.0,1.8407549616491528,1510
1851.0,13.173500000000015,80.0495,0.0,0.0,0.0,0.0,-0.0,-0.0,0.0,1.8407549616491528,1510
1852.0,13.173500000000015,80.0585,0.0,0.0,0.0,0.0,-0.0,-0.0,0.0,1.8407549616491528,1510
1853.0,13.173500000000015,80.0675,0.0,0.0,0.0,0.0,-0.0,-0.0,0.0,1.8407549616491528,1510
1854.0,13.173500000000015,80.0765,0.0,0.0,0.0,0.0,-0.0,-0.0,0.0,1.8407549616491528,1510
1855.0,13.173500000000015,80.0855,0.0,0.0,0.0,0.0,-0.0,-0.0,0.0,1.8407549616491528,1510
1856.0,13.173500000000015,80.0945,0.0,0.0,0.0,0.0,-0.0,-0.0,0.0,1.8407549616491528,1510
1857.0,13.173500000000015,80.1035,0.7653862677348496,0.0,0.0,0.0,-0.0,-0.0,0.7653862677348496,3.339813751449587,965
1858.0,13.173500000000015,80.1125,0.6265965826921313,0.0,0.0,0.0,-0.0,-0.0,0.6265965826921313,3.0679851257379527,974
1859.0,13.173500000000015,80.1215,0.0,0.0,1.2025431535620827,0.0,-0.0,-0.0,1.2025431535620827,4.196013947150146,930
1860.0,13.173500000000015,80.1305,0.0,0.0,2.7784936030842324,0.0,-0.0,-0.0,2.7784936030842324,7.28261541001378,837
1861.0,13.173500000000015,80.1395,0.0,0.0,2.477950894180081,0.0,-0.0,-0.0,2.477950894180081,6.693982965866929,853
1862.0,13.173500000000015,80.1485,0.0,0.0,0.8530029898434437,0.0,-0.0,-0.0,0.8530029898434437,3.5114168007165887,958
1863.0,13.173500000000015,80.1575,0.0,0.0,0.0,0.0,-0.0,-0.0,0.0,1.8407549616491528,1510
1864.0,13.173500000000015,80.1665,0.0,0.0,0.0,0.0,-0.0,-0.0,0.0,1.8407549616491528,1510
1865.0,13.173500000000015,80.1755,0.0,0.0,0.0,0.0,-0.0,-0.0,0.0,1.8407549616491528,1510
1866.0,13.173500000000015,80.1845,0.0,0.0,0.0,0.0,-0.0,-0.0,0.0,1.8407549616491528,1510
1867.0,13.173500000000015,80.1935,0.0,0.0,1.2889115640386866,0.0,-0.0,-0.0,1.2889115640386866,4.365172096889641,923
1868.0,13.173500000000015,80.2025,0.0,0.0,4.098324609834971,0.0,-0.0,-0.0,4.098324609834971,9.867590284956608,783
1869.0,13.173500000000015,80.2115,0.0,0.0,6.596127295614394,0.0,-0.0,-0.0,6.596127295614394,14.759699314278679,709
1870.0,13.173500000000015,80.2205,0.0,0.0,5.521287807414574,0.0,-0.0,-0.0,5.521287807414574,12.654556263856561,738
1871.0,13.173500000000015,80.2295,0.0,0.0,2.499157294504507,0.0,-0.0,-0.0,2.499157294504507,6.735517080269631,849
1872.0,13.173500000000015,80.2385,0.0,0.0,1.0314506147841294,0.0,-0.0,-0.0,1.0314506147841294,3.8609180812634936,940
1873.0,13.173500000000015,80.2475,0.0,0.0,0.9947267434759954,0.0,-0.0,-0.0,0.9947267434759954,3.7889919906074883,945
1874.0,13.173500000000015,80.2565,0.0,0.0,2.241652406640009,0.0,-0.0,-0.0,2.241652406640009,6.2311770080179345,869
1875.0,13.173500000000015,80.2655,0.0,0.0,1.9498224006179803,0.0,-0.0,-0.0,1.9498224006179803,5.659608959182249,881
1876.0,13.173500000000015,80.2745,0.0,0.0,2.508050216967786,0.5977163192389958,-0.0,-0.0,3.1057665362067817,7.9236007369560255,822
1877.0,13.173500000000015,80.2835,0.0,0.0,17.756807498080327,4.3298810110429855,-0.0,-0.0,22.086688509123313,45.09897103230315,548
1878.0,13.173500000000015,80.2925,0.0,0.0,32.74161480695657,10.564652157738063,-0.0,-0.0,43.30626696469463,86.65889566202453,425
1879.0,13.173500000000015,80.3015,0.0,0.0,24.541646868377136,9.815951938436532,-0.0,-0.0,34.35759880681367,69.13234700995768,478
1880.0,13.173500000000015,80.3105,0.74930542380039,0.0,7.477868960879419,3.673272291056446,-0.0,-0.0,11.900446675736255,25.148553838952584,631
1881.0,13.173500000000015,80.3195,0.815336652002955,0.0,0.0,0.0,-0.0,-0.0,0.815336652002955,3.4376448280543643,961
1882.0,13.173500000000015,80.3285,0.0,0.0,0.0,0.0,-0.0,-0.0,0.0,1.8407549616491528,1510
1883.0,13.173500000000015,80.3375,0.0,0.0,0.0,0.0,-0.0,-0.0,0.0,1.8407549616491528,1510
1884.0,13.173500000000015,80.3465,0.0,0.0,0.0,0.0,-0.0,-0.0,0.0,1.8407549616491528,1510
1885.0,13.173500000000015,80.3555,0.0,0.0,0.0,0.0,-0.0,-0.0,0.0,1.8407549616491528,1510
1886.0,13.173500000000015,80.3645,0.0,0.0,0.0,0.0,-0.0,-0.0,0.0,1.8407549616491528,1510
1887.0,13.173500000000015,80.3735,0.0,0.0,0.0,0.0,-0.0,-0.0,0.0,1.8407549616491528,1510
1888.0,13.173500000000015,80.38250000000001,0.0,0.0,0.0,0.0,-0.0,-0.0,0.0,1.8407549616491528,1510
1889.0,13.173500000000015,80.39150000000001,0.0,0.0,0.0,0.0,-0.0,-0.0,0.0,1.8407549616491528,1510
1890.0,13.173500000000015,80.40050000000001,0.0,0.0,0.0,0.0,-0.0,-0.0,0.0,1.8407549616491528,1510
1891.0,13.182500000000015,80.0045,0.0,0.0,0.0,0.0,-0.0,-0.0,0.0,1.8407549616491528,1510
1892.0,13.182500000000015,80.0135,0.0,0.0,0.0,0.0,-0.0,-0.0,0.0,1.8407549616491528,1510
1893.0,13.182500000000015,80.0225,0.0,0.0,0.0,0.0,-0.0,-0.0,0.0,1.8407549616491528,1510
1894.0,13.182500000000015,80.0315,0.0,0.0,0.0,0.0,-0.0,-0.0,0.0,1.8407549616491528,1510
1895.0,13.182500000000015,80.0405,0.0,0.0,0.0,0.0,-0.0,-0.0,0.0,1.8407549616491528,1510
1896.0,13.182500000000015,80.0495,0.0,0.0,0.0,0.0,-0.0,-0.0,0.0,1.8407549616491528,1510
1897.0,13.182500000000015,80.0585,0.0,0.0,0.0,0.0,-0.0,-0.0,0.0,1.8407549616491528,1510
1898.0,13.182500000000015,80.0675,0.0,0.0,0.0,0.0,-0.0,-0.0,0.0,1.8407549616491528,1510
1899.0,13.182500000000015,80.0765,0.0,0.0,0.0,0.0,-0.0,-0.0,0.0,1.8407549616491528,1510
1900.0,13.182500000000015,80.0855,0.0,0.0,0.5398390455656445,0.0,-0.0,-0.0,0.5398390455656445,2.8980648461439746,977
1901.0,13.182500000000015,80.0945,1.1125129838477845,0.0,1.348732759950562,0.0,-0.0,-0.0,2.4612457437983464,6.661264842260152,855
1902.0,13.182500000000015,80.1035,2.359408612920989,0.0,1.3007933565976577,0.0,-0.0,-0.0,3.6602019695186465,9.0094985962718,807
1903.0,13.182500000000015,80.1125,1.9315844154965323,0.0,0.4842966942258655,0.0,-0.0,-0.0,2.415881109722398,6.572415255686189,860
1904.0,13.182500000000015,80.1215,0.6104311469845437,0.0,0.831297298083347,0.0,-0.0,-0.0,1.4417284450678907,4.664473898337789,915
1905.0,13.182500000000015,80.1305,0.0,0.0,1.9206658276338966,0.0,-0.0,-0.0,1.9206658276338966,5.602503914507747,883
1906.0,13.182500000000015,80.1395,0.0,0.0,2.880570785802505,0.0,-0.0,-0.0,2.880570785802505,7.482540211963457,831
1907.0,13.182500000000015,80.1485,0.0,0.0,1.4807531485334058,0.0,-0.0,-0.0,1.4807531485334058,4.740906318431329,912
1908.0,13.182500000000015,80.1575,0.0,0.0,1.110148780782679,0.0,-0.0,-0.0,1.110148780782679,4.01505355828275,932
1909.0,13.182500000000015,80.1665,0.0,0.0,1.3826310597317253,0.0,-0.0,-0.0,1.3826310597317253,4.548727825175823,917
1910.0,13.182500000000015,80.1755,0.9182948670483067,0.6219039632374473,0.6647414441845427,0.0,-0.0,-0.4975231705899579,1.707417103880339,5.1848424183032735,896
1911.0,13.182500000000015,80.1845,0.9317264468947839,0.622535691424136,0.0,0.42287287753479025,-0.0,-0.49802855313930877,1.4791064627144015,4.737681177146363,913
1912.0,13.182500000000015,80.1935,0.0,0.0,0.0,0.2838509193998018,-0.0,-0.0,0.2838509193998018,2.396695450336644,995
1913.0,13.182500000000015,80.2025,0.0,0.0,0.0,0.0,-0.0,-0.0,0.0,1.8407549616491528,1510
1914.0,13.182500000000015,80.2115,0.0,0.0,2.460965483661967,0.0,-0.0,-0.0,2.460965483661967,6.660715934553573,857
1915.0,13.182500000000015,80.2205,0.0,0.0,1.4542304391429517,0.0,-0.0,-0.0,1.4542304391429517,4.688959866924237,914
1916.0,13.182500000000015,80.2295,0.0,0.0,0.0,0.0,-0.0,-0.0,0.0,1.8407549616491528,1510
1917.0,13.182500000000015,80.2385,0.0,0.0,0.0,0.0,-0.0,-0.0,0.0,1.8407549616491528,1510
1918.0,13.182500000000015,80.2475,0.0,0.0,0.8757105425241483,0.0,-0.0,-0.0,0.8757105425241483,3.5558910196513067,956
1919.0,13.182500000000015,80.2565,0.0,0.0,1.9410173371516177,0.0,-0.0,-0.0,1.9410173371516177,5.642363669659267,882
1920.0,13.182500000000015,80.2655,0.0,0.0,1.7057797562442318,0.0,-0.0,-0.0,1.7057797562442318,5.1816355664569125,897
1921.0,13.182500000000015,80.2745,0.0,0.0,1.795022836617553,0.0,-0.0,-0.0,1.795022836617553,5.356423944171626,888
1922.0,13.182500000000015,80.2835,0.0,0.0,7.608681314089072,2.056151302498802,-0.0,-0.0,9.664832616587873,20.769958288909613,660
1923.0,13.182500000000015,80.2925,0.0,0.0,12.697172149167642,4.712842800712929,-0.0,-0.0,17.41001494988057,35.93940167295481,582
1924.0,13.182500000000015,80.3015,0.7680817594467765,0.0,5.893061209042832,4.132866316545325,-0.0,-0.0,10.794009285034933,22.98152424120017,647
1925.0,13.182500000000015,80.3105,2.165073912588026,0.0,0.0,1.308367080259515,-0.0,-0.0,3.473440992847541,8.643715075620078,812
1926.0,13.182500000000015,80.3195,2.3558599865818786,0.0,0.0,0.0,-0.0,-0.0,2.3558599865818786,6.45485998195,864
1927.0,13.182500000000015,80.3285,0.9895498965678093,0.0,0.0,0.0,-0.0,-0.0,0.9895498965678093,3.7788527992105294,947
1928.0,13.182500000000015,80.3375,0.0,0.0,0.0,0.0,-0.0,-0.0,0.0,1.8407549616491528,1510
1929.0,13.182500000000015,80.3465,0.0,0.0,0.0,0.0,-0.0,-0.0,0.0,1.8407549616491528,1510
1930.0,13.182500000000015,80.3555,0.0,0.0,0.0,0.0,-0.0,-0.0,0.0,1.8407549616491528,1510
1931.0,13.182500000000015,80.3645,0.0,0.0,0.0,0.0,-0.0,-0.0,0.0,1.8407549616491528,1510
1932.0,13.182500000000015,80.3735,0.0,0.0,0.0,0.0,-0.0,-0.0,0.0,1.8407549616491528,1510
1933.0,13.182500000000015,80.38250000000001,0.0,0.0,0.0,0.0,-0.0,-0.0,0.0,1.8407549616491528,1510
1934.0,13.182500000000015,80.39150000000001,0.0,0.0,0.0,0.0,-0.0,-0.0,0.0,1.8407549616491528,1510
1935.0,13.182500000000015,80.40050000000001,0.0,0.0,0.0,0.0,-0.0,-0.0,0.0,1.8407549616491528,1510
1936.0,13.191500000000016,80.0045,0.0,0.0,0.0,0.0,-0.0,-0.0,0.0,1.8407549616491528,1510
1937.0,13.191500000000016,80.0135,0.0,0.0,0.0,0.0,-0.0,-0.0,0.0,1.8407549616491528,1510
1938.0,13.191500000000016,80.0225,0.0,0.0,0.0,0.0,-0.0,-0.0,0.0,1.8407549616491528,1510
1939.0,13.191500000000016,80.0315,0.0,0.0,0.0,0.0,-0.0,-0.0,0.0,1.8407549616491528,1510
1940.0,13.191500000000016,80.0405,0.0,0.0,0.0,0.0,-0.0,-0.0,0.0,1.8407549616491528,1510
1941.0,13.191500000000016,80.0495,0.0,0.0,0.0,0.0,-0.0,-0.0,0.0,1.8407549616491528,1510
1942.0,13.191500000000016,80.0585,0.0,0.0,0.0,0.0,-0.0,-0.0,0.0,1.8407549616491528,1510
1943.0,13.191500000000016,80.0675,0.0,0.0,0.0,0.0,-0.0,-0.0,0.0,1.8407549616491528,1510
1944.0,13.191500000000016,80.0765,0.0,0.0,0.0,0.0,-0.0,-0.0,0.0,1.8407549616491528,1510
1945.0,13.191500000000016,80.0855,0.0,0.0,1.066283819222895,0.0,-0.0,-0.0,1.066283819222895,3.929141177877681,936
1946.0,13.191500000000016,80.0945,1.2725713481852088,0.0,2.663912079537656,0.0,-0.0,-0.0,3.9364834277228646,9.550613802853205,791
1947.0,13.191500000000016,80.1035,2.698784905818445,0.0,2.569229298452126,0.0,-0.0,-0.0,5.268014204270571,12.15850343795327,747
1948.0,13.191500000000016,80.1125,2.209438831077089,0.0,0.9565810100826448,0.0,-0.0,-0.0,3.166019841159734,8.041610753874098,820
1949.0,13.191500000000016,80.1215,0.6982698188357384,0.0,0.0,0.0,-0.0,-0.0,0.6982698188357384,3.208361820700734,969
1950.0,13.191500000000016,80.1305,0.0,0.0,2.6595511478675116,0.0,-0.0,-0.0,2.6595511478675116,7.0496588748766245,843
1951.0,13.191500000000016,80.1395,0.0,0.0,4.688178083694833,0.6055093484035217,-0.0,-0.0,5.293687432098355,12.208786124565465,746
1952.0,13.191500000000016,80.1485,0.0,0.0,3.945576283627735,2.2706250455075345,-0.0,-0.0,6.21620132913527,14.01558959669846,717
1953.0,13.191500000000016,80.1575,0.0,0.0,2.82892243577987,2.8151199146023576,-0.0,-0.0,5.644042350382227,12.894979020810627,732
1954.0,13.191500000000016,80.1665,0.9055494713958032,0.7149837576993777,2.828276370599748,1.4365067557334166,-0.0,-0.5719870061595022,5.313329349268844,12.247256096949595,743
1955.0,13.191500000000016,80.1755,2.3800065994241812,1.8539366934680457,1.3598153083874065,0.8554936151533368,-0.0,-1.4831493547744365,4.966102861658534,11.567190435666937,756
1956.0,13.191500000000016,80.1845,2.4148168461057686,1.8558198478964891,0.0,1.4875064704243246,-0.0,-1.4846558783171913,4.2734872861093915,10.210657779871612,776
1957.0,13.191500000000016,80.1935,0.9458674669084615,0.7171647268905428,0.0,0.9984944854746061,-0.0,-0.5737317815124342,2.0877948977611758,5.929837069238795,875
1958.0,13.191500000000016,80.2025,0.0,0.0,1.7540420320777537,0.0,-0.0,-0.0,1.7540420320777537,5.276160372889783,894
1959.0,13.191500000000016,80.2115,0.0,0.0,5.1814143309893925,0.0,-0.0,-0.0,5.1814143309893925,11.98889195325555,749
1960.0,13.191500000000016,80.2205,0.0,0.0,4.636999046213077,0.0,-0.0,-0.0,4.636999046213077,10.922619206605797,766
1961.0,13.191500000000016,80.2295,0.0,0.0,1.2209074578506174,0.0,-0.0,-0.0,1.2209074578506174,4.231981631602821,926
1962.0,13.191500000000016,80.2385,0.0,0.0,0.5371399614878595,0.0,-0.0,-0.0,0.5371399614878595,2.8927785144160896,979
1963.0,13.191500000000016,80.2475,0.0,0.0,1.9827832918745156,0.0,-0.0,-0.0,1.9827832918745156,5.724165008644691,878
1964.0,13.191500000000016,80.2565,0.0,0.0,2.825537215257859,0.0,-0.0,-0.0,2.825537215257859,7.3747533844009405,832
1965.0,13.191500000000016,80.2655,0.0,0.0,2.3130254978885283,0.0,-0.0,-0.0,2.3130254978885283,6.370965849680804,868
1966.0,13.191500000000016,80.2745,0.0,0.0,2.823518619356024,0.0,-0.0,-0.0,2.823518619356024,7.370799833027911,833
1967.0,13.191500000000016,80.2835,0.0,0.0,3.338027516205526,0.0,-0.0,-0.0,3.338027516205526,8.378498973666222,815
1968.0,13.191500000000016,80.2925,0.0,0.0,3.158550988939635,0.3542575396656057,-0.0,-0.0,3.5128085286052406,8.72081895505734,810
1969.0,13.191500000000016,80.3015,0.8235317753227578,0.0,0.0,0.0,-0.0,-0.0,0.8235317753227578,3.4536955101268374,960
1970.0,13.191500000000016,80.3105,2.321288804738649,0.0,0.0,0.0,-0.0,-0.0,2.321288804738649,6.387150073632393,867
1971.0,13.191500000000016,80.3195,2.5258327167250045,0.0,0.0,0.0,-0.0,-0.0,2.5258327167250045,6.787762629787549,848
1972.0,13.191500000000016,80.3285,1.0609784992400813,0.0,0.0,0.0,-0.0,-0.0,1.0609784992400813,3.9187503636075505,937
1973.0,13.191500000000016,80.3375,0.0,0.0,0.0,0.0,-0.0,-0.0,0.0,1.8407549616491528,1510
1974.0,13.191500000000016,80.3465,0.0,0.0,0.0,0.0,-0.0,-0.0,0.0,1.8407549616491528,1510
1975.0,13.191500000000016,80.3555,0.0,0.0,0.0,0.0,-0.0,-0.0,0.0,1.8407549616491528,1510
1976.0,13.191500000000016,80.3645,0.0,0.0,0.0,0.0,-0.0,-0.0,0.0,1.8407549616491528,1510
1977.0,13.191500000000016,80.3735,0.0,0.0,0.0,0.0,-0.0,-0.0,0.0,1.8407549616491528,1510
1978.0,13.191500000000016,80.38250000000001,0.0,0.0,0.0,0.0,-0.0,-0.0,0.0,1.8407549616491528,1510
1979.0,13.191500000000016,80.39150000000001,0.0,0.0,0.0,0.0,-0.0,-0.0,0.0,1.8407549616491528,1510
1980.0,13.191500000000016,80.40050000000001,0.0,0.0,0.0,0.0,-0.0,-0.0,0.0,1.8407549616491528,1510
1981.0,13.200500000000016,80.0045,0.0,0.0,0.0,0.0,-0.0,-0.0,0.0,1.8407549616491528,1510
1982.0,13.200500000000016,80.0135,0.0,0.0,0.0,0.0,-0.0,-0.0,0.0,1.8407549616491528,1510
1983.0,13.200500000000016,80.0225,0.0,0.0,0.0,0.0,-0.0,-0.0,0.0,1.8407549616491528,1510
1984.0,13.200500000000016,80.0315,0.0,0.0,0.0,0.0,-0.0,-0.0,0.0,1.8407549616491528,1510
1985.0,13.200500000000016,80.0405,0.0,0.0,0.0,0.0,-0.0,-0.0,0.0,1.8407549616491528,1510
1986.0,13.200500000000016,80.0495,0.0,0.0,0.0,0.0,-0.0,-0.0,0.0,1.8407549616491528,1510
1987.0,13.200500000000016,80.0585,0.0,0.0,0.0,0.0,-0.0,-0.0,0.0,1.8407549616491528,1510
1988.0,13.200500000000016,80.0675,0.0,0.0,0.0,0.0,-0.0,-0.0,0.0,1.8407549616491528,1510
1989.0,13.200500000000016,80.0765,0.0,0.0,0.0,0.0,-0.0,-0.0,0.0,1.8407549616491528,1510
1990.0,13.200500000000016,80.0855,0.0,0.0,0.7814896492190992,0.0,-0.0,-0.0,0.7814896492190992,3.371353271528665,963
1991.0,13.200500000000016,80.0945,0.5401332480225424,0.0,1.952341324568485,0.0,-0.0,-0.0,2.4924745725910276,6.722428534725379,850
1992.0,13.200500000000016,80.1035,1.145447257594846,0.0,1.882952223934792,0.0,-0.0,-0.0,3.028399481529638,7.7720723280416895,825
1993.0,13.200500000000016,80.1125,0.9377606086692117,0.0,0.7010901924937102,0.0,-0.0,-0.0,1.638850801162922,5.050550854545732,902
1994.0,13.200500000000016,80.1215,0.0,0.0,0.0,0.0,-0.0,-0.0,0.0,1.8407549616491528,1510
1995.0,13.200500000000016,80.1305,0.0,0.0,2.926553583723194,0.0,-0.0,-0.0,2.926553583723194,7.572600512635725,829
1996.0,13.200500000000016,80.1395,0.0,0.0,5.736775673526434,1.2555847379332485,-0.0,-0.0,6.992360411459683,15.535747644588758,704
1997.0,13.200500000000016,80.1485,0.0,0.0,4.91020195142746,4.517115418200446,-0.0,-0.0,9.427317369627907,20.304769228592814,667
1998.0,13.200500000000016,80.1575,0.0,0.0,4.210186857080132,5.502406467052006,-0.0,-0.0,9.712593324132138,20.863500741223536,659
1999.0,13.200500000000016,80.1665,0.8708944162831818,0.790906054660716,2.6854755091489015,2.752898877025282,-0.0,-0.6327248437285727,6.4674500133895085,14.507676487245583,711
2000.0,13.200500000000016,80.1755,2.288843652902716,2.0507299793859364,1.4450001270343904,1.4662788523594266,-0.0,-1.6405839835087492,5.61026862817372,12.828830989058272,734
2001.0,13.200500000000016,80.1845,2.322319305932289,2.0528129522562537,0.0,1.9415561285032832,-0.0,-1.6422503618050028,4.674438024886824,10.995945881551412,765
2002.0,13.200500000000016,80.1935,0.9096680063423443,0.7933185269628129,0.595577974454105,1.3032960919696814,-0.0,-0.6346548215702503,2.967205778158693,7.652220479653898,828
2003.0,13.200500000000016,80.2025,0.0,0.0,7.285733482333895,0.33775056227005357,-0.0,-0.0,7.6234840446039485,16.771844331449422,695
2004.0,13.200500000000016,80.2115,0.0,0.0,14.209590185376749,0.0,-0.0,-0.0,14.209590185376749,29.671161600497083,605
2005.0,13.200500000000016,80.2205,0.0,0.0,12.303035147243463,0.0,-0.0,-0.0,12.303035147243463,25.937049546709744,626
2006.0,13.200500000000016,80.2295,0.0,0.0,4.11897323363681,0.0,-0.0,-0.0,4.11897323363681,9.908031957759329,780
2007.0,13.200500000000016,80.2385,0.0,0.0,0.4512994611803296,0.0,-0.0,-0.0,0.4512994611803296,2.7246543110805685,984
2008.0,13.200500000000016,80.2475,0.0,0.0,1.6658344744494054,0.0,-0.0,-0.0,1.6658344744494054,5.103400133826529,900
2009.0,13.200500000000016,80.2565,0.0,0.0,2.373843027399382,0.0,-0.0,-0.0,2.373843027399382,6.490080937095431,862
2010.0,13.200500000000016,80.2655,0.0,0.0,3.789059246701493,0.0,-0.0,-0.0,3.789059246701493,9.261873955137808,796
2011.0,13.200500000000016,80.2745,0.0,0.0,4.47754127868963,0.0,-0.0,-0.0,4.47754127868963,10.610310797003148,769
2012.0,13.200500000000016,80.2835,0.0,0.0,3.739639898952057,0.0,-0.0,-0.0,3.739639898952057,9.16508294809604,800
2013.0,13.200500000000016,80.2925,0.0,0.0,0.7617050615483895,0.0,-0.0,-0.0,0.7617050615483895,3.3326038696898683,966
2014.0,13.200500000000016,80.3015,0.0,0.0,0.0,0.0,-0.0,-0.0,0.0,1.8407549616491528,1510
2015.0,13.200500000000016,80.3105,0.9234796294340257,0.0,0.0,0.0,-0.0,-0.0,0.9234796294340257,3.649449883497816,952
2016.0,13.200500000000016,80.3195,1.0048503439913383,0.0,0.0,0.0,-0.0,-0.0,1.0048503439913383,3.8088197207049537,943
2017.0,13.200500000000016,80.3285,0.4221017641300634,0.0,0.0,0.0,-0.0,-0.0,0.4221017641300634,2.667468722247539,987
2018.0,13.200500000000016,80.3375,0.0,0.0,0.0,0.0,-0.0,-0.0,0.0,1.8407549616491528,1510
2019.0,13.200500000000016,80.3465,0.0,0.0,0.0,0.0,-0.0,-0.0,0.0,1.8407549616491528,1510
2020.0,13.200500000000016,80.3555,0.0,0.0,0.0,0.0,-0.0,-0.0,0.0,1.8407549616491528,1510
2021.0,13.200500000000016,80.3645,0.0,0.0,0.0,0.0,-0.0,-0.0,0.0,1.8407549616491528,1510
2022.0,13.200500000000016,80.3735,0.0,0.0,0.0,0.0,-0.0,-0.0,0.0,1.8407549616491528,1510
2023.0,13.200500000000016,80.38250000000001,0.0,0.0,0.0,0.0,-0.0,-0.0,0.0,1.8407549616491528,1510
2024.0,13.200500000000016,80.39150000000001,0.0,0.0,0.0,0.0,-0.0,-0.0,0.0,1.8407549616491528,1510
2025.0,13.200500000000016,80.40050000000001,0.0,0.0,0.0,0.0,-0.0,-0.0,0.0,1.8407549616491528,1510
