objectid,x,y,lgd_state_,lgd_distri,pincode,schcd,schname,schmgt,schcat,schtype,rururb,school_cat,school_typ,stcode11,dtcode11,sdtcode11,sdtname,subdt_lgd,vilcode11,stname,dtname,vilname,management,location
87314,8935543.168273926,1458925.9235229492,33,568,600090,33021002122,CHILDREN'S PARADISE MATRICULATION SCHOOL,5,6,3,2,Pr. Up Pr. and Secondary Only,Co-education,33,603, ,Velachery,7171,,TAMIL NADU,Chennai, ,Pvt. Unaided (Recognized),Urban
87348,8935643.355895996,1458935.9771118164,33,568,600090,33021002102,CPS ODAI KUPPAM,3,1,3,2,Primary,Co-education,33,603, ,Velachery,7171,,TAMIL NADU,Chennai, ,Local Body,Urban
87629,8935626.213,1459378.7918701172,33,568,600041,33021002116,"CHILDREN'S PARADISE NURSERY AND PRIMARY SCHOOL,LAKSHMIPURAM",5,1,3,2,Primary,Co-education,33,603, ,Velachery,7171,,TAMIL NADU,Chennai, ,Pvt. Unaided (Recognized),Urban
87933,8935440.197875977,1459823.3275146484,33,568,600090,33020901605,ARIGNAR ANNA GOVT HSS,1,5,3,2,Up. Pr. Secondary and Higher Sec,Co-education,33,603, ,Velachery,7171,,TAMIL NADU,Chennai, ,Department of Education,Urban
79733,8924703.766906738,1443425.693725586,33,730,600127,33030600301,ACMS PONMAR,4,2,3,1,Primary with Upper Primary,Co-education,33,787, ,Tiruporur,5958,629397,TAMIL NADU,Chengalpattu,Ponmar,Government Aided,Rural
82576,8924599.349,1450479.719116211,33,730,600073,33031403001,PUMS Santhoshapuram,1,2,3,1,Primary with Upper Primary,Co-education,33,787,05703,Tambaram,5703,,TAMIL NADU,Chengalpattu, ,Department of Education,Rural
83324,8925537.883911133,1452006.297302246,33,730,600129,33031401402,TAGORE MATRICULATION SCHOOL,5,3,3,1,Pr. with Up.Pr. Sec. and H.Sec.,Co-education,33,787,05703,Tambaram,5703,629391,TAMIL NADU,Chengalpattu,Nanmangalam (OG),Pvt. Unaided (Recognized),Rural
83344,8925147.709106445,1452063.862487793,33,730,600129,33031401404,pole star matric hr sec school,5,3,3,1,Pr. with Up.Pr. Sec. and H.Sec.,Co-education,33,787,05703,Tambaram,5703,,TAMIL NADU,Chengalpattu, ,Pvt. Unaided (Recognized),Rural
83375,8925470.980895996,1452109.5493164062,33,730,600129,33031401401,PUPS NANMANGALAM,1,3,3,1,Pr. with Up.Pr. Sec. and H.Sec.,Co-education,33,787,05703,Tambaram,5703,629391,TAMIL NADU,Chengalpattu,Nanmangalam (OG),Department of Education,Rural
83376,8925470.980895996,1452109.5493164062,33,730,600129,33031401407,GHS NANMANGALAM,1,7,3,1,Upper Pr. and Secondary,Co-education,33,787,05703,Tambaram,5703,629391,TAMIL NADU,Chengalpattu,Nanmangalam (OG),Department of Education,Rural
83382,8925477.548706055,1452123.7122802734,33,730,600129,33031401403,RAGAVENDRA NURSERY & PRIMARY SCHOOL,5,1,3,1,Primary,Co-education,33,787,05703,Tambaram,5703,629391,TAMIL NADU,Chengalpattu,Nanmangalam (OG),Pvt. Unaided (Recognized),Rural
83538,8924737.830688477,1452497.889892578,33,730,600129,33031401406,R R NURSERY & PRIMARY SCHOOL,5,1,3,1,Primary,Co-education,33,787,05703,Tambaram,5703,629391,TAMIL NADU,Chengalpattu,Nanmangalam (OG),Pvt. Unaided (Recognized),Rural
84557,8924636.863891602,1454391.9251098633,33,730,600117,33030903285,"DHAYA JOTHY MATRIC HR SEC SCHOOL ,OLD PALLAVARAM",5,3,3,2,Pr. with Up.Pr. Sec. and H.Sec.,Co-education,33,787, ,Pallavaram,6629,803356,TAMIL NADU,Chengalpattu,Pallavaram (M),Pvt. Unaided (Recognized),Urban
84572,8924656.456115723,1454415.3414916992,33,730,600117,33030904504,"Arul Jothi Public CBSE School, Old Pallavaram",5,2,3,2,Primary with Upper Primary,Co-education,33,787, ,Pallavaram,6629,803356,TAMIL NADU,Chengalpattu,Pallavaram (M),Pvt. Unaided (Recognized),Urban
84871,8925302.332,1454850.0900878906,33,730,600117,33030903272,"BFM Aided PS, Keelkatalai",4,1,3,2,Primary,Co-education,33,787, ,Pallavaram,6629,803356,TAMIL NADU,Chengalpattu,Pallavaram (M),Government Aided,Urban
85177,8924941.768127441,1455329.9658813477,33,730,600117,33030903281,"GOOD SHEPHERD MATRICULATION HIGHER SECONDARY SCHOOL, OLD PALLAVARAM, CHENNAI- 117",5,3,3,2,Pr. with Up.Pr. Sec. and H.Sec.,Co-education,33,787, ,Pallavaram,6629,803356,TAMIL NADU,Chengalpattu,Pallavaram (M),Pvt. Unaided (Recognized),Urban
85515,8925554.471,1455915.514709473,33,730,600043,33031402702,PUPS AMMANNAGAR THIRUSULAM,1,1,3,1,Primary,Co-education,33,787, ,Pallavaram,6629,629372,TAMIL NADU,Chengalpattu,Tirusulam (CT),Department of Education,Rural
86185,8925431.017089844,1457063.4581298828,33,730,600114,33030903111,KENDRIYA VIDYALAYA DGI COMPLEX (Code-1773),92,3,3,2,Pr. with Up.Pr. Sec. and H.Sec.,Co-education,33,787, ,Pallavaram,6629,629372,TAMIL NADU,Chengalpattu,Tirusulam (CT),Kendriya Vidyalaya(KV),Urban
86792,8933408.617126465,1458125.652709961,33,568,600113,33021001925,THE SPASTIC SOCIETY OF TAMIL NADU,5,3,3,2,Pr. with Up.Pr. Sec. and H.Sec.,Co-education,33,603, ,Velachery,7171,,TAMIL NADU,Chennai, ,Pvt. Unaided (Recognized),Urban
79574,8932477.875,1442934.9425048828,33,730,603112,33030600903,BLUE STAR NURSERY AND PRIMARY SCHOOL,5,1,3,1,Primary,Co-education,33,787, ,Tiruporur,5958,629401,TAMIL NADU,Chengalpattu,Kannathur Reddy Kuppam,Pvt. Unaided (Recognized),Rural
86451,8932621.810913086,1457546.7985229492,33,568,600113,33021002006,"NEW WISDOM NURSERY & PRIMARY SCHOOL, THARAMANI",5,1,3,2,Primary,Co-education,33,603, ,Velachery,7171,,TAMIL NADU,Chennai, ,Pvt. Unaided (Recognized),Urban
86584,8932299.43,1457765.9094848633,33,568,600113,33021002009,EVAANS MATRICULATION HR. SEC. SCHOOL,5,3,3,2,Pr. with Up.Pr. Sec. and H.Sec.,Co-education,33,603, ,Velachery,7171,,TAMIL NADU,Chennai, ,Pvt. Unaided (Recognized),Urban
86638,8932236.756896973,1457885.5189208984,33,568,600113,33021002003,CHSS THARAMANI,3,5,3,2,Up. Pr. Secondary and Higher Sec,Co-education,33,603, ,Velachery,7171,,TAMIL NADU,Chennai, ,Local Body,Urban
86969,8932423.884887695,1458386.6951293943,33,568,600113,33021002012,ST.JOHNS N&P SCHOOL,5,1,3,2,Primary,Co-education,33,603, ,Velachery,7171,,TAMIL NADU,Chennai, ,Pvt. Unaided (Recognized),Urban
87457,8932503.367126465,1459103.8024902344,33,568,600113,33020901801,A.C. Middle School Kanagam,4,2,3,2,Primary with Upper Primary,Co-education,33,603, ,Guindy,7169,,TAMIL NADU,Chennai, ,Government Aided,Urban
86111,8929207.976,1456950.478088379,33,568,600042,33021001927,SAN ACADEMY NURSERY AND PRIMARY SCHOOL,5,3,3,2,Pr. with Up.Pr. Sec. and H.Sec.,Co-education,33,603, ,Velachery,7171,,TAMIL NADU,Chennai, ,Pvt. Unaided (Recognized),Urban
86203,8929512.212280273,1457103.212524414,33,568,600042,33021001920,LAKSHMI VIDYALAYA NURSERY AND PRIMARY SCHOOL,5,3,3,2,Pr. with Up.Pr. Sec. and H.Sec.,Co-education,33,603, ,Velachery,7171,,TAMIL NADU,Chennai, ,Pvt. Unaided (Recognized),Urban
86515,8929597.594299316,1457656.4680786133,33,568,600042,33021001906,VIDHYA ASHRAM NURSERY AND PRIMARY SCHOOL,5,1,3,2,Primary,Co-education,33,603, ,Velachery,7171,,TAMIL NADU,Chennai, ,Pvt. Unaided (Recognized),Urban
87179,8929152.317,1458745.1895141602,33,568,600042,33021001903,CPS KUIL KUPPAM,3,1,3,2,Primary,Co-education,33,603, ,Velachery,7171,,TAMIL NADU,Chennai, ,Local Body,Urban
87209,8929168.123901367,1458799.2266845703,33,568,600042,33021001928,D.A.V. BABA SCHOOL,5,6,3,2,Pr. Up Pr. and Secondary Only,Co-education,33,603, ,Velachery,7171,,TAMIL NADU,Chennai, ,Pvt. Unaided (Recognized),Urban
87294,8929479.595703125,1458891.4216918943,33,568,600042,33020901216,NEHRU NURSERY & PRIMARY SCHOOL,5,2,3,2,Primary with Upper Primary,Co-education,33,603, ,Velachery,7171,,TAMIL NADU,Chennai, ,Pvt. Unaided (Recognized),Urban
87353,8929663.272888184,1458950.828918457,33,568,600042,33021001918,VICTORY NURSERY AND PRIMARY SCHOOL,5,3,3,2,Pr. with Up.Pr. Sec. and H.Sec.,Co-education,33,603, ,Velachery,7171,,TAMIL NADU,Chennai, ,Pvt. Unaided (Recognized),Urban
87418,8929214.210083008,1459381.4196777344,33,568,600042,33020901218,DAVe BABA VIDYALAYA,5,6,3,2,Pr. Up Pr. and Secondary Only,Co-education,33,603, ,Velachery,7171,,TAMIL NADU,Chennai, ,Pvt. Unaided (Recognized),Urban
87463,8929296.920471191,1459120.254,33,568,600042,33020901713,MOTHER THERESA NURSERY AND PRIMARY SCHOOL,5,1,3,2,Primary,Co-education,33,603, ,Velachery,7171,,TAMIL NADU,Chennai, ,Pvt. Unaided (Recognized),Urban
87478,8929767.022705078,1459133.506286621,33,568,600042,33020901210,ST FRANCIS SAVIO MATRICULATION HIGHER SECONDARY SCHOOL,5,3,3,2,Pr. with Up.Pr. Sec. and H.Sec.,Co-education,33,603, ,Velachery,7171,,TAMIL NADU,Chennai, ,Pvt. Unaided (Recognized),Urban
87522,8929392.432678223,1459213.935119629,33,568,600042,33020901215,AALPHA NURSERY,5,1,3,2,Primary,Co-education,33,603, ,Velachery,7171,,TAMIL NADU,Chennai, ,Pvt. Unaided (Recognized),Urban
87788,8929366.829101562,1459631.6198730469,33,568,600032,33020901201,CPS MADUVINKARAI,3,1,3,2,Primary,Co-education,33,603, ,Velachery,7171,,TAMIL NADU,Chennai, ,Local Body,Urban
87799,8929422.822875977,1459652.9843139648,33,568,600032,33020901203,CHSS MADUVANKARAI,3,5,3,2,Up. Pr. Secondary and Higher Sec,Co-education,33,603, ,Velachery,7171,,TAMIL NADU,Chennai, ,Local Body,Urban
86683,8933829.738891602,1457930.5294799805,33,568,600041,33021002013,PATHWAY CENTRE FOR REHABILITATION & EDUCATION OF THE INTELLECTUAL DISABLED,5,6,3,2,Pr. Up Pr. and Secondary Only,Co-education,33,603, ,Velachery,7171,,TAMIL NADU,Chennai, ,Pvt. Unaided (Recognized),Urban
86768,8934141.767,1458080.1848754885,33,568,600041,33021002119,SRI SANKARA VIDYASHRAMAM MHSS,5,3,3,2,Pr. with Up.Pr. Sec. and H.Sec.,Co-education,33,603, ,Velachery,7171,,TAMIL NADU,Chennai, ,Pvt. Unaided (Recognized),Urban
87064,8933903.654907227,1458586.505493164,33,568,600041,33021002010,CPS INDRA NAGAR,3,1,3,2,Primary,Co-education,33,603, ,Velachery,7171,,TAMIL NADU,Chennai, ,Local Body,Urban
87272,8933979.240905762,1458848.1231079102,33,568,600020,33021002011,CHITHKALA NURSERY &  PRIMARY SCHOOL,5,1,3,2,Primary,Co-education,33,603, ,Velachery,7171,,TAMIL NADU,Chennai, ,Pvt. Unaided (Recognized),Urban
87693,8933773.188476562,1459459.678527832,33,568,600020,33021002120,THE HINDU SR SEC SCHOOL,5,3,3,2,Pr. with Up.Pr. Sec. and H.Sec.,Co-education,33,603, ,Velachery,7171,,TAMIL NADU,Chennai, ,Pvt. Unaided (Recognized),Urban
87796,8934108.26,1459639.7315063477,33,568,600020,33021001806,KPM NURSERY AND PRIMARY SCHOOL,5,1,3,2,Primary,Co-education,33,603, ,Velachery,7171,,TAMIL NADU,Chennai, ,Pvt. Unaided (Recognized),Urban
87998,8934029.891113281,1459898.1600952148,33,568,600020,33021001707,BHARATH SR SEC SCHOOL,5,3,3,2,Pr. with Up.Pr. Sec. and H.Sec.,Co-education,33,603, ,Velachery,7171,,TAMIL NADU,Chennai, ,Pvt. Unaided (Recognized),Urban
88013,8933809.256,1459934.9481201172,33,568,600020,33021001708,CHS KAMARAJ AVENUE,3,7,3,2,Upper Pr. and Secondary,Co-education,33,603, ,Velachery,7171,,TAMIL NADU,Chennai, ,Local Body,Urban
88014,8933802.354125977,1459945.6873168943,33,568,600020,33021001704,CPS KAMARAJ AVENUE,3,1,3,2,Primary,Co-education,33,603, ,Velachery,7171,,TAMIL NADU,Chennai, ,Local Body,Urban
86625,8935098.558288574,1457850.104309082,33,568,600041,33021002123,SWABODHINI SCHOOL FOR  SPECIAL,5,2,3,2,Primary with Upper Primary,Co-education,33,603, ,Velachery,7171,,TAMIL NADU,Chennai, ,Pvt. Unaided (Recognized),Urban
86669,8935243.719,1457905.510925293,33,568,600041,33021002103,CPS T V KUPPAM,3,1,3,2,Primary,Co-education,33,603, ,Velachery,7171,,TAMIL NADU,Chennai, ,Local Body,Urban
87290,8935138.522094727,1458881.3682861328,33,568,600090,33020901902,THE BESANT THEOSOPHICAL HR. SEC. SCHOOL,4,3,3,2,Pr. with Up.Pr. Sec. and H.Sec.,Co-education,33,603, ,Velachery,7171,,TAMIL NADU,Chennai, ,Government Aided,Urban
87382,8934827.829284668,1459014.3488769531,33,568,600041,33021002101,CMS GANDHIGRAMAM,3,2,3,2,Primary with Upper Primary,Co-education,33,603, ,Velachery,7171,,TAMIL NADU,Chennai, ,Local Body,Urban
87607,8935197.966674805,1459343.2614746094,33,568,600090,33020901404,RBI STAFF QUARTERS SCHOOL,5,6,3,2,Pr. Up Pr. and Secondary Only,Co-education,33,603, ,Velachery,7171,,TAMIL NADU,Chennai, ,Pvt. Unaided (Recognized),Urban
88015,8935236.371887207,1459950.028930664,33,568,600090,33021001805,St. John's English School & Jr College,5,3,3,2,Pr. with Up.Pr. Sec. and H.Sec.,Co-education,33,603, ,Velachery,7171,,TAMIL NADU,Chennai, ,Pvt. Unaided (Recognized),Urban
79567,8933074.102111816,1442909.7084960938,33,730,603112,33030600901,"Panchayat Union Primary School, KANATHUR KUPPAM",1,1,3,1,Primary,Co-education,33,787, ,Tiruporur,5958,629401,TAMIL NADU,Chengalpattu,Kannathur Reddy Kuppam,Department of Education,Rural
86398,8931377.593078613,1457439.4143066406,33,568,600042,33021001901,CPS UDHAYAM NAGAR,3,1,3,2,Primary,Co-education,33,603, ,Velachery,7171,,TAMIL NADU,Chennai, ,Local Body,Urban
86504,8930971.276916504,1457622.996,33,568,600042,33021002015,MARG VIDHYALAYA NURSERY & PRIMARY SCHOOL,5,1,3,2,Primary,Co-education,33,603, ,Velachery,7171,,TAMIL NADU,Chennai, ,Pvt. Unaided (Recognized),Urban
86507,8930940.330078125,1457635.7907104492,33,568,600042,33020901715,SUNSHINE N&P,5,12,3,2,Pre-Primary Only,Co-education,33,603, ,Velachery,7171,,TAMIL NADU,Chennai, ,Pvt. Unaided (Recognized),Urban
86723,8930977.956115723,1458000.330505371,33,568,600042,33021001916,NEELA NURSERY & PRIMARY SCHOOL,5,1,3,2,Primary,Co-education,33,603, ,Velachery,7171,,TAMIL NADU,Chennai, ,Pvt. Unaided (Recognized),Urban
86775,8931227.311706543,1458087.153503418,33,568,600042,33021001914,DAVID MATRICULATION HIGHER SECONDARY SCHOOL,5,3,3,2,Pr. with Up.Pr. Sec. and H.Sec.,Co-education,33,603, ,Guindy,7169,,TAMIL NADU,Chennai, ,Pvt. Unaided (Recognized),Urban
86777,8930912.5,1458089.895324707,33,568,600042,33021001924,MOUNT CARMEL MATRICULATION SCHOOL,5,2,3,2,Primary with Upper Primary,Co-education,33,603, ,Guindy,7169,,TAMIL NADU,Chennai, ,Pvt. Unaided (Recognized),Urban
86171,8930730.158874512,1457020.5051269531,33,568,600042,33020901704,ST ANTONY'S HIGHER SECONDARY SCHOOL VELACHERY,4,5,3,2,Up. Pr. Secondary and Higher Sec,Co-education,33,603, ,Velachery,7171,,TAMIL NADU,Chennai, ,Government Aided,Urban
86173,8930685.074523926,1457026.2169189453,33,568,600042,33020901716,DHAYA INTERNATIONAL SCHOOL,8,2,3,2,Primary with Upper Primary,Co-education,33,603, ,Velachery,7171,,TAMIL NADU,Chennai, ,Unrecognized,Urban
86176,8930726.374084473,1457031.8145141602,33,568,600042,33020901701,ST.ANTONY P SCHOOL,4,1,3,2,Primary,Co-education,33,603, ,Velachery,7171,,TAMIL NADU,Chennai, ,Government Aided,Urban
86505,8930726.374084473,1457627.9083251953,33,568,600042,33021001904,"ST.SAVIO MATRICULATION HIGHER  SECONDARY SCHOOL, VELACHERY",5,3,3,2,Pr. with Up.Pr. Sec. and H.Sec.,Co-education,33,603, ,Velachery,7171,,TAMIL NADU,Chennai, ,Pvt. Unaided (Recognized),Urban
86697,8930740.622924805,1457966.6295166016,33,568,600015,33020901703,"ADVENT CHRISTIAN  HIGH  SCHOOL, VELACHERY",4,7,3,2,Upper Pr. and Secondary,Co-education,33,603, ,Velachery,7171,,TAMIL NADU,Chennai, ,Government Aided,Urban
86698,8930740.622924805,1457966.6295166016,33,568,600042,33020901702,A.C. Primary School Velachery,4,1,3,2,Primary,Co-education,33,603, ,Velachery,7171,,TAMIL NADU,Chennai, ,Government Aided,Urban
79839,8927854.999084473,1443775.8931274414,33,730,600130,33030605402,ACPS KARANAI,4,1,3,1,Primary,Co-education,33,787, ,Tiruporur,5958,629398,TAMIL NADU,Chengalpattu,Karanai,Government Aided,Rural
81898,8927862.680114746,1449069.0258789062,33,730,600100,33031402403,"AC PRIMARY School, Perumbakkam",4,1,3,1,Primary,Co-education,33,787,05703,Tambaram,5703,629375,TAMIL NADU,Chengalpattu,Perumbakkam,Government Aided,Rural
79589,8927458.033874512,1442980.5003051758,33,730,600130,33030600602,"Ansaldo HS(Unaided), Thazhambur",5,7,3,1,Upper Pr. and Secondary,Co-education,33,787, ,Tiruporur,5958,629399,TAMIL NADU,Chengalpattu,Thazhambur,Pvt. Unaided (Recognized),Rural
80597,8927476.735473633,1445873.2963256836,33,730,600126,33031402002,SAI SANKALP NURSERY & PRIMARY SCHOOL,5,1,3,2,Primary,Co-education,33,787,05703,Tambaram,5703,629376,TAMIL NADU,Chengalpattu,Sittalapakkam,Pvt. Unaided (Recognized),Urban
80677,8927302.965698242,1446080.5557250977,33,730,600131,33031402605,MAYFIELD RESIDENTIAL SCHOOL SITHALAPAKKAM,5,6,3,1,Pr. Up Pr. and Secondary Only,Co-education,33,787,05703,Tambaram,5703,629376,TAMIL NADU,Chengalpattu,Sittalapakkam,Pvt. Unaided (Recognized),Rural
81504,8927474.286499023,1448284.9063110352,33,730,600100,33031402402,"Gayathri N & PS,Perumbakkam",5,1,3,1,Primary,Co-education,33,787,05703,Tambaram,5703,629375,TAMIL NADU,Chengalpattu,Perumbakkam,Pvt. Unaided (Recognized),Rural
81545,8927630.578918457,1448371.4713134766,33,730,600100,33031402401,"PUMS, NOOKAMPALAYAM",1,2,3,1,Primary with Upper Primary,Co-education,33,787,05703,Tambaram,5703,629375,TAMIL NADU,Chengalpattu,Perumbakkam,Department of Education,Rural
82376,8927018.321716309,1450130.237121582,33,730,600100,33031401508,GHSS Medavakkam,1,5,3,1,Up. Pr. Secondary and Higher Sec,Co-education,33,787,05703,Tambaram,5703,629387,TAMIL NADU,Chengalpattu,Medavakkam (CT),Department of Education,Rural
82422,8927007.189880371,1450213.6099243164,33,730,600100,33031401502,PUPS MEDAVAKKAM,1,1,3,1,Primary,Co-education,33,787,05703,Tambaram,5703,629387,TAMIL NADU,Chengalpattu,Medavakkam (CT),Department of Education,Rural
82475,8927033.239,1450289.901916504,33,730,600100,33031401503,"ZIGMA MHSS, MEDAVAKKAM",5,3,3,1,Pr. with Up.Pr. Sec. and H.Sec.,Co-education,33,787,05703,Tambaram,5703,629387,TAMIL NADU,Chengalpattu,Medavakkam (CT),Pvt. Unaided (Recognized),Rural
82918,8927746.351,1451164.3048706057,33,730,600100,33031400606,"AKG Public School, Jalladianpet",5,3,3,2,Pr. with Up.Pr. Sec. and H.Sec.,Co-education,33,787,05703,Tambaram,5703,629387,TAMIL NADU,Chengalpattu,Medavakkam (CT),Pvt. Unaided (Recognized),Urban
83002,8927681.785888672,1451303.1884765625,33,730,600100,33031403504,"GOVERNMENT HIGHER SECONDARY SCHOOL, PALLIKARANAI, CHENNAI 600100",1,5,3,2,Up. Pr. Secondary and Higher Sec,Co-education,33,787,05703,Tambaram,5703,629387,TAMIL NADU,Chengalpattu,Medavakkam (CT),Department of Education,Urban
83926,8926853.568908691,1453216.3336791992,33,730,600129,33031400802,"GHSS,KOVILAMBAKKAM",1,5,3,1,Up. Pr. Secondary and Higher Sec,Co-education,33,787,05703,Tambaram,5703,629386,TAMIL NADU,Chengalpattu,Koilambakkam (CT),Department of Education,Rural
84121,8927233.168273926,1453543.0089111328,33,730,600129,33031400801,PUPS KOVILAMBAKKAM,1,1,3,1,Primary,Co-education,33,787,05703,Tambaram,5703,629386,TAMIL NADU,Chengalpattu,Koilambakkam (CT),Department of Education,Rural
84157,8927252.426696777,1453579.2175292969,33,730,600129,33031400812,Himayam Matric Higher Secondary School,5,3,3,1,Pr. with Up.Pr. Sec. and H.Sec.,Co-education,33,787,05703,Tambaram,5703,629386,TAMIL NADU,Chengalpattu,Koilambakkam (CT),Pvt. Unaided (Recognized),Rural
84181,8927185.634887695,1453640.5552978516,33,730,600129,33031400805,NETHAJI VIDHYALAYAM NURSERY & PRIMARY SCHOOL,5,1,3,1,Primary,Co-education,33,787,05703,Tambaram,5703,629386,TAMIL NADU,Chengalpattu,Koilambakkam (CT),Pvt. Unaided (Recognized),Rural
84211,8927094.686889648,1453683.6174926758,33,730,600117,33031400814,"Srujana Montessori N & PS, Kovilambakkam",5,3,3,1,Pr. with Up.Pr. Sec. and H.Sec.,Co-education,33,787,05703,Tambaram,5703,629386,TAMIL NADU,Chengalpattu,Koilambakkam (CT),Pvt. Unaided (Recognized),Rural
84506,8927108.045288086,1454295.2901000977,33,730,600129,33031400815,"Sri Chaitanya Techno Scool, Kovilamabakkam",5,3,3,1,Pr. with Up.Pr. Sec. and H.Sec.,Co-education,33,787, ,Pallavaram,6629,803356,TAMIL NADU,Chengalpattu,Pallavaram (M),Pvt. Unaided (Recognized),Rural
84898,8927022.329284668,1454919.5407104492,33,730,600091,33030903126,"VAILANKANNI SILVER JUBILEE MATRIC.HR.SEC.SCHOOL, MADIPAKKAM",5,3,3,2,Pr. with Up.Pr. Sec. and H.Sec.,Co-education,33,787, ,Pallavaram,6629,803356,TAMIL NADU,Chengalpattu,Pallavaram (M),Pvt. Unaided (Recognized),Urban
85625,8926869.487670898,1456100.228881836,33,730,600091,33031401010,Sai MHSS Madipakkam,5,3,3,2,Pr. with Up.Pr. Sec. and H.Sec.,Co-education,33,787, ,Pallavaram,6629,629373,TAMIL NADU,Chengalpattu,Moovarasampettai (CT),Pvt. Unaided (Recognized),Urban
85658,8926933.384887695,1456167.969116211,33,730,600091,33031401008,Rajkumar Sulochana MHSS Madipakkam,5,3,3,2,Pr. with Up.Pr. Sec. and H.Sec.,Co-education,33,787, ,Pallavaram,6629,629373,TAMIL NADU,Chengalpattu,Moovarasampettai (CT),Pvt. Unaided (Recognized),Urban
80007,8922945.586914062,1444268.3717041016,33,730,600127,33030701701,"PUPS, VENGADAMANGALAM",1,1,3,1,Primary,Co-education,33,787,05706,Chengalpattu,5706,629396,TAMIL NADU,Chengalpattu,Vengadamangalam,Department of Education,Rural
80860,8922386.985717773,1446641.5908813477,33,730,600126,33031400103,SRI VENKATESWARA VIDYALAYA NURSERY & PRIMARY SCHOOL,5,2,3,1,Primary with Upper Primary,Co-education,33,787,05703,Tambaram,5703,629364,TAMIL NADU,Chengalpattu,Kasbapuram,Pvt. Unaided (Recognized),Rural
80862,8922253.847473145,1446651.6400756836,33,730,600126,33031400101,ADWPS Padhuvancherry,2,1,3,1,Primary,Co-education,33,787,05703,Tambaram,5703,629364,TAMIL NADU,Chengalpattu,Kasbapuram,Tribal Welfare Department,Rural
80869,8922292.809509277,1446668.7692871094,33,730,600126,33031400104,"ADWHS, Paduvanchery",2,5,3,1,Up. Pr. Secondary and Higher Sec,Co-education,33,787,05703,Tambaram,5703,629364,TAMIL NADU,Chengalpattu,Kasbapuram,Tribal Welfare Department,Rural
80892,8922197.742492676,1446717.5307006836,33,730,600126,33031400105,"Sharon N & P School, Padhuvancheri",5,1,3,1,Primary,Co-education,33,787,05703,Tambaram,5703,629364,TAMIL NADU,Chengalpattu,Kasbapuram,Pvt. Unaided (Recognized),Rural
81908,8922723.949707031,1449077.705505371,33,730,600126,33031403308,Mount Carmel Mat. School,5,3,3,2,Pr. with Up.Pr. Sec. and H.Sec.,Co-education,33,787,05703,Tambaram,5703,803348,TAMIL NADU,Chengalpattu,Madambakkam (TP),Pvt. Unaided (Recognized),Urban
82056,8922957.387,1449414.155090332,33,730,600126,33031403301,GHSS MADAMBAKKAM,1,5,3,2,Up. Pr. Secondary and Higher Sec,Co-education,33,787,05703,Tambaram,5703,803348,TAMIL NADU,Chengalpattu,Madambakkam (TP),Department of Education,Urban
82095,8922597.490905762,1449490.2164916992,33,730,600073,33031404015,Trileaves Global School,5,3,3,2,Pr. with Up.Pr. Sec. and H.Sec.,Co-education,33,787,05703,Tambaram,5703,803345,TAMIL NADU,Chengalpattu,Tambaram (M),Pvt. Unaided (Recognized),Urban
82163,8922611.183105469,1449616.3007202148,33,730,600073,33031404014,"Trileaves International School, Sembakkam",5,3,3,2,Pr. with Up.Pr. Sec. and H.Sec.,Co-education,33,787,05703,Tambaram,5703,803345,TAMIL NADU,Chengalpattu,Tambaram (M),Pvt. Unaided (Recognized),Urban
82313,8922459.120727539,1449968.7459106443,33,730,600073,33031402803,KENDRIYA VIDYALAYA NO.2 TAMBARAM (Code-1779),92,3,3,1,Pr. with Up.Pr. Sec. and H.Sec.,Co-education,33,787,05703,Tambaram,5703,803345,TAMIL NADU,Chengalpattu,Tambaram (M),Kendriya Vidyalaya(KV),Rural
82482,8923018.946289062,1450330.2178955078,33,730,600073,33031404008,CHRIST KRUPA NURSERY & PRIMARY SCHOOL,5,1,3,2,Primary,Co-education,33,787,05703,Tambaram,5703,,TAMIL NADU,Chengalpattu, ,Pvt. Unaided (Recognized),Urban
83548,8922255.963,1452524.1600952148,33,730,600064,33030904505,"Phoenix Play And Primary School, Hasthinapuram",5,1,3,2,Primary,Co-education,33,787,05703,Tambaram,5703,803343,TAMIL NADU,Chengalpattu,Chitlapakkam (TP),Pvt. Unaided (Recognized),Urban
83589,8922248.838,1452617.819519043,33,730,600064,33030904506,"Saradha Vidyalaya N and PS, Hasthinapuram",5,1,3,2,Primary,Co-education,33,787, ,Pallavaram,6629,803356,TAMIL NADU,Chengalpattu,Pallavaram (M),Pvt. Unaided (Recognized),Urban
83714,8922879.463,1452849.3425292969,33,730,600064,33030904503,"Shikshaa Public School, Hasthinapuram",5,3,3,2,Pr. with Up.Pr. Sec. and H.Sec.,Co-education,33,787, ,Pallavaram,6629,803356,TAMIL NADU,Chengalpattu,Pallavaram (M),Pvt. Unaided (Recognized),Urban
83743,8922916.309875488,1452918.5598754885,33,730,600064,33030903224,SHIKSHAA MATRIC HR SEC SCHOOL HASTHINAPURAM,5,3,3,2,Pr. with Up.Pr. Sec. and H.Sec.,Co-education,33,787, ,Pallavaram,6629,803356,TAMIL NADU,Chengalpattu,Pallavaram (M),Pvt. Unaided (Recognized),Urban
83836,8922684.097473145,1453027.5263061523,33,730,600064,33030903276,"Royal Matric HSS,Hastinapuram",5,6,3,2,Pr. Up Pr. and Secondary Only,Co-education,33,787, ,Pallavaram,6629,803356,TAMIL NADU,Chengalpattu,Pallavaram (M),Pvt. Unaided (Recognized),Urban
83860,8922475.818725586,1453084.750915527,33,730,600064,33030903221,MPS HASTHINAPURAM,3,1,3,2,Primary,Co-education,33,787, ,Pallavaram,6629,803356,TAMIL NADU,Chengalpattu,Pallavaram (M),Local Body,Urban
83891,8922426.281,1453136.6072998047,33,730,600064,33030903223,MPL HSS HASTHINAPURAM,3,5,3,2,Up. Pr. Secondary and Higher Sec,Co-education,33,787, ,Pallavaram,6629,803356,TAMIL NADU,Chengalpattu,Pallavaram (M),Local Body,Urban
83906,8922288.913330078,1453181.153503418,33,730,600044,33030903229," SAVIOUR JESUS MATRICULATION HIGHER SECONDARY SCHOOL,CHROMEPET",5,3,3,2,Pr. with Up.Pr. Sec. and H.Sec.,Co-education,33,787, ,Pallavaram,6629,803356,TAMIL NADU,Chengalpattu,Pallavaram (M),Pvt. Unaided (Recognized),Urban
84301,8922803.543273926,1453890.9334716797,33,730,600044,33030903255,MPL HSS ZAMIN ROYAPET,3,5,3,2,Up. Pr. Secondary and Higher Sec,Co-education,33,787, ,Pallavaram,6629,803356,TAMIL NADU,Chengalpattu,Pallavaram (M),Local Body,Urban
84302,8922834.935302734,1453892.7611083984,33,730,600044,33030903230,PALLAVAPURAM MUNICIPAL PRIMARY SCHOOL ZAMINROYAPETAI CHROMEPET,3,1,3,2,Primary,Co-education,33,787, ,Pallavaram,6629,803356,TAMIL NADU,Chengalpattu,Pallavaram (M),Local Body,Urban
84383,8922220.897094727,1454060.5568847656,33,730,600044,33030903266,"NAVABHARATH NURSERY & PRIMARY SCHOOL, CHROMEPET",5,1,3,2,Primary,Co-education,33,787, ,Pallavaram,6629,803356,TAMIL NADU,Chengalpattu,Pallavaram (M),Pvt. Unaided (Recognized),Urban
84397,8922554.632873535,1454106.0184936523,33,730,600044,33030903234,"Neelaram Mat.HSS,Chrompet",5,3,3,2,Pr. with Up.Pr. Sec. and H.Sec.,Co-education,33,787, ,Pallavaram,6629,803356,TAMIL NADU,Chengalpattu,Pallavaram (M),Pvt. Unaided (Recognized),Urban
84502,8922187.835083008,1454285.0097045898,33,730,600044,33030903256,"ECI-CHRIST CHURCH NURSERY & PRIMARY SCHOOL, RADHA",5,1,3,2,Primary,Co-education,33,787, ,Pallavaram,6629,803356,TAMIL NADU,Chengalpattu,Pallavaram (M),Pvt. Unaided (Recognized),Urban
85301,8922319.303527832,1455570.6494750977,33,730,600043,33030903210,"ST. MARY MATRIC HR SEC SCHOOL, ZAMIN PALLAVARAM",5,3,3,2,Pr. with Up.Pr. Sec. and H.Sec.,Co-education,33,787, ,Pallavaram,6629,803356,TAMIL NADU,Chengalpattu,Pallavaram (M),Pvt. Unaided (Recognized),Urban
85354,8922406.355285645,1455661.6917114258,33,730,600043,33030903288,"BENNY NURSERY & PRIMARY SCHOOL, PALLAVARAM",5,1,3,2,Primary,Co-education,33,787, ,Pallavaram,6629,803356,TAMIL NADU,Chengalpattu,Pallavaram (M),Pvt. Unaided (Recognized),Urban
85423,8922668.624084473,1455756.047,33,730,600043,33030903297,"Lillies Garden NPS, Pallavaram",5,1,3,2,Primary,Co-education,33,787, ,Pallavaram,6629,803356,TAMIL NADU,Chengalpattu,Pallavaram (M),Pvt. Unaided (Recognized),Urban
85445,8922910.743896484,1455807.5653076172,33,730,600043,33030903211,PAM MS PALLAVARAM,4,2,3,2,Primary with Upper Primary,Co-education,33,787, ,Pallavaram,6629,803356,TAMIL NADU,Chengalpattu,Pallavaram (M),Government Aided,Urban
85566,8922193.735107422,1455995.477478027,33,730,600043,33030903207,MPL PS ESA PALLAVARAM,3,1,3,2,Primary,Co-education,33,787, ,Pallavaram,6629,803354,TAMIL NADU,Chengalpattu,Pammal (M),Local Body,Urban
85571,8922242.715698242,1456014.896911621,33,730,600043,33030903209,"MMA GHSS, Pallavaram",1,5,3,2,Up. Pr. Secondary and Higher Sec,Co-education,33,787, ,Pallavaram,6629,803354,TAMIL NADU,Chengalpattu,Pammal (M),Department of Education,Urban
85779,8922898.832702637,1456349.0294799805,33,730,600043,33030903296,"Sri Venkateswara NPS, Pallavaram",5,1,3,2,Primary,Co-education,33,787, ,Pallavaram,6629,803354,TAMIL NADU,Chengalpattu,Pammal (M),Pvt. Unaided (Recognized),Urban
85802,8922220.563110352,1456400.663330078,33,730,600043,33030903264,LAWRENCE NURSERY & PRIMARY SCHOOL,5,1,3,2,Primary,Co-education,33,787, ,Pallavaram,6629,803354,TAMIL NADU,Chengalpattu,Pammal (M),Pvt. Unaided (Recognized),Urban
85859,8922278.449279785,1456498.7907104492,33,730,600043,33030903254,ARINGNAR ANNA CANTONMENT HIGH SCHOOL PALLAVARAM,4,7,3,2,Upper Pr. and Secondary,Co-education,33,787, ,Pallavaram,6629,803354,TAMIL NADU,Chengalpattu,Pammal (M),Government Aided,Urban
85865,8922321.975097656,1456518.7819213867,33,730,600043,33030903206,"DOCTOR APJ ABDULKALAM CANTONMENT PS, PALLAVARAM",4,1,3,2,Primary,Co-education,33,787, ,Pallavaram,6629,803354,TAMIL NADU,Chengalpattu,Pammal (M),Government Aided,Urban
85894,8922302.828,1456557.9642944336,33,730,600043,33030903290,"DOCTOR B.R. AMBEDKAR CANTONMENT MONTESSORI SCHOOL, PALLAVARAM",5,1,3,2,Primary,Co-education,33,787, ,Pallavaram,6629,803354,TAMIL NADU,Chengalpattu,Pammal (M),Pvt. Unaided (Recognized),Urban
86245,8922392.774291992,1457193.1173095703,33,730,600043,33030903270,C.S.I ST.STEPHEN'S MATRICULATION SCHOOL PALLAVARAM,5,6,3,2,Pr. Up Pr. and Secondary Only,Co-education,33,787, ,Pallavaram,6629,803354,TAMIL NADU,Chengalpattu,Pammal (M),Pvt. Unaided (Recognized),Urban
86833,8922212.659301758,1458181.9736938477,33,730,600074,33031400402,GHS COWLBAZAR,1,7,3,1,Upper Pr. and Secondary,Co-education,33,787, ,Pallavaram,6629,629374,TAMIL NADU,Chengalpattu,Cowl Bazaar (OG),Department of Education,Rural
86999,8922320.639282227,1458474.4332885742,33,730,600074,33031400401,"PUPS, COWELBAZAR",1,1,3,1,Primary,Co-education,33,787, ,Pallavaram,6629,629374,TAMIL NADU,Chengalpattu,Cowl Bazaar (OG),Department of Education,Rural
87258,8922241.268493652,1458823.903503418,33,730,600070,33030901819,LITTLE STAR NURSERY AND PRIMARY SCHOOL.ANAKAPUTHUR,5,1,3,2,Primary,Co-education,33,787, ,Pallavaram,6629,629374,TAMIL NADU,Chengalpattu,Cowl Bazaar (OG),Pvt. Unaided (Recognized),Urban
87539,8922596.711730957,1459253.5783081057,33,574,600122,33030501403,"PANCHAYATH UNION PRIMARY SCHOOL,ANNAI INDIRA NAGAR, GERUGAMPAKKAM",1,1,3,1,Primary,Co-education,33,787, ,Pallavaram,6629,629359,TAMIL NADU,Chengalpattu,Kolapakkam (OG),Department of Education,Rural
79705,8926266.692504883,1443371.571472168,33,730,600127,33030600302,light house N and PS Ponmar,5,3,3,1,Pr. with Up.Pr. Sec. and H.Sec.,Co-education,33,787, ,Tiruporur,5958,629397,TAMIL NADU,Chengalpattu,Ponmar,Pvt. Unaided (Recognized),Rural
79882,8926758.947509766,1443908.8032836914,33,730,600130,33031402001,PUMS OTTIYAMPAKKAAM,1,2,3,1,Primary with Upper Primary,Co-education,33,787,05703,Tambaram,5703,629377,TAMIL NADU,Chengalpattu,Ottiambakkam,Department of Education,Rural
80920,8926044.276306152,1446812.6557006836,33,730,600131,33031402601,PUPS Sithalapakkam,1,1,3,1,Primary,Co-education,33,787,05703,Tambaram,5703,629376,TAMIL NADU,Chengalpattu,Sittalapakkam,Department of Education,Rural
80941,8926355.525512695,1446832.5258789062,33,730,600126,33031402604,Alpha Nursery & Primary School,5,3,3,1,Pr. with Up.Pr. Sec. and H.Sec.,Co-education,33,787,05703,Tambaram,5703,629376,TAMIL NADU,Chengalpattu,Sittalapakkam,Pvt. Unaided (Recognized),Rural
81171,8926164.501281738,1447425.8939208984,33,730,600100,33031402410,NETHAJI VIDHYALAYAM,5,6,3,1,Pr. Up Pr. and Secondary Only,Co-education,33,787,05703,Tambaram,5703,629376,TAMIL NADU,Chengalpattu,Sittalapakkam,Pvt. Unaided (Recognized),Rural
81227,8926170.623901367,1447569.0988769531,33,730,600126,33031402607,SIVASAKTHI NURSERY & PRIMARY SCHOOL,5,1,3,1,Primary,Co-education,33,787,05703,Tambaram,5703,629376,TAMIL NADU,Chengalpattu,Sittalapakkam,Pvt. Unaided (Recognized),Rural
82360,8926721.989318848,1450082.3834838867,33,730,600100,33031401509,"NETHAJI VIDHYALAYAM NURSERY & PRIMARY SCHOOL, MED",5,1,3,1,Primary,Co-education,33,787,05703,Tambaram,5703,629387,TAMIL NADU,Chengalpattu,Medavakkam (CT),Pvt. Unaided (Recognized),Rural
82410,8926511.707,1450189.169128418,33,730,600100,33031401506,BORN SCHOLARS  MATRICULATION HIGHER SECONDARY SCHOOL,5,3,3,1,Pr. with Up.Pr. Sec. and H.Sec.,Co-education,33,787,05703,Tambaram,5703,629387,TAMIL NADU,Chengalpattu,Medavakkam (CT),Pvt. Unaided (Recognized),Rural
82434,8926788.892,1450229.5991210938,33,730,600044,33031401507,"Christ The King Matriculation HSS, Medavakkam",5,3,3,1,Pr. with Up.Pr. Sec. and H.Sec.,Co-education,33,787,05703,Tambaram,5703,629387,TAMIL NADU,Chengalpattu,Medavakkam (CT),Pvt. Unaided (Recognized),Rural
82472,8926261.905883789,1450285.7902832031,33,730,600100,33031401516,Thiru Valluvar Thamizhvazhi Mazhilayar Thodakkapalli,5,1,3,1,Primary,Co-education,33,787,05703,Tambaram,5703,629387,TAMIL NADU,Chengalpattu,Medavakkam (CT),Pvt. Unaided (Recognized),Rural
82473,8926652.748718262,1450286.0186767578,33,730,600100,33031401510,"St.Joseph MHSS,Medavakkam",5,3,3,1,Pr. with Up.Pr. Sec. and H.Sec.,Co-education,33,787,05703,Tambaram,5703,629387,TAMIL NADU,Chengalpattu,Medavakkam (CT),Pvt. Unaided (Recognized),Rural
82479,8926793.011108398,1450313.6574707031,33,730,600100,33031401511,SRI SARASWATHY VIDHYALAYA NURSERY & PRIMARY SCHOOL,5,1,3,1,Primary,Co-education,33,787,05703,Tambaram,5703,629387,TAMIL NADU,Chengalpattu,Medavakkam (CT),Pvt. Unaided (Recognized),Rural
82577,8926553.562927246,1450487.1427001953,33,730,600100,33031401512,NEW LIFE NURSERY & PRIMARY SCHOOL,5,1,3,1,Primary,Co-education,33,787,05703,Tambaram,5703,629387,TAMIL NADU,Chengalpattu,Medavakkam (CT),Pvt. Unaided (Recognized),Rural
83212,8926454.822509766,1451773.8674926758,33,730,600100,33031401515,Velammal New Gen School,5,2,3,1,Primary with Upper Primary,Co-education,33,787,05703,Tambaram,5703,629387,TAMIL NADU,Chengalpattu,Medavakkam (CT),Pvt. Unaided (Recognized),Rural
83595,8926036.483886719,1452629.2415161133,33,730,600129,33031400811,AVG VIDYALAYA MATRICULATION SCHOOL,5,3,3,1,Pr. with Up.Pr. Sec. and H.Sec.,Co-education,33,787,05703,Tambaram,5703,629391,TAMIL NADU,Chengalpattu,Nanmangalam (OG),Pvt. Unaided (Recognized),Rural
83715,8926060.974121094,1452870.587524414,33,730,600129,33031400807,"JAI SRIRAM NURSERY & PRIMARY SCHOOL, KOVILAMBAKKAM",5,1,3,1,Primary,Co-education,33,787,05703,Tambaram,5703,629391,TAMIL NADU,Chengalpattu,Nanmangalam (OG),Pvt. Unaided (Recognized),Rural
83843,8926348.846496582,1453040.8900756836,33,730,600129,33031400808,"The Golden Nursery And Primary School, s.kolathur",5,1,3,1,Primary,Co-education,33,787,05703,Tambaram,5703,629391,TAMIL NADU,Chengalpattu,Nanmangalam (OG),Pvt. Unaided (Recognized),Rural
84449,8926232.406,1454186.090270996,33,730,600100,33031401514,Ravindra Bharathi Global School,5,6,3,1,Pr. Up Pr. and Secondary Only,Co-education,33,787, ,Pallavaram,6629,803356,TAMIL NADU,Chengalpattu,Pallavaram (M),Pvt. Unaided (Recognized),Rural
84450,8926236.858886719,1454191.5731201172,33,730,600117,33030903170,RAVINDRA BHARATHI  GLOBAL KEELKATTALAI,5,6,3,2,Pr. Up Pr. and Secondary Only,Co-education,33,787, ,Pallavaram,6629,803356,TAMIL NADU,Chengalpattu,Pallavaram (M),Pvt. Unaided (Recognized),Urban
84770,8926147.024108887,1454709.1331176758,33,730,600117,33030903105,MMS Keelkattalai,3,2,3,2,Primary with Upper Primary,Co-education,33,787, ,Pallavaram,6629,803356,TAMIL NADU,Chengalpattu,Pallavaram (M),Local Body,Urban
84888,8926077.672,1454894.5247192385,33,730,600117,33030903283,"Sri Sankara Global Academy, Keelkatalai",5,6,3,2,Pr. Up Pr. and Secondary Only,Co-education,33,787, ,Pallavaram,6629,803356,TAMIL NADU,Chengalpattu,Pallavaram (M),Pvt. Unaided (Recognized),Urban
85104,8926323.688110352,1455201.4575195312,33,730,600117,33030903125,"HOLY FAMILY CONVENT MATRIC HIGHER SECONDARY SCHOOL, KEELKATTALAI",5,3,3,2,Pr. with Up.Pr. Sec. and H.Sec.,Co-education,33,787, ,Pallavaram,6629,803356,TAMIL NADU,Chengalpattu,Pallavaram (M),Pvt. Unaided (Recognized),Urban
85629,8926339.495483398,1456114.5078735352,33,730,600091,33031401605,kalaimagal Vidhya Mandir MHSS  madipakkam,5,3,3,2,Pr. with Up.Pr. Sec. and H.Sec.,Co-education,33,787, ,Pallavaram,6629,629373,TAMIL NADU,Chengalpattu,Moovarasampettai (CT),Pvt. Unaided (Recognized),Urban
85655,8926810.265686035,1456162.2575073242,33,730,600091,33031401009,"SAI RAM VIDYALAYA SENIOR SECONDARY SCHOOL(CBSE), MADIPAKKAM",5,3,3,2,Pr. with Up.Pr. Sec. and H.Sec.,Co-education,33,787, ,Pallavaram,6629,629373,TAMIL NADU,Chengalpattu,Moovarasampettai (CT),Pvt. Unaided (Recognized),Urban
85669,8926104.388671875,1456178.2501220703,33,730,600091,33031401601,PUPS MOOVARASAMPET,1,1,3,1,Primary,Co-education,33,787, ,Pallavaram,6629,629372,TAMIL NADU,Chengalpattu,Tirusulam (CT),Department of Education,Rural
85671,8926118.860290527,1456181.6771240234,33,730,600091,33031401602,"GHSS, MOOVARASAMPET",1,5,3,1,Up. Pr. Secondary and Higher Sec,Co-education,33,787, ,Pallavaram,6629,629372,TAMIL NADU,Chengalpattu,Tirusulam (CT),Department of Education,Rural
80926,8921399.247924805,1446821.7915039062,33,730,600126,33031403310,Lord Christ N&P School,5,1,3,1,Primary,Co-education,33,787,05703,Tambaram,5703,,TAMIL NADU,Chengalpattu, ,Pvt. Unaided (Recognized),Rural
81351,8921494.426086426,1447910.4412841797,33,730,600073,33031402806,"Shree Bharath Vidyaasharam, Thiruvanchery",5,3,3,1,Pr. with Up.Pr. Sec. and H.Sec.,Co-education,33,787,05703,Tambaram,5703,629370,TAMIL NADU,Chengalpattu,Tiruvancheri (OG),Pvt. Unaided (Recognized),Rural
81948,8921308.745117188,1449152.5098876953,33,730,600073,33030903361,MPS MGR Nagar,3,1,3,2,Primary,Co-education,33,787,05703,Tambaram,5703,803345,TAMIL NADU,Chengalpattu,Tambaram (M),Local Body,Urban
82197,8921666.303283691,1449689.964477539,33,730,600073,33030903335,ZION MAT HSS SELAIYUR,5,3,3,2,Pr. with Up.Pr. Sec. and H.Sec.,Co-education,33,787,05703,Tambaram,5703,803345,TAMIL NADU,Chengalpattu,Tambaram (M),Pvt. Unaided (Recognized),Urban
82261,8921719.180114746,1449865.1591186523,33,730,600073,33030903394,"ALWIN MEMORIAL PUBLIC SC,SELAIYUR",5,3,3,2,Pr. with Up.Pr. Sec. and H.Sec.,Co-education,33,787,05703,Tambaram,5703,803345,TAMIL NADU,Chengalpattu,Tambaram (M),Pvt. Unaided (Recognized),Urban
82394,8921882.931091309,1450142.0004882812,33,730,600073,33031402802,KENDRIYA VIDYALAYA NO.1 AFS TAMBARAM (Code-1778),92,3,3,1,Pr. with Up.Pr. Sec. and H.Sec.,Co-education,33,787,05703,Tambaram,5703,803345,TAMIL NADU,Chengalpattu,Tambaram (M),Kendriya Vidyalaya(KV),Rural
82461,8921218.91,1450262.4915161133,33,730,600073,33030903369,INFANT JESUS NURSERY & PRIMARY SCHOOL,5,1,3,2,Primary,Co-education,33,787,05703,Tambaram,5703,803345,TAMIL NADU,Chengalpattu,Tambaram (M),Pvt. Unaided (Recognized),Urban
82746,8921476.948913574,1450825.6646728516,33,730,600073,33030903334,ST MARKS MAT SCHOOL,5,6,3,2,Pr. Up Pr. and Secondary Only,Co-education,33,787,05703,Tambaram,5703,803345,TAMIL NADU,Chengalpattu,Tambaram (M),Pvt. Unaided (Recognized),Urban
83003,8921502.107,1451304.5590820312,33,730,600073,33030903333,"SRI VENKATESWARA VID MATRIC SCHOOL, SELAIYUR",5,6,3,2,Pr. Up Pr. and Secondary Only,Co-education,33,787,05703,Tambaram,5703,803345,TAMIL NADU,Chengalpattu,Tambaram (M),Pvt. Unaided (Recognized),Urban
83175,8921695.358,1451683.637084961,33,730,600064,33031403118,"Grace International School, Chitlapakkam",5,3,3,2,Pr. with Up.Pr. Sec. and H.Sec.,Co-education,33,787,05703,Tambaram,5703,803343,TAMIL NADU,Chengalpattu,Chitlapakkam (TP),Pvt. Unaided (Recognized),Urban
83460,8921917.328674316,1452326.219909668,33,730,600064,33031403105,Rosily MHSS Chitlapakkam,5,3,3,2,Pr. with Up.Pr. Sec. and H.Sec.,Co-education,33,787,05703,Tambaram,5703,803343,TAMIL NADU,Chengalpattu,Chitlapakkam (TP),Pvt. Unaided (Recognized),Urban
83466,8921874.248,1452347.1217041016,33,730,600064,33031403104,ADWPS CHITLAPAKKAM,2,1,3,2,Primary,Co-education,33,787,05703,Tambaram,5703,803343,TAMIL NADU,Chengalpattu,Chitlapakkam (TP),Tribal Welfare Department,Urban
83477,8921849.424,1452379.5596923828,33,730,600047,33031403114,"VICTORY NURSERY & PRIMARY SCHOOL, SANATORIUM",5,1,3,2,Primary,Co-education,33,787,05703,Tambaram,5703,803343,TAMIL NADU,Chengalpattu,Chitlapakkam (TP),Pvt. Unaided (Recognized),Urban
83902,8921321.769470215,1453167.2185058594,33,730,600044,33030903239,"N.S.N Matric Hr.Sec,School Chrompet",5,3,3,2,Pr. with Up.Pr. Sec. and H.Sec.,Co-education,33,787, ,Pallavaram,6629,803356,TAMIL NADU,Chengalpattu,Pallavaram (M),Pvt. Unaided (Recognized),Urban
83953,8921276.128479004,1453239.6348876953,33,730,600044,33030903243,SRI AIYASWAMY AIYAR HS CHROMPET,4,7,3,2,Upper Pr. and Secondary,Co-education,33,787, ,Pallavaram,6629,803356,TAMIL NADU,Chengalpattu,Pallavaram (M),Government Aided,Urban
83959,8921247.631,1453248.2014770508,33,730,600044,33030903242,"SRI AIYASWAMI AIYAR ELEMENTARY SCHOOL,  CHROMPET",4,1,3,2,Primary,Co-education,33,787, ,Pallavaram,6629,803356,TAMIL NADU,Chengalpattu,Pallavaram (M),Government Aided,Urban
83969,8921219.466918945,1453258.938293457,33,730,600044,33030903298,"Sri Ayyasamy Iyer NP School, Chromepet",5,1,3,2,Primary,Co-education,33,787, ,Pallavaram,6629,803356,TAMIL NADU,Chengalpattu,Pallavaram (M),Pvt. Unaided (Recognized),Urban
84050,8921911.762695312,1453397.2611083984,33,730,600044,33030903235,"CES MIDDLE SCHOOL,  CHROMPET",4,2,3,2,Primary with Upper Primary,Co-education,33,787, ,Pallavaram,6629,803356,TAMIL NADU,Chengalpattu,Pallavaram (M),Government Aided,Urban
84095,8921481.179077148,1453463.1672973633,33,730,600044,33030903294,SMT RAMKUWAR DEVI FOMRA VIVEKANANDA VIDYALAYA,5,3,3,2,Pr. with Up.Pr. Sec. and H.Sec.,Co-education,33,787, ,Pallavaram,6629,803356,TAMIL NADU,Chengalpattu,Pallavaram (M),Pvt. Unaided (Recognized),Urban
84390,8921787.752929688,1454078.147521973,33,730,600044,33030903233,VENKATESWARA MS CHROMEPET,4,2,3,2,Primary with Upper Primary,Co-education,33,787, ,Pallavaram,6629,803356,TAMIL NADU,Chengalpattu,Pallavaram (M),Government Aided,Urban
84445,8921369.971,1454181.2929077148,33,730,600044,33030903259,"ST.MARY'S NURSERY & PRIMARY SCHOOL, CHROMEPET",5,1,3,2,Primary,Co-education,33,787, ,Pallavaram,6629,803356,TAMIL NADU,Chengalpattu,Pallavaram (M),Pvt. Unaided (Recognized),Urban
84592,8921838.848510742,1454463.4309082031,33,730,600044,33030903279,GGN International School,5,6,3,2,Pr. Up Pr. and Secondary Only,Co-education,33,787, ,Pallavaram,6629,803356,TAMIL NADU,Chengalpattu,Pallavaram (M),Pvt. Unaided (Recognized),Urban
84731,8921305.294311523,1454659.5582885742,33,730,600044,33030903252,"Holy Angels MHSS chrompet,ch-44",5,3,3,2,Pr. with Up.Pr. Sec. and H.Sec.,Co-education,33,787, ,Pallavaram,6629,803356,TAMIL NADU,Chengalpattu,Pallavaram (M),Pvt. Unaided (Recognized),Urban
84743,8921425.964477539,1454686.9729003906,33,730,600044,33030903251,HOLY ANGELS GIRLS HIGH SCHOOL CHROMEPET,4,7,2,2,Upper Pr. and Secondary,Girls,33,787, ,Pallavaram,6629,803356,TAMIL NADU,Chengalpattu,Pallavaram (M),Government Aided,Urban
84771,8921397.355285645,1454717.129,33,730,600044,33030903249,HOLY ANGELS PS,4,1,3,2,Primary,Co-education,33,787, ,Pallavaram,6629,803356,TAMIL NADU,Chengalpattu,Pallavaram (M),Government Aided,Urban
85019,8921764.821105957,1455092.4829101562,33,730,600600,33030904502,"Sri Chaitanya Techno School, Chrompet",5,6,3,2,Pr. Up Pr. and Secondary Only,Co-education,33,787, ,Pallavaram,6629,803356,TAMIL NADU,Chengalpattu,Pallavaram (M),Pvt. Unaided (Recognized),Urban
85533,8921309.635681152,1455949.8984985352,33,730,600075,33030903260,"AYEESHA NURSERY & PRIMARY SCHOOL, PALLAVARAM",5,1,3,2,Primary,Co-education,33,787, ,Pallavaram,6629,803354,TAMIL NADU,Chengalpattu,Pammal (M),Pvt. Unaided (Recognized),Urban
85643,8921922.115478516,1456141.6954956057,33,730,600043,33030903204,MMS URDU PALLAVARAM,3,2,3,2,Primary with Upper Primary,Co-education,33,787, ,Pallavaram,6629,803356,TAMIL NADU,Chengalpattu,Pallavaram (M),Local Body,Urban
85711,8921652.834,1456220.7448730469,33,730,600043,33030903205,"KAVITHA MHSS, PALLAVARAM",5,3,3,2,Pr. with Up.Pr. Sec. and H.Sec.,Co-education,33,787, ,Pallavaram,6629,803354,TAMIL NADU,Chengalpattu,Pammal (M),Pvt. Unaided (Recognized),Urban
85838,8921740.664672852,1456448.9844970703,33,730,600043,33030903216,"ST.FRANCIS XAVIER NUR & PRI SCHOOL, PALLAVARAM",5,3,3,2,Pr. with Up.Pr. Sec. and H.Sec.,Co-education,33,787, ,Pallavaram,6629,803354,TAMIL NADU,Chengalpattu,Pammal (M),Pvt. Unaided (Recognized),Urban
85863,8921774.06,1456509.528930664,33,730,600043,33030903202,"ST.THERESA  GIRLS HSS, PALLAVARAM",4,5,2,2,Up. Pr. Secondary and Higher Sec,Girls,33,787, ,Pallavaram,6629,803354,TAMIL NADU,Chengalpattu,Pammal (M),Government Aided,Urban
85886,8921861.891723633,1456536.0313110352,33,730,600043,33030903215,St.Sebastian  MHSS Pallavaram,5,3,3,2,Pr. with Up.Pr. Sec. and H.Sec.,Co-education,33,787, ,Pallavaram,6629,803356,TAMIL NADU,Chengalpattu,Pallavaram (M),Pvt. Unaided (Recognized),Urban
85908,8921685.784301758,1456575.8992919922,33,730,600043,33030903201,"ST.JOSEPH PS, PALLAVARAM",4,1,3,2,Primary,Co-education,33,787, ,Pallavaram,6629,803354,TAMIL NADU,Chengalpattu,Pammal (M),Government Aided,Urban
86304,8921546.634887695,1457287.1348876953,33,730,600075,33030902008,"ANNAI VELANKANI MHSS, PAMMAL",5,3,3,2,Pr. with Up.Pr. Sec. and H.Sec.,Co-education,33,787, ,Pallavaram,6629,803354,TAMIL NADU,Chengalpattu,Pammal (M),Pvt. Unaided (Recognized),Urban
86373,8921427.634277344,1457387.7786865234,33,730,600075,33030902014,"ST.MARY NURSERY & PRIMARY SCHOOL, PAMMAL",5,1,3,2,Primary,Co-education,33,787, ,Pallavaram,6629,803354,TAMIL NADU,Chengalpattu,Pammal (M),Pvt. Unaided (Recognized),Urban
86447,8921792.094299316,1457532.0618896484,33,730,600075,33030902019,Knowledge Academy School,5,3,3,2,Pr. with Up.Pr. Sec. and H.Sec.,Co-education,33,787, ,Pallavaram,6629,629371,TAMIL NADU,Chengalpattu,Polichalur (CT),Pvt. Unaided (Recognized),Urban
86836,8921320.544921875,1458203.5653076172,33,730,600064,33031403117,"Sreevastsa Viswanadan vivekananda vidyalaya Junior College, Chitlapakkam",5,3,3,2,Pr. with Up.Pr. Sec. and H.Sec.,Co-education,33,787, ,Pallavaram,6629,629371,TAMIL NADU,Chengalpattu,Polichalur (CT),Pvt. Unaided (Recognized),Urban
86900,8921376.649902344,1458289.360900879,33,730,600074,33031402302,PUMS  Pozhichalur,1,2,3,1,Primary with Upper Primary,Co-education,33,787, ,Pallavaram,6629,629371,TAMIL NADU,Chengalpattu,Polichalur (CT),Department of Education,Rural
86932,8921392.457,1458355.3927001953,33,730,600074,33031402307,"Sri Selva Vignesh, Pozhichalur",5,6,3,1,Pr. Up Pr. and Secondary Only,Co-education,33,787, ,Pallavaram,6629,629371,TAMIL NADU,Chengalpattu,Polichalur (CT),Pvt. Unaided (Recognized),Rural
87066,8921177.833496094,1458589.4757080078,33,730,600074,33031402304,"MARYA NIVAS MHSS, POZHICHALUR",5,3,3,1,Pr. with Up.Pr. Sec. and H.Sec.,Co-education,33,787, ,Pallavaram,6629,629371,TAMIL NADU,Chengalpattu,Polichalur (CT),Pvt. Unaided (Recognized),Rural
87121,8921587.600524902,1458634.144897461,33,730,600074,33031402305,Sri Saradha Eshwar Vid.Mandir MHSS Pozhichalur,5,3,3,1,Pr. with Up.Pr. Sec. and H.Sec.,Co-education,33,787, ,Pallavaram,6629,629371,TAMIL NADU,Chengalpattu,Polichalur (CT),Pvt. Unaided (Recognized),Rural
87262,8921388.895080566,1458836.5844726562,33,730,600074,33031402301,"ADWPS, Pozhichalur",2,1,3,1,Primary,Co-education,33,787, ,Pallavaram,6629,629371,TAMIL NADU,Chengalpattu,Polichalur (CT),Tribal Welfare Department,Rural
79954,8928325.435302734,1444094.1248779297,33,730,600130,33030605405,"HLC International School, Karanai",5,3,3,1,Pr. with Up.Pr. Sec. and H.Sec.,Co-education,33,787, ,Tiruporur,5958,629398,TAMIL NADU,Chengalpattu,Karanai,Pvt. Unaided (Recognized),Rural
80247,8927969.992126465,1444961.258728027,33,730,603103,33030600605,Athena Global School,5,3,3,1,Pr. with Up.Pr. Sec. and H.Sec.,Co-education,33,787,05703,Tambaram,5703,629377,TAMIL NADU,Chengalpattu,Ottiambakkam,Pvt. Unaided (Recognized),Rural
80870,8928251.073730469,1446672.6520996094,33,730,600126,33031402407,BVM International School,5,3,3,1,Pr. with Up.Pr. Sec. and H.Sec.,Co-education,33,787,05703,Tambaram,5703,629375,TAMIL NADU,Chengalpattu,Perumbakkam,Pvt. Unaided (Recognized),Rural
80964,8928149.105102539,1446911.321105957,33,730,600131,33031402406,"BVM Global School,Perumbakkam",5,3,3,1,Pr. with Up.Pr. Sec. and H.Sec.,Co-education,33,787,05703,Tambaram,5703,,TAMIL NADU,Chengalpattu,Perumbakkam,Pvt. Unaided (Recognized),Rural
81995,8928242.279,1449279.3920898438,33,730,600100,33031402405,"Bharathi Vidyalaya  Senior Secondary School, Perumbakkam",5,3,3,1,Pr. with Up.Pr. Sec. and H.Sec.,Co-education,33,787,05703,Tambaram,5703,629375,TAMIL NADU,Chengalpattu,Perumbakkam,Pvt. Unaided (Recognized),Rural
81513,8921956.735900879,1448303.6353149414,33,730,600064,33031404004,ZION MAT SCHOOL SEMBAKKAM,5,3,3,2,Pr. with Up.Pr. Sec. and H.Sec.,Co-education,33,787,05703,Tambaram,5703,629370,TAMIL NADU,Chengalpattu,Tiruvancheri (OG),Pvt. Unaided (Recognized),Urban
83444,8922001.152282715,1452282.0175170898,33,730,600064,33031403110,Olive public Matriculation Hr.sec. school,5,3,3,2,Pr. with Up.Pr. Sec. and H.Sec.,Co-education,33,787,05703,Tambaram,5703,803343,TAMIL NADU,Chengalpattu,Chitlapakkam (TP),Pvt. Unaided (Recognized),Urban
83471,8922002.822,1452364.368713379,33,730,600064,33031403106,JANS MATRICULATION HIGHER SECONDARY SCHOOL CHITLAPAKKAM,5,3,3,2,Pr. with Up.Pr. Sec. and H.Sec.,Co-education,33,787,05703,Tambaram,5703,803343,TAMIL NADU,Chengalpattu,Chitlapakkam (TP),Pvt. Unaided (Recognized),Urban
83475,8921944.490722656,1452377.960510254,33,730,600064,33031403103,Loyola MHSS Chitlabakkam ch-64,5,3,3,2,Pr. with Up.Pr. Sec. and H.Sec.,Co-education,33,787,05703,Tambaram,5703,803343,TAMIL NADU,Chengalpattu,Chitlapakkam (TP),Pvt. Unaided (Recognized),Urban
83528,8922141.192321777,1452471.962097168,33,730,600064,33031403109,ANNAI VIOLET MATRICULATION HIGHER SECONDARY SCHOOL CHITLAPAKKAM,5,3,3,2,Pr. with Up.Pr. Sec. and H.Sec.,Co-education,33,787,05703,Tambaram,5703,803343,TAMIL NADU,Chengalpattu,Chitlapakkam (TP),Pvt. Unaided (Recognized),Urban
84392,8922131.507507324,1454081.9171142578,33,730,600044,33030903274,"ST.MARK'S MATRICULATION HIGHER SECONDARY SCHOOL, CHROMEPET",5,3,3,2,Pr. with Up.Pr. Sec. and H.Sec.,Co-education,33,787, ,Pallavaram,6629,803356,TAMIL NADU,Chengalpattu,Pallavaram (M),Pvt. Unaided (Recognized),Urban
84951,8922089.540100098,1454997.9014892578,33,730,600044,33030903261,RENGA MEMORIAL NURSERY & PRIMARY SCHOOL,5,1,3,2,Primary,Co-education,33,787, ,Pallavaram,6629,803356,TAMIL NADU,Chengalpattu,Pallavaram (M),Pvt. Unaided (Recognized),Urban
85602,8922073.51,1456060.5900878906,33,730,600043,33030903208,MVN PS PALLAVARAM,4,1,3,2,Primary,Co-education,33,787, ,Pallavaram,6629,803354,TAMIL NADU,Chengalpattu,Pammal (M),Government Aided,Urban
85642,8921956.067871094,1456138.953918457,33,730,600043,33030903292,"GARDEN NUR&PRI SCHOOL,PALLAVARAM",5,1,3,2,Primary,Co-education,33,787, ,Pallavaram,6629,803356,TAMIL NADU,Chengalpattu,Pallavaram (M),Pvt. Unaided (Recognized),Urban
86105,8922061.264892578,1456928.773071289,33,730,600043,33030903219,BFM PS PALLAVARAM,4,1,3,2,Primary,Co-education,33,787, ,Pallavaram,6629,803356,TAMIL NADU,Chengalpattu,Pallavaram (M),Government Aided,Urban
81984,8923273.868103027,1449245.9298706057,33,730,600126,33031403307,VANI MATRIC HSS,5,6,3,2,Pr. Up Pr. and Secondary Only,Co-education,33,787,05703,Tambaram,5703,803348,TAMIL NADU,Chengalpattu,Madambakkam (TP),Pvt. Unaided (Recognized),Urban
82545,8923227.781677246,1450446.1411132812,33,730,600073,33031404013,"Sri Kanchi Mahaswami Vidya Mandir, Sembakkam",5,3,3,2,Pr. with Up.Pr. Sec. and H.Sec.,Co-education,33,787,05703,Tambaram,5703,,TAMIL NADU,Chengalpattu, ,Pvt. Unaided (Recognized),Urban
82789,8923029.076,1450907.555,33,730,600073,33031404011,AS-SADIQ NURSERY & PRIMARY SCHOOL,5,1,3,2,Primary,Co-education,33,787,05703,Tambaram,5703,,TAMIL NADU,Chengalpattu, ,Pvt. Unaided (Recognized),Urban
82852,8923173.346496582,1451048.492919922,33,730,600073,33031404016,Alpha International School,5,3,3,2,Pr. with Up.Pr. Sec. and H.Sec.,Co-education,33,787,05703,Tambaram,5703,,TAMIL NADU,Chengalpattu, ,Pvt. Unaided (Recognized),Urban
82886,8923200.285888672,1451070.422,33,730,600073,33031404005,"ALPHA MATRICULATION HR. SEC. SCHOOL, SEMBAKKAM",5,3,3,2,Pr. with Up.Pr. Sec. and H.Sec.,Co-education,33,787,05703,Tambaram,5703,,TAMIL NADU,Chengalpattu, ,Pvt. Unaided (Recognized),Urban
83997,8923321.846679688,1453325.072692871,33,730,600044,33030903262,"St.Don Bosco Matric HS,Chrompet",5,6,3,2,Pr. Up Pr. and Secondary Only,Co-education,33,787, ,Pallavaram,6629,803356,TAMIL NADU,Chengalpattu,Pallavaram (M),Pvt. Unaided (Recognized),Urban
84126,8923187.15,1453551.8040771484,33,730,600044,33030903275,"Green Valley Matric HS, Chrompet",5,6,3,2,Pr. Up Pr. and Secondary Only,Co-education,33,787, ,Pallavaram,6629,803356,TAMIL NADU,Chengalpattu,Pallavaram (M),Pvt. Unaided (Recognized),Urban
80370,8928664.959716797,1445336.4843139648,33,730,600130,33031402506,THE PSBB MILLENNIUM SCHOOL,5,3,3,2,Pr. with Up.Pr. Sec. and H.Sec.,Co-education,33,787, ,Tiruporur,5958,629398,TAMIL NADU,Chengalpattu,Karanai,Pvt. Unaided (Recognized),Urban
80523,8929005.374694824,1445695.8425292969,33,730,600119,33031402505,ST PAUL'S MATRICULATION SCHOOL,5,6,3,2,Pr. Up Pr. and Secondary Only,Co-education,33,787,05703,Tambaram,5703,629378,TAMIL NADU,Chengalpattu,Arasankalani,Pvt. Unaided (Recognized),Urban
80539,8928871.791,1445727.8159179688,33,730,600119,33031402504,"GOVERNMENT HIGHER SECONDARY SCHOOL,SEMMANCHERRY(SCB)",1,5,3,2,Up. Pr. Secondary and Higher Sec,Co-education,33,787,05703,Tambaram,5703,629378,TAMIL NADU,Chengalpattu,Arasankalani,Department of Education,Urban
80598,8928707.038513184,1445884.258728027,33,730,600100,33031402408,"PUPS, Perumbakkam",1,1,3,1,Primary,Co-education,33,787,05703,Tambaram,5703,629378,TAMIL NADU,Chengalpattu,Arasankalani,Department of Education,Rural
80865,8928524.474487305,1446655.0659179688,33,730,600126,33031402404,"GHS, Perumbakkam",1,6,3,1,Pr. Up Pr. and Secondary Only,Co-education,33,787,05703,Tambaram,5703,629375,TAMIL NADU,Chengalpattu,Perumbakkam,Department of Education,Rural
81424,8928710.489318848,1448093.3906860352,33,730,600100,33031402411,"NPS International School, Perumbakkam",5,3,3,1,Pr. with Up.Pr. Sec. and H.Sec.,Co-education,33,787,05703,Tambaram,5703,629375,TAMIL NADU,Chengalpattu,Perumbakkam,Pvt. Unaided (Recognized),Rural
81546,8928581.470092773,1448371.928100586,33,730,600100,33031402409,SRI CHAITHANYA TECHNO SCHOOL,5,3,3,1,Pr. with Up.Pr. Sec. and H.Sec.,Co-education,33,787,05703,Tambaram,5703,629375,TAMIL NADU,Chengalpattu,Perumbakkam,Pvt. Unaided (Recognized),Rural
86068,8928906.745483398,1456874.2824707031,33,568,600042,33021001929,NAVADISHA MONTESSORI SCHOOL,5,6,3,2,Pr. Up Pr. and Secondary Only,Co-education,33,603, ,Velachery,7171,,TAMIL NADU,Chennai, ,Pvt. Unaided (Recognized),Urban
86285,8928832.829528809,1457256.6333007812,33,568,600042,33020901718,HINDU VIDYALAYA NURSERY AND PRIMARY SCHOOL,8,1,3,2,Primary,Co-education,33,603, ,Velachery,7171,,TAMIL NADU,Chennai, ,Unrecognized,Urban
86607,8928988.676879883,1457809.5490722656,33,568,600042,33021001909,BALA SARAVANA VIDYALAYA MATRICULATION SCHOOL,5,6,3,2,Pr. Up Pr. and Secondary Only,Co-education,33,603, ,Velachery,7171,,TAMIL NADU,Chennai, ,Pvt. Unaided (Recognized),Urban
86693,8928450.447,1457960.9174804688,33,730,600088,33030903174,"UNITY MATRIC SCHOOL, ADAMBAKKAM",5,6,3,2,Pr. Up Pr. and Secondary Only,Co-education,33,603, ,Velachery,7171,,TAMIL NADU,Chennai, ,Pvt. Unaided (Recognized),Urban
86838,8928555.532714844,1458204.8220825195,33,568,600088,33020901714,ST MARK'S HIGH SCHOOL,4,7,3,2,Upper Pr. and Secondary,Co-education,33,603, ,Velachery,7171,,TAMIL NADU,Chennai, ,Government Aided,Urban
86839,8928555.532714844,1458204.8220825195,33,568,600088,33020901705,ST.MARK'S PRIMARY SCHOOL,4,1,3,2,Primary,Co-education,33,603, ,Velachery,7171,,TAMIL NADU,Chennai, ,Government Aided,Urban
87349,8928957.173278809,1458938.4904785156,33,568,600042,33021001910,ST BRITTO'S ACADEMY,5,3,3,2,Pr. with Up.Pr. Sec. and H.Sec.,Co-education,33,603, ,Velachery,7171,,TAMIL NADU,Chennai, ,Pvt. Unaided (Recognized),Urban
87549,8928957.841308594,1459274.1427001953,33,568,600032,33020901107,PRAVEEN MEMORIAL  N&P SCHOOL,5,1,3,2,Primary,Co-education,33,603, ,Velachery,7171,,TAMIL NADU,Chennai, ,Pvt. Unaided (Recognized),Urban
87626,8928797.987,1459377.763671875,33,568,600088,33020901708,LITTLE FLOWER N&P SCHOOL,5,1,3,2,Primary,Co-education,33,603, ,Velachery,7171,,TAMIL NADU,Chennai, ,Pvt. Unaided (Recognized),Urban
87716,8928716.055297852,1459507.7763061523,33,568,600032,33020901302,BETA MAT HSS,5,3,3,2,Pr. with Up.Pr. Sec. and H.Sec.,Co-education,33,603, ,Velachery,7171,,TAMIL NADU,Chennai, ,Pvt. Unaided (Recognized),Urban
81236,8925783.788696289,1447608.3833007812,33,730,600126,33031402603,SAMARITAN NURSERY & PRIMARY SCHOOL,5,1,3,1,Primary,Co-education,33,787,05703,Tambaram,5703,803348,TAMIL NADU,Chengalpattu,Madambakkam (TP),Pvt. Unaided (Recognized),Rural
81317,8925936.296325684,1447829.0167236328,33,730,600126,33031402606,GOVT HIGH SCHOOL SITHALAPAKKAM.,1,7,3,1,Upper Pr. and Secondary,Co-education,33,787,05703,Tambaram,5703,629376,TAMIL NADU,Chengalpattu,Sittalapakkam,Department of Education,Rural
83524,8925782.118896484,1452461.910888672,33,730,600117,33031401405,Sacred Heart MS,5,3,3,1,Pr. with Up.Pr. Sec. and H.Sec.,Co-education,33,787,05703,Tambaram,5703,629391,TAMIL NADU,Chengalpattu,Nanmangalam (OG),Pvt. Unaided (Recognized),Rural
85103,8925906.685302734,1455198.144897461,33,730,600117,33030903289,"Baalyaa NPS,Keelkatalai",5,1,3,2,Primary,Co-education,33,787, ,Pallavaram,6629,803356,TAMIL NADU,Chengalpattu,Pallavaram (M),Pvt. Unaided (Recognized),Urban
85105,8925914.255126953,1455204.6561279297,33,730,600117,33030904509,Baalyaa School (NIOS) Keelkattalai,5,5,3,2,Up. Pr. Secondary and Higher Sec,Co-education,33,787, ,Pallavaram,6629,803356,TAMIL NADU,Chengalpattu,Pallavaram (M),Pvt. Unaided (Recognized),Urban
79633,8924167.429504395,1443087.8303222656,33,730,600127,33031401101,PUPS Madurapakkam,1,1,3,1,Primary,Co-education,33,787, ,Tiruporur,5958,629397,TAMIL NADU,Chengalpattu,Ponmar,Department of Education,Rural
79739,8923444.520874023,1443472.622680664,33,730,600127,33030600303,SRI SHANMUKHA VIDHYALAYA,5,1,3,1,Primary,Co-education,33,787,05706,Chengalpattu,5706,629396,TAMIL NADU,Chengalpattu,Vengadamangalam,Pvt. Unaided (Recognized),Rural
79774,8924369.586,1443626.7694702148,33,730,600048,33030701702,"Christwood School, Venkadamangalam",5,3,3,1,Pr. with Up.Pr. Sec. and H.Sec.,Co-education,33,787,05706,Chengalpattu,5706,629396,TAMIL NADU,Chengalpattu,Vengadamangalam,Pvt. Unaided (Recognized),Rural
80540,8923952.694274902,1445735.2385253906,33,730,600126,33031401202,HORIZON INTERNATIONAL ACADEMY,5,3,3,1,Pr. with Up.Pr. Sec. and H.Sec.,Co-education,33,787,05703,Tambaram,5703,629366,TAMIL NADU,Chengalpattu,Agaramthen,Pvt. Unaided (Recognized),Rural
81352,8923370.382080078,1447911.2407226562,33,730,600126,33031403303,PUPS MADAMBAKKAM,1,1,3,2,Primary,Co-education,33,787,05703,Tambaram,5703,803348,TAMIL NADU,Chengalpattu,Madambakkam (TP),Department of Education,Urban
81533,8924324.167480469,1448328.4171142578,33,730,600100,33031403003,"St.Paul's Matriculation School, Vijayanagaram",5,6,3,1,Pr. Up Pr. and Secondary Only,Co-education,33,787,05703,Tambaram,5703,803348,TAMIL NADU,Chengalpattu,Madambakkam (TP),Pvt. Unaided (Recognized),Rural
81543,8924028.280273438,1448363.4771118164,33,730,600126,33031403002,"AC MIDDLE School, Vengaivasal",4,1,3,1,Primary,Co-education,33,787,05703,Tambaram,5703,803348,TAMIL NADU,Chengalpattu,Madambakkam (TP),Government Aided,Rural
81780,8923331.197692871,1448831.480895996,33,730,600126,33031403306,St John's MS Madambakkam,5,6,3,2,Pr. Up Pr. and Secondary Only,Co-education,33,787,05703,Tambaram,5703,803348,TAMIL NADU,Chengalpattu,Madambakkam (TP),Pvt. Unaided (Recognized),Urban
81794,8923884.010314941,1448854.778503418,33,730,600073,33031403004,ABHIJAY NURSERY & PRIMARY SCHOOL,5,1,3,1,Primary,Co-education,33,787,05703,Tambaram,5703,803348,TAMIL NADU,Chengalpattu,Madambakkam (TP),Pvt. Unaided (Recognized),Rural
81846,8923456.988708496,1448976.1774902344,33,730,600126,33031403305,ZION MAT HSS MADAMBAKKAM,5,3,3,2,Pr. with Up.Pr. Sec. and H.Sec.,Co-education,33,787,05703,Tambaram,5703,803348,TAMIL NADU,Chengalpattu,Madambakkam (TP),Pvt. Unaided (Recognized),Urban
82550,8923508.529,1450464.985900879,33,730,600073,33031404010,M.A.V. VIDYASHRAM,5,3,3,2,Pr. with Up.Pr. Sec. and H.Sec.,Co-education,33,787,05703,Tambaram,5703,,TAMIL NADU,Chengalpattu, ,Pvt. Unaided (Recognized),Urban
82558,8923770.018920898,1450473.323303223,33,730,600073,33031404009,BUNNIES VILLA NURSERY & PRIMARY SCHOOL,5,1,3,2,Primary,Co-education,33,787,05703,Tambaram,5703,,TAMIL NADU,Chengalpattu, ,Pvt. Unaided (Recognized),Urban
82697,8923967.5,1450754.6248779297,33,730,600073,33031404006,"Boaz Public School,Sembakkam",5,3,3,2,Pr. with Up.Pr. Sec. and H.Sec.,Co-education,33,787,05703,Tambaram,5703,,TAMIL NADU,Chengalpattu, ,Pvt. Unaided (Recognized),Urban
82704,8923861.634887695,1450773.9268798828,33,730,600073,33031404001,SHANTHINIKETAN MHSS,5,3,3,2,Pr. with Up.Pr. Sec. and H.Sec.,Co-education,33,787,05703,Tambaram,5703,,TAMIL NADU,Chengalpattu, ,Pvt. Unaided (Recognized),Urban
82714,8923699.887695312,1450800.8806762695,33,730,600073,33031404007,"MIZPAH NURSERY & PRIMARY SCHOOL, RAJAKILPAKKAM",5,1,3,2,Primary,Co-education,33,787,05703,Tambaram,5703,,TAMIL NADU,Chengalpattu, ,Pvt. Unaided (Recognized),Urban
82785,8923958.371704102,1450894.077697754,33,730,600073,33031404003,ST. MARYS MAT SCHOOL,5,2,3,2,Primary with Upper Primary,Co-education,33,787,05703,Tambaram,5703,,TAMIL NADU,Chengalpattu, ,Pvt. Unaided (Recognized),Urban
82796,8923635.322509766,1450916.5775146484,33,730,600073,33031404002,"Advent Christian Middle School, Sembakkam",4,2,3,2,Primary with Upper Primary,Co-education,33,787,05703,Tambaram,5703,,TAMIL NADU,Chengalpattu, ,Government Aided,Urban
82818,8923794.509277344,1450947.985900879,33,568,600042,33020901717,AGR GLOBAL SCHOOL,5,6,3,2,Pr. Up Pr. and Secondary Only,Co-education,33,787,05703,Tambaram,5703,,TAMIL NADU,Chengalpattu, ,Pvt. Unaided (Recognized),Urban
84022,8923670.054077148,1453344.604675293,33,730,600044,33030903220,"SRI SATHYA SAI INSTITUTE OF EDUCARE, CHROMPET",5,3,3,2,Pr. with Up.Pr. Sec. and H.Sec.,Co-education,33,787, ,Pallavaram,6629,803356,TAMIL NADU,Chengalpattu,Pallavaram (M),Pvt. Unaided (Recognized),Urban
84519,8924466.879089355,1454323.161071777,33,730,600043,33030903299,Narayana E-techno schools,5,3,3,2,Pr. with Up.Pr. Sec. and H.Sec.,Co-education,33,787, ,Pallavaram,6629,803356,TAMIL NADU,Chengalpattu,Pallavaram (M),Pvt. Unaided (Recognized),Urban
84635,8924447.843322754,1454498.0415039062,33,730,600117,33030904501,"Srimathi Saraswathi Muthusamy Global School, Old Pallavaram",5,1,3,2,Primary,Co-education,33,787, ,Pallavaram,6629,803356,TAMIL NADU,Chengalpattu,Pallavaram (M),Pvt. Unaided (Recognized),Urban
84904,8923362.923706055,1454931.4204711914,33,730,600117,33030903286,"VELS VIDYASHRAM, PALLAVARAM",5,3,3,2,Pr. with Up.Pr. Sec. and H.Sec.,Co-education,33,787, ,Pallavaram,6629,803356,TAMIL NADU,Chengalpattu,Pallavaram (M),Pvt. Unaided (Recognized),Urban
84958,8923901.153320312,1455020.1760864258,33,730,600117,33030903250,"FATHIMA NURSERY & PRIMARY SCHOOL, OLD PALLAVARAM",5,1,3,2,Primary,Co-education,33,787, ,Pallavaram,6629,803356,TAMIL NADU,Chengalpattu,Pallavaram (M),Pvt. Unaided (Recognized),Urban
85176,8924446.841,1455328.3666992188,33,730,600117,33030903213,MPL HSS ZAMIN PALLAVARAM,3,5,3,2,Up. Pr. Secondary and Higher Sec,Co-education,33,787, ,Pallavaram,6629,803356,TAMIL NADU,Chengalpattu,Pallavaram (M),Local Body,Urban
85184,8924459.086730957,1455360.3510742188,33,730,600117,33030903212,MPL PS ZAMIN PALLAVARAM,3,1,3,2,Primary,Co-education,33,787, ,Pallavaram,6629,803356,TAMIL NADU,Chengalpattu,Pallavaram (M),Local Body,Urban
85216,8923823.786315918,1455414.381896973,33,730,600117,33030903271,ST.VINCENT PALLOTTI MHSS ZAMIN PALLAVARAM,5,3,3,2,Pr. with Up.Pr. Sec. and H.Sec.,Co-education,33,787, ,Pallavaram,6629,803356,TAMIL NADU,Chengalpattu,Pallavaram (M),Pvt. Unaided (Recognized),Urban
85247,8924314.371276855,1455486.0045166016,33,730,600117,33030903278,HEBA MATRIC HIGHER SECONDARY SCHOOL,5,3,3,2,Pr. with Up.Pr. Sec. and H.Sec.,Co-education,33,787, ,Pallavaram,6629,803356,TAMIL NADU,Chengalpattu,Pallavaram (M),Pvt. Unaided (Recognized),Urban
85384,8924404.985473633,1455717.2081298828,33,730,600117,33030903214,VELS VIDYASHRAM,5,3,3,2,Pr. with Up.Pr. Sec. and H.Sec.,Co-education,33,787, ,Pallavaram,6629,803356,TAMIL NADU,Chengalpattu,Pallavaram (M),Pvt. Unaided (Recognized),Urban
85590,8923929.539916992,1456047.1104736328,33,730,600043,33030903293,"THE WESLEYS' NURSERY AND PRIMARY SCHOOL, ZAMIN PALLAVARAM",5,1,3,2,Primary,Co-education,33,787, ,Pallavaram,6629,803356,TAMIL NADU,Chengalpattu,Pallavaram (M),Pvt. Unaided (Recognized),Urban
86052,8924136.371520996,1456842.2963256836,33,730,600043,33031402703,"St.Joseph N & PS,Thirusoolam",5,1,3,1,Primary,Co-education,33,787, ,Pallavaram,6629,629372,TAMIL NADU,Chengalpattu,Tirusulam (CT),Pvt. Unaided (Recognized),Rural
86093,8923706.566894531,1456893.3599243164,33,730,600043,33031402701,PUMS THIRUSULAM,1,2,3,1,Primary with Upper Primary,Co-education,33,787, ,Pallavaram,6629,803354,TAMIL NADU,Chengalpattu,Pammal (M),Department of Education,Rural
85918,8930321.171081543,1456594.063,33,568,600042,33021001915,DAV PUBLIC SCHOOL VELACHERY,5,3,3,2,Pr. with Up.Pr. Sec. and H.Sec.,Co-education,33,603, ,Velachery,7171,,TAMIL NADU,Chennai, ,Pvt. Unaided (Recognized),Urban
85922,8930040.089294434,1456612.568725586,33,568,600042,33020901710,"SHRI A GANESAN MAT HR SEC SCHOOL, VELACHERY.",5,3,3,2,Pr. with Up.Pr. Sec. and H.Sec.,Co-education,33,603, ,Velachery,7171,,TAMIL NADU,Chennai, ,Pvt. Unaided (Recognized),Urban
86117,8930397.536315918,1456969.0986938477,33,568,600042,33020901707,BETHEL MAT HSS VELACHERY,5,3,3,2,Pr. with Up.Pr. Sec. and H.Sec.,Co-education,33,603, ,Velachery,7171,,TAMIL NADU,Chennai, ,Pvt. Unaided (Recognized),Urban
86317,8930337.868896484,1457302.328491211,33,568,600042,33021001905,AKSHAYAH MAT HSS,5,3,3,2,Pr. with Up.Pr. Sec. and H.Sec.,Co-education,33,603, ,Velachery,7171,,TAMIL NADU,Chennai, ,Pvt. Unaided (Recognized),Urban
86671,8929986.544677734,1457911.6798706057,33,568,600042,33021001911,SRI RAJALAKSHMI MATRIC HR.SEC. SCHOOL,5,3,3,2,Pr. with Up.Pr. Sec. and H.Sec.,Co-education,33,603, ,Velachery,7171,,TAMIL NADU,Chennai, ,Pvt. Unaided (Recognized),Urban
86753,8929933.779296875,1458041.4570922852,33,568,600042,33021001902,CPS VELACHERY,3,1,3,2,Primary,Co-education,33,603, ,Velachery,7171,,TAMIL NADU,Chennai, ,Local Body,Urban
86754,8929932.666,1458049.4541015625,33,568,600042,33021001912,CHSS VELACHERY,3,5,3,2,Up. Pr. Secondary and Higher Sec,Co-education,33,603, ,Velachery,7171,,TAMIL NADU,Chennai, ,Local Body,Urban
86917,8929892.813720703,1458326.8320922852,33,568,600042,33020901711,SIVASAKTHI MAT SCHOOL,5,6,3,2,Pr. Up Pr. and Secondary Only,Co-education,33,603, ,Velachery,7171,,TAMIL NADU,Chennai, ,Pvt. Unaided (Recognized),Urban
86931,8930032.408325195,1458354.3645019531,33,568,600042,33020901603,GHSS VELACHERY,1,5,3,2,Up. Pr. Secondary and Higher Sec,Co-education,33,603, ,Velachery,7171,,TAMIL NADU,Chennai, ,Department of Education,Urban
87138,8930145.286315918,1458682.926696777,33,568,600042,33020901207,GURU NANAK MATRIC. HR. SEC. SCHOOL,5,3,3,2,Pr. with Up.Pr. Sec. and H.Sec.,Co-education,33,603, ,Guindy,7169,,TAMIL NADU,Chennai, ,Pvt. Unaided (Recognized),Urban
86548,8931951.111083984,1457677.7164916992,33,568,600113,33021002004,ARVIND MARTICULATION SCHOOL,5,6,3,2,Pr. Up Pr. and Secondary Only,Co-education,33,603, ,Velachery,7171,,TAMIL NADU,Chennai, ,Pvt. Unaided (Recognized),Urban
86556,8932165.735107422,1457698.736694336,33,568,600113,33021002001,CPS THARAMANI,3,1,3,2,Primary,Co-education,33,603, ,Velachery,7171,,TAMIL NADU,Chennai, ,Local Body,Urban
86558,8932180.206481934,1457701.3643188477,33,568,600113,33021002014,ST.FRANCIS SAVIO NURSERY & PRIMARY SCHOOL,5,1,3,2,Primary,Co-education,33,603, ,Velachery,7171,,TAMIL NADU,Chennai, ,Pvt. Unaided (Recognized),Urban
87313,8931436.815124512,1458923.7529296875,33,568,600042,33020900911,KENDRIYA VIDYALAYA IIT CHENNAI (Code-1775),92,3,3,2,Pr. with Up.Pr. Sec. and H.Sec.,Co-education,33,603, ,Guindy,7169,,TAMIL NADU,Chennai, ,Kendriya Vidyalaya(KV),Urban
87785,8932165.401123047,1459626.7072753906,33,568,600036,33020900910,VANAVANI MAT HSS,5,3,3,2,Pr. with Up.Pr. Sec. and H.Sec.,Co-education,33,603, ,Guindy,7169,,TAMIL NADU,Chennai, ,Pvt. Unaided (Recognized),Urban
86481,8934642.593688965,1457571.9310913086,33,568,600041,33021002104,CPS THIRUVANMIYUR,3,1,3,2,Primary,Co-education,33,603, ,Velachery,7171,,TAMIL NADU,Chennai, ,Local Body,Urban
86500,8934606.080871582,1457607.2310791016,33,568,600041,33021002105,CHSS THIRUVANMIYUR,3,5,3,2,Up. Pr. Secondary and Higher Sec,Co-education,33,603, ,Velachery,7171,,TAMIL NADU,Chennai, ,Local Body,Urban
86634,8934566.563,1457872.0385131836,33,568,600041,33021002112,SRI KUMARAGURU VIDYALAYA NURSERY &PRIMARY SCHOOL,5,1,3,2,Primary,Co-education,33,603, ,Velachery,7171,,TAMIL NADU,Chennai, ,Pvt. Unaided (Recognized),Urban
86687,8934574.911499023,1457948.5795288086,33,568,600041,33021002113,CHILDREN'S PARADISE NURSERY  & PRIMARY SCHOOL METTU ST,5,1,3,2,Primary,Co-education,33,603, ,Velachery,7171,,TAMIL NADU,Chennai, ,Pvt. Unaided (Recognized),Urban
86827,8934542.406,1458175.1193237305,33,568,600041,33021002109,MANUELMONY MATRICULATION SCHOOL,5,6,3,2,Pr. Up Pr. and Secondary Only,Co-education,33,603, ,Velachery,7171,,TAMIL NADU,Chennai, ,Pvt. Unaided (Recognized),Urban
87029,8934799.999511719,1458494.5399169922,33,568,600041,33021002115,BESANT ARUNDALE SR SEC SCHOOL,5,3,3,2,Pr. with Up.Pr. Sec. and H.Sec.,Co-education,33,603, ,Velachery,7171,,TAMIL NADU,Chennai, ,Pvt. Unaided (Recognized),Urban
87764,8934777.067687988,1459610.4843139648,33,568,600090,33021001808,SHANTHI NURSERY & PRIMARY SCHOOL,5,1,3,2,Primary,Co-education,33,603, ,Velachery,7171,,TAMIL NADU,Chennai, ,Pvt. Unaided (Recognized),Urban
87911,8934607.750671387,1459745.6389160156,33,568,600020,33021001801,CPS SHASTRI NAGAR,3,1,3,2,Primary,Co-education,33,603, ,Velachery,7171,,TAMIL NADU,Chennai, ,Local Body,Urban
88007,8934784.748718262,1459918.382080078,33,568,600020,33021001703,CMS DAMODARAPURAM,3,2,3,2,Primary with Upper Primary,Co-education,33,603, ,Velachery,7171,,TAMIL NADU,Chennai, ,Local Body,Urban
86186,8934513.018,1457064.8291015625,33,568,600041,33021002117,SRI SANKARA MAT HSS,5,3,3,2,Pr. with Up.Pr. Sec. and H.Sec.,Co-education,33,603, ,Velachery,7171,,TAMIL NADU,Chennai, ,Pvt. Unaided (Recognized),Urban
86235,8934358.951721191,1457150.621,33,568,600041,33020901901,"ADVENT CHRISTIAN MIDDLE SCHOOL,  THIRUVANMIYUR, CH-41.",4,2,3,2,Primary with Upper Primary,Co-education,33,603, ,Velachery,7171,,TAMIL NADU,Chennai, ,Government Aided,Urban
87312,8934336.465,1458919.9829101562,33,568,600041,33021002118,SARASWATHY VENKATARAMAN MATRICULATION HIGHER SECONDARY SCHOOL,5,3,3,2,Pr. with Up.Pr. Sec. and H.Sec.,Co-education,33,603, ,Velachery,7171,,TAMIL NADU,Chennai, ,Pvt. Unaided (Recognized),Urban
87589,8934523.593078613,1459317.4417114258,33,568,600028,33021001010,KALEIDOSCOPE LEARNING CENTER,5,2,3,2,Primary with Upper Primary,Co-education,33,603, ,Velachery,7171,,TAMIL NADU,Chennai, ,Pvt. Unaided (Recognized),Urban
87749,8934270.897888184,1459583.7504882812,33,568,600020,33021002107,SRI MYLAI KARPAGAVALLI MATRICUATION HIGHER SECONDARY SCHOOL,5,3,3,2,Pr. with Up.Pr. Sec. and H.Sec.,Co-education,33,603, ,Velachery,7171,,TAMIL NADU,Chennai, ,Pvt. Unaided (Recognized),Urban
87913,8934289.043,1459747.581115723,33,568,600020,33021001804,VIDYA RATNA P.T.S MATRIC.HR.SEC.SCHOOL,5,3,3,2,Pr. with Up.Pr. Sec. and H.Sec.,Co-education,33,603, ,Velachery,7171,,TAMIL NADU,Chennai, ,Pvt. Unaided (Recognized),Urban
87987,8934468.044677734,1459864.7994995115,33,568,600020,33021001809,ACHARIYA BALA SIKSHA MANDIR,5,1,3,2,Primary,Co-education,33,603, ,Velachery,7171,,TAMIL NADU,Chennai, ,Pvt. Unaided (Recognized),Urban
89786,8924741.615478516,1462931.387,33,589,600089,33010911501,"HUSAIN ELE SCH,RAMAPURAM",4,1,3,2,Primary,Co-education,33,603, ,Maduravoyal,5981,803331,TAMIL NADU,Chennai,Porur (TP),Government Aided,Urban
89805,8924644.767700195,1462962.2373046875,33,589,600089,33010907404,HUSSAINY HS HUSSAINABAD,4,7,3,2,Upper Pr. and Secondary,Co-education,33,603, ,Maduravoyal,5981,803331,TAMIL NADU,Chennai,Porur (TP),Government Aided,Urban
89934,8925313.241088867,1463181.6185302734,33,589,600089,33010907705,ASSISI MAT HSS RAMAPURAM,5,3,3,2,Pr. with Up.Pr. Sec. and H.Sec.,Co-education,33,603, ,Maduravoyal,5981,629176,TAMIL NADU,Chennai,Ramapuram (CT),Pvt. Unaided (Recognized),Urban
89936,8925457.733886719,1463186.1889038086,33,589,600089,33010911508,"GOVT HSS,RAMAPURAM",1,5,3,2,Up. Pr. Secondary and Higher Sec,Co-education,33,603, ,Maduravoyal,5981,629176,TAMIL NADU,Chennai,Ramapuram (CT),Department of Education,Urban
89946,8925416.322875977,1463202.1857299805,33,589,600089,33010911502,"PUPS,RAMAPURAM",1,1,3,2,Primary,Co-education,33,603, ,Maduravoyal,5981,629176,TAMIL NADU,Chennai,Ramapuram (CT),Department of Education,Urban
89949,8925405.302307129,1463207.8986816406,33,574,600125,33030507801,"Panchayath Union Middle School, Manappakkam",1,2,3,2,Primary with Upper Primary,Co-education,33,603, ,Maduravoyal,5981,629176,TAMIL NADU,Chennai,Ramapuram (CT),Department of Education,Urban
90005,8924938.428283691,1463347.2982788086,33,589,600089,33010911511,SABARI NURSERY AND PRIMARY SCHOOL,5,3,3,2,Pr. with Up.Pr. Sec. and H.Sec.,Co-education,33,603, ,Maduravoyal,5981,803331,TAMIL NADU,Chennai,Porur (TP),Pvt. Unaided (Recognized),Urban
90049,8925059.210083008,1463422.7114868164,33,589,600053,33010906404,"RAJALAKSHMI VIDHYASHRAM MATRICULATION HIGHER SECONDARY SCHOOL,RAMAPURAM",5,3,3,2,Pr. with Up.Pr. Sec. and H.Sec.,Co-education,33,603, ,Maduravoyal,5981,803331,TAMIL NADU,Chennai,Porur (TP),Pvt. Unaided (Recognized),Urban
90131,8924978.058105469,1463554.113708496,33,589,600089,33010907707,"SWAAMI VIVEKANANDA MATRIC HSS , RAMAPURAM",5,3,3,2,Pr. with Up.Pr. Sec. and H.Sec.,Co-education,33,603, ,Maduravoyal,5981,803331,TAMIL NADU,Chennai,Porur (TP),Pvt. Unaided (Recognized),Urban
90315,8924977.946899414,1463879.7653198242,33,589,600087,33010911404,"SATHYA MAT HSS,VALASARAVAKKAM",5,3,3,2,Pr. with Up.Pr. Sec. and H.Sec.,Co-education,33,603, ,Maduravoyal,5981,803331,TAMIL NADU,Chennai,Porur (TP),Pvt. Unaided (Recognized),Urban
90317,8924655.454284668,1463883.1932983398,33,589,600116,33010911302,"PUMS,POOTHAPEDU",1,2,3,2,Primary with Upper Primary,Co-education,33,603, ,Maduravoyal,5981,803331,TAMIL NADU,Chennai,Porur (TP),Department of Education,Urban
90322,8924584.321105957,1463908.3314819336,33,589,600116,33010911303,"GOVT GIRLS HSS,PORUR",1,5,2,2,Up. Pr. Secondary and Higher Sec,Girls,33,603, ,Maduravoyal,5981,803331,TAMIL NADU,Chennai,Porur (TP),Department of Education,Urban
90369,8924585.434326172,1464010.026916504,33,589,600087,33010911507,ROSARY ACADAMY NUR VALASARAVAKKAM,5,1,3,2,Primary,Co-education,33,603, ,Maduravoyal,5981,803331,TAMIL NADU,Chennai,Porur (TP),Pvt. Unaided (Recognized),Urban
90485,8924712.672485352,1464273.980102539,33,589,600087,33010911407,"HOLY CROSS MAT,VALASARAVAKKAM",5,3,3,2,Pr. with Up.Pr. Sec. and H.Sec.,Co-education,33,603, ,Maduravoyal,5981,803331,TAMIL NADU,Chennai,Porur (TP),Pvt. Unaided (Recognized),Urban
90562,8924796.385,1464431.6677246094,33,589,600087,33010911422,"ADW HS, VALASARA VAKKAM",2,7,3,2,Upper Pr. and Secondary,Co-education,33,603, ,Maduravoyal,5981,803331,TAMIL NADU,Chennai,Porur (TP),Tribal Welfare Department,Urban
90565,8924606.585083008,1464439.6663208008,33,589,600087,33010911416,"DEVI ACAD SENIOR SEC SCH,VALASARAVAKKAM",5,3,3,2,Pr. with Up.Pr. Sec. and H.Sec.,Co-education,33,603, ,Maduravoyal,5981,803329,TAMIL NADU,Chennai,Maduravoyal (M),Pvt. Unaided (Recognized),Urban
90568,8924862.174499512,1464448.807678223,33,589,600087,33010911401,"ADW PS,VALASARA VAKKAM",2,1,3,2,Primary,Co-education,33,603, ,Maduravoyal,5981,803331,TAMIL NADU,Chennai,Porur (TP),Tribal Welfare Department,Urban
90966,8924811.969482422,1465479.5119018557,33,589,600095,33010911214,"OUR LADY MATRIC HR SEC SCHOOL ,MADHURAVOYAL",5,3,3,2,Pr. with Up.Pr. Sec. and H.Sec.,Co-education,33,603, ,Maduravoyal,5981,803329,TAMIL NADU,Chennai,Maduravoyal (M),Pvt. Unaided (Recognized),Urban
90968,8924875.644,1465490.939086914,33,589,600095,33010911418,"MADHA PUBLIC SCHOOL, VALASARAVAKKAM",5,6,3,2,Pr. Up Pr. and Secondary Only,Co-education,33,603, ,Maduravoyal,5981,803329,TAMIL NADU,Chennai,Maduravoyal (M),Pvt. Unaided (Recognized),Urban
90975,8925579.517,1465501.2235107422,33,589,600087,33010911411,GOOD SHEPHERD MATRIC HIGHER SECONDARY SCHOOL,5,3,3,2,Pr. with Up.Pr. Sec. and H.Sec.,Co-education,33,603, ,Maduravoyal,5981,803330,TAMIL NADU,Chennai,Valasaravakkam (M),Pvt. Unaided (Recognized),Urban
91129,8925155.946716309,1465825.7548828125,33,589,600107,33010901101,"PUPS, METTUKUPPAM(N)",1,1,3,2,Primary,Co-education,33,603, ,Maduravoyal,5981,803329,TAMIL NADU,Chennai,Maduravoyal (M),Department of Education,Urban
91137,8925165.965515137,1465838.3247070312,33,589,600095,33010901104,GHS METTUKUPPAM (N),1,7,3,2,Upper Pr. and Secondary,Co-education,33,603, ,Maduravoyal,5981,803329,TAMIL NADU,Chennai,Maduravoyal (M),Department of Education,Urban
91175,8925408.864685059,1465932.0283203125,33,589,600107,33010911013,"RANI VIDHYALAYA N&P, NERKUNDRAM",5,1,3,2,Primary,Co-education,33,603, ,Maduravoyal,5981,803329,TAMIL NADU,Chennai,Maduravoyal (M),Pvt. Unaided (Recognized),Urban
91181,8925308.454528809,1465949.169128418,33,589,600095,33010901102,"SRI AYYAPPA N&P, METTUKUPPAM",5,2,3,2,Primary with Upper Primary,Co-education,33,603, ,Maduravoyal,5981,803329,TAMIL NADU,Chennai,Maduravoyal (M),Pvt. Unaided (Recognized),Urban
91188,8924759.983276367,1465976.594482422,33,589,600095,33010911209,VANI NURSERY  & PRIMARY,5,1,3,2,Primary,Co-education,33,603, ,Maduravoyal,5981,803329,TAMIL NADU,Chennai,Maduravoyal (M),Pvt. Unaided (Recognized),Urban
91218,8924633.858276367,1466024.589111328,33,589,600095,33010911015,SRI VIMAL PRADEEP NUR AND PRI SCH MADURAVOYAL,5,1,3,2,Primary,Co-education,33,603, ,Maduravoyal,5981,803329,TAMIL NADU,Chennai,Maduravoyal (M),Pvt. Unaided (Recognized),Urban
91241,8925439.811279297,1466082.8685302734,33,589,600107,33010911105,"SRI VIMAL PRADEEP N&P SCHOOL,METTUKUPPAM",5,1,3,2,Primary,Co-education,33,603, ,Maduravoyal,5981,803329,TAMIL NADU,Chennai,Maduravoyal (M),Pvt. Unaided (Recognized),Urban
91439,8924773.008,1466480.5424804688,33,589,600053,33010911224,"EVERWIN PUBLIC SCHOOL, MADURAVOYAL",5,3,3,2,Pr. with Up.Pr. Sec. and H.Sec.,Co-education,33,603, ,Maduravoyal,5981,803329,TAMIL NADU,Chennai,Maduravoyal (M),Pvt. Unaided (Recognized),Urban
91503,8925329.605102539,1466645.0986938477,33,589,600095,33010901017,"ANNAI VIDYALAYA N&P, NERKUNDRAM",5,1,3,2,Primary,Co-education,33,603, ,Maduravoyal,5981,803329,TAMIL NADU,Chennai,Maduravoyal (M),Pvt. Unaided (Recognized),Urban
91505,8924714.564880371,1466657.669128418,33,589,600095,33010911210,"BHARATHI MAT HSS,MADHURAVOYAL",5,3,3,2,Pr. with Up.Pr. Sec. and H.Sec.,Co-education,33,603, ,Maduravoyal,5981,803329,TAMIL NADU,Chennai,Maduravoyal (M),Pvt. Unaided (Recognized),Urban
91600,8924686.623718262,1466869.079711914,33,589,600095,33010911208,"SRI VISA MAT,MADURAVOYAL",5,2,3,2,Primary with Upper Primary,Co-education,33,603, ,Maduravoyal,5981,803329,TAMIL NADU,Chennai,Maduravoyal (M),Pvt. Unaided (Recognized),Urban
91609,8924761.875671387,1466911.362121582,33,589,600095,33010911211,"KARTHIKEYAN MAT HSS,MADHURAVOYAL",5,11,3,2,Higher Secondary only/Jr. College,Co-education,33,603, ,Maduravoyal,5981,803329,TAMIL NADU,Chennai,Maduravoyal (M),Pvt. Unaided (Recognized),Urban
91646,8925138.135498047,1466997.0697021484,33,589,600095,33010911204,"PUMS,CMDA MADURAVOYAL",1,2,3,2,Primary with Upper Primary,Co-education,33,603, ,Maduravoyal,5981,803329,TAMIL NADU,Chennai,Maduravoyal (M),Department of Education,Urban
91675,8925591.985107422,1467045.0661010742,33,589,600107,33010901016,"ST MARYS N&P, NERKUNDRAM",5,1,3,2,Primary,Co-education,33,603, ,Maduravoyal,5981,629173,TAMIL NADU,Chennai,Nerkunram (CT),Pvt. Unaided (Recognized),Urban
91677,8924708.442321777,1467058.779296875,33,589,600095,33010911202,"ADW PS,MADHURAVOYAL",2,1,3,2,Primary,Co-education,33,603, ,Maduravoyal,5981,803329,TAMIL NADU,Chennai,Maduravoyal (M),Tribal Welfare Department,Urban
91681,8924714.008300781,1467063.3505249023,33,589,600095,33010911223,"ADW HS, MADHURAVOYAL",2,7,3,2,Upper Pr. and Secondary,Co-education,33,603, ,Maduravoyal,5981,803329,TAMIL NADU,Chennai,Maduravoyal (M),Tribal Welfare Department,Urban
91748,8924966.703491211,1467248.4802856443,33,589,600095,33010911215,"FR.AGNEL'S NURSERY & PRIMARY SCHOOL, MADHURAVOYAL",5,1,3,2,Primary,Co-education,33,603, ,Maduravoyal,5981,803329,TAMIL NADU,Chennai,Maduravoyal (M),Pvt. Unaided (Recognized),Urban
91799,8925441.926513672,1467368.472290039,33,589,600095,33010911220,MANASA SPL SC,5,2,3,2,Primary with Upper Primary,Co-education,33,603, ,Maduravoyal,5981,803329,TAMIL NADU,Chennai,Maduravoyal (M),Pvt. Unaided (Recognized),Urban
91847,8925641.967529297,1467517.0349121094,33,589,600107,33010911222,"DAYASADAN AGARWAL VIDYALAYA, NERKUNDRAM",5,3,3,2,Pr. with Up.Pr. Sec. and H.Sec.,Co-education,33,603, ,Maduravoyal,5981,803329,TAMIL NADU,Chennai,Maduravoyal (M),Pvt. Unaided (Recognized),Urban
92180,8925642.746887207,1468315.8571166992,33,589,600037,33010910114,SBIOA MODEL MATRIC HR.SEC.SCHOOL,5,3,3,2,Pr. with Up.Pr. Sec. and H.Sec.,Co-education,33,603,05700,Ambattur,5700,803328,TAMIL NADU,Chennai,Ambattur (M),Pvt. Unaided (Recognized),Urban
92236,8924811.301513672,1468443.8536987305,33,589,600037,33010908919,BRIGHT THE LEARNING CENTER,5,3,3,2,Pr. with Up.Pr. Sec. and H.Sec.,Co-education,33,603, ,Maduravoyal,5981,629172,TAMIL NADU,Chennai,Nolambur (CT),Pvt. Unaided (Recognized),Urban
92318,8924756.866271973,1468695.2770996094,33,589,600037,33010908918,NETHRODAYA SPECIAL SCHOOL FOR VI & LD,5,5,3,2,Up. Pr. Secondary and Higher Sec,Co-education,33,603, ,Maduravoyal,5981,629172,TAMIL NADU,Chennai,Nolambur (CT),Pvt. Unaided (Recognized),Urban
92348,8925059.655273438,1468767.2758789062,33,589,600037,33010908911,"VELAMMAL MAT SCHOOL, MU WEST",5,3,3,2,Pr. with Up.Pr. Sec. and H.Sec.,Co-education,33,603,05700,Ambattur,5700,803328,TAMIL NADU,Chennai,Ambattur (M),Pvt. Unaided (Recognized),Urban
92388,8925054.200683594,1468890.703,33,589,600037,33010908904,PUMS MUGAPPAIR SECTOR - 9,1,2,3,2,Primary with Upper Primary,Co-education,33,603,05700,Ambattur,5700,803328,TAMIL NADU,Chennai,Ambattur (M),Department of Education,Urban
92398,8924793.713,1468910.1315307615,33,589,600037,33010908917,"MARGRIGORIOS PUBLIC SCHOOL,MOGAPPAIR WEST,SECTOR-7",5,1,3,2,Primary,Co-education,33,603, ,Maduravoyal,5981,629172,TAMIL NADU,Chennai,Nolambur (CT),Pvt. Unaided (Recognized),Urban
92431,8924582.651306152,1469007.2736816406,33,589,600037,33010908905,GOVT H S S MUGAPAIR WEST,1,5,3,2,Up. Pr. Secondary and Higher Sec,Co-education,33,603, ,Maduravoyal,5981,629172,TAMIL NADU,Chennai,Nolambur (CT),Department of Education,Urban
92452,8925137.022521973,1469096.4163208008,33,589,600037,33010909001,"MUN PRI. SCH, MUGAPPAIR",3,1,3,2,Primary,Co-education,33,603,05700,Ambattur,5700,803328,TAMIL NADU,Chennai,Ambattur (M),Local Body,Urban
92488,8925689.055725098,1469158.130493164,33,589,600037,33010910118,"SPARTAN EXCLUSIVE SCHOOL (MATRIC, MOGAPPAIR",5,3,3,2,Pr. with Up.Pr. Sec. and H.Sec.,Co-education,33,603,05700,Ambattur,5700,803328,TAMIL NADU,Chennai,Ambattur (M),Pvt. Unaided (Recognized),Urban
92555,8924658.905090332,1469326.1311035156,33,589,600034,33010908903,PUPS MUGAPAIR SECTOR - 7,1,1,3,2,Primary,Co-education,33,603,05700,Ambattur,5700,803328,TAMIL NADU,Chennai,Ambattur (M),Department of Education,Urban
92593,8925689.723693848,1469414.131896973,33,589,600037,33010910206,"RAVINDRA BHARATHI GLOBAL SCHOOL ,MOGAPPAIR",5,3,3,2,Pr. with Up.Pr. Sec. and H.Sec.,Co-education,33,603,05700,Ambattur,5700,803328,TAMIL NADU,Chennai,Ambattur (M),Pvt. Unaided (Recognized),Urban
92596,8924940.877502441,1469425.5604858398,33,589,602001,33010908920,SANKALP - THE LEARNING CENTER,5,3,3,2,Pr. with Up.Pr. Sec. and H.Sec.,Co-education,33,603,05700,Ambattur,5700,803328,TAMIL NADU,Chennai,Ambattur (M),Pvt. Unaided (Recognized),Urban
92611,8925607.903930664,1469467.8466796875,33,589,600037,33010910115,LITTLE STAR N&P,5,1,3,2,Primary,Co-education,33,603,05700,Ambattur,5700,803328,TAMIL NADU,Chennai,Ambattur (M),Pvt. Unaided (Recognized),Urban
92631,8924718.461120605,1469524.9902954102,33,589,600037,33010908912,"BARATH MS, MUGAPPAIR",5,2,3,2,Primary with Upper Primary,Co-education,33,603,05700,Ambattur,5700,803328,TAMIL NADU,Chennai,Ambattur (M),Pvt. Unaided (Recognized),Urban
92675,8925580.964477539,1469624.420288086,33,589,600037,33010906206,"SPARTAN MATRIC HIGHER SECONDARY SCHOOL,MUGAPAIR",5,3,3,2,Pr. with Up.Pr. Sec. and H.Sec.,Co-education,33,603,05700,Ambattur,5700,803328,TAMIL NADU,Chennai,Ambattur (M),Pvt. Unaided (Recognized),Urban
92746,8925493.356079102,1469771.8516845703,33,589,600037,33010908914,"DAV (G) SR.SEC.SCH, COLLECTOR NAGAR",5,3,2,2,Pr. with Up.Pr. Sec. and H.Sec.,Girls,33,603,05700,Ambattur,5700,803328,TAMIL NADU,Chennai,Ambattur (M),Pvt. Unaided (Recognized),Urban
92864,8925463.077270508,1470042.7161254885,33,589,600050,33010910117,"VALLIAMMAL N&P, ANNA NAGAR WEST EXTN., SECTOR-2",5,3,3,2,Pr. with Up.Pr. Sec. and H.Sec.,Co-education,33,603,05700,Ambattur,5700,803328,TAMIL NADU,Chennai,Ambattur (M),Pvt. Unaided (Recognized),Urban
93015,8925500.591918945,1470371.871520996,33,589,600050,33010909201,SACRED HEART MAT.HSS,5,3,3,2,Pr. with Up.Pr. Sec. and H.Sec.,Co-education,33,603,05700,Ambattur,5700,803328,TAMIL NADU,Chennai,Ambattur (M),Pvt. Unaided (Recognized),Urban
93057,8925365.783874512,1470486.1622924805,33,589,600050,33010909301,"MUN.PRI.SCH, MATHIYALAGAN NAGAR",3,1,3,2,Primary,Co-education,33,603,05700,Ambattur,5700,803328,TAMIL NADU,Chennai,Ambattur (M),Local Body,Urban
93315,8925126.113098145,1471009.620727539,33,589,600050,33010908303,SIRORATHNAM MAT MANNURPET,5,6,3,2,Pr. Up Pr. and Secondary Only,Co-education,33,603,05700,Ambattur,5700,803328,TAMIL NADU,Chennai,Ambattur (M),Pvt. Unaided (Recognized),Urban
93380,8925386.712097168,1471121.6282958984,33,589,600080,33010908201,GEORGE ALEXANDUR PRI SCH,4,1,3,2,Primary,Co-education,33,603,05700,Ambattur,5700,803328,TAMIL NADU,Chennai,Ambattur (M),Government Aided,Urban
93397,8924695.640686035,1471143.344116211,33,589,600050,33010908301,MUN.PRI.SCH MANNURPET,3,1,3,2,Primary,Co-education,33,603,05700,Ambattur,5700,803328,TAMIL NADU,Chennai,Ambattur (M),Local Body,Urban
93430,8925079.358886719,1471210.7775268557,33,589,600050,33010908302,ST THERASA MAT HSS MANNURPET,5,3,3,1,Pr. with Up.Pr. Sec. and H.Sec.,Co-education,33,603,05700,Ambattur,5700,803328,TAMIL NADU,Chennai,Ambattur (M),Pvt. Unaided (Recognized),Rural
93444,8924753.304077148,1471241.6369018557,33,589,600050,33010908604,CS CENTRAL MAT HSS MANNURPET,5,3,3,2,Pr. with Up.Pr. Sec. and H.Sec.,Co-education,33,603,05700,Ambattur,5700,803328,TAMIL NADU,Chennai,Ambattur (M),Pvt. Unaided (Recognized),Urban
93574,8925617.699890137,1471474.7980957031,33,589,600080,33010908001,GOOD SHEPHERD MAT AMBATTUR,5,3,3,2,Pr. with Up.Pr. Sec. and H.Sec.,Co-education,33,603,05700,Ambattur,5700,803328,TAMIL NADU,Chennai,Ambattur (M),Pvt. Unaided (Recognized),Urban
93670,8925550.685,1471669.1005249023,33,589,600080,33010911702,"CHRISTURAJA MAT SCH,KORATTUR",5,6,3,2,Pr. Up Pr. and Secondary Only,Co-education,33,603,05700,Ambattur,5700,803328,TAMIL NADU,Chennai,Ambattur (M),Pvt. Unaided (Recognized),Urban
93779,8925642.858093262,1471914.837890625,33,589,600080,33010911706,"LITTLE HOLY ANGELS M.S,KORATTUR",5,3,3,2,Pr. with Up.Pr. Sec. and H.Sec.,Co-education,33,603,05700,Ambattur,5700,803328,TAMIL NADU,Chennai,Ambattur (M),Pvt. Unaided (Recognized),Urban
94348,8924647.105285645,1473079.2048950195,33,589,600053,33010907802,RUDRAPPASAMY SCHOOL,5,3,3,2,Pr. with Up.Pr. Sec. and H.Sec.,Co-education,33,603,05700,Ambattur,5700,803328,TAMIL NADU,Chennai,Ambattur (M),Pvt. Unaided (Recognized),Urban
94380,8924627.513122559,1473120.6967163086,33,589,600053,33010906601,SRI RAMAKRISHNA APS KARUKU,4,1,3,2,Primary,Co-education,33,603,05700,Ambattur,5700,803328,TAMIL NADU,Chennai,Ambattur (M),Government Aided,Urban
93821,8937726.588928223,1471992.102722168,33,568,600021,33020200902,ST. ROQUE'S MATRIC SCHOOL.,5,6,3,2,Pr. Up Pr. and Secondary Only,Co-education,33,603, ,Tondiarpet,7168,803339,TAMIL NADU,Chennai,Chennai (M Corp.),Pvt. Unaided (Recognized),Urban
93838,8936011.823486328,1472034.8499145508,33,568,600021,33020201802,CHS CB ROAD,3,7,3,2,Upper Pr. and Secondary,Co-education,33,603, ,Tondiarpet,7168,803339,TAMIL NADU,Chennai,Chennai (M Corp.),Local Body,Urban
93839,8936017.389526367,1472034.8499145508,33,568,600021,33020201801,CPS C.B.ROAD,3,1,3,2,Primary,Co-education,33,603, ,Tondiarpet,7168,803339,TAMIL NADU,Chennai,Chennai (M Corp.),Local Body,Urban
93862,8937991.084106445,1472105.714477539,33,568,600013,33020200512,"SHREE G.K JAIN NURSERY&PRIMARY,CH",5,1,3,2,Primary,Co-education,33,603, ,Tondiarpet,7168,803339,TAMIL NADU,Chennai,Chennai (M Corp.),Pvt. Unaided (Recognized),Urban
93873,8938122.997497559,1472123.4307250977,33,568,600130,33020200504,ST. PETTER'S PRIMARY SCHOOL,4,3,3,2,Pr. with Up.Pr. Sec. and H.Sec.,Co-education,33,603, ,Tondiarpet,7168,803339,TAMIL NADU,Chennai,Chennai (M Corp.),Government Aided,Urban
93881,8938094.611083984,1472139.8895263672,33,568,600013,33020200505,ST PETERS HSS,4,5,1,2,Up. Pr. Secondary and Higher Sec,Boys,33,603, ,Tondiarpet,7168,803339,TAMIL NADU,Chennai,Chennai (M Corp.),Government Aided,Urban
93883,8938038.172,1472142.2896728516,33,568,600013,33020200510,ST ANNE'S GIRLS HSS,4,5,2,2,Up. Pr. Secondary and Higher Sec,Girls,33,603, ,Tondiarpet,7168,803339,TAMIL NADU,Chennai,Chennai (M Corp.),Government Aided,Urban
93894,8938169.195,1472182.294128418,33,568,600013,33020200609,A.A.PUBLIC SCHOOL,5,6,3,2,Pr. Up Pr. and Secondary Only,Co-education,33,603, ,Tondiarpet,7168,803339,TAMIL NADU,Chennai,Chennai (M Corp.),Pvt. Unaided (Recognized),Urban
93929,8937341.646118164,1472244.0150756836,33,568,600021,33020200803,CPS CEMETRY ROAD,3,1,3,2,Primary,Co-education,33,603, ,Tondiarpet,7168,803339,TAMIL NADU,Chennai,Chennai (M Corp.),Local Body,Urban
93931,8938532.096679688,1472245.1578979492,33,568,600013,33020200416,MINNAKSHI VISHWA VIDHYASHRAM,8,1,3,2,Primary,Co-education,33,603, ,Tondiarpet,7168,803339,TAMIL NADU,Chennai,Chennai (M Corp.),Unrecognized,Urban
93934,8938256.135681152,1472266.1889038086,33,568,600013,33020200516,"ST.JOSEPH NURSERY&PRIMARY,CH",5,1,3,2,Primary,Co-education,33,603, ,Tondiarpet,7168,803339,TAMIL NADU,Chennai,Chennai (M Corp.),Pvt. Unaided (Recognized),Urban
93941,8937355.338500977,1472274.0755004885,33,568,600021,33020200809,CHS MANIGANDAN ST,3,7,3,2,Upper Pr. and Secondary,Co-education,33,603, ,Tondiarpet,7168,803339,TAMIL NADU,Chennai,Chennai (M Corp.),Local Body,Urban
93962,8938356.211914062,1472306.879272461,33,568,600013,33020200417,SRI CHAITANYA TECHNO SCHOOL,5,3,3,2,Pr. with Up.Pr. Sec. and H.Sec.,Co-education,33,603, ,Tondiarpet,7168,803339,TAMIL NADU,Chennai,Chennai (M Corp.),Pvt. Unaided (Recognized),Urban
93963,8937183.35,1472316.3659057615,33,568,600021,33020101309,NARGEES NURSERY & PRIMARY SCHOOL,5,1,3,2,Primary,Co-education,33,603, ,Tondiarpet,7168,803339,TAMIL NADU,Chennai,Chennai (M Corp.),Pvt. Unaided (Recognized),Urban
93964,8937592.560119629,1472318.3090820312,33,568,600021,33020200807,ST MARYS MAT HSS,5,3,3,2,Pr. with Up.Pr. Sec. and H.Sec.,Co-education,33,603, ,Tondiarpet,7168,803339,TAMIL NADU,Chennai,Chennai (M Corp.),Pvt. Unaided (Recognized),Urban
93974,8936839.038513184,1472336.254,33,568,600021,33020101310,MAHARISHI VIDYA MANDIR BALA BHAVAN SCHOOL,8,12,3,2,Pre-Primary Only,Co-education,33,603, ,Tondiarpet,7168,803339,TAMIL NADU,Chennai,Chennai (M Corp.),Unrecognized,Urban
93983,8938140.252075195,1472357.3991088867,33,568,600013,33020200518,ANAS IBNU MALIK GLOBAL ISLAMIC SCHOOL,8,1,3,2,Primary,Co-education,33,603, ,Tondiarpet,7168,803339,TAMIL NADU,Chennai,Chennai (M Corp.),Unrecognized,Urban
93984,8937836.015930176,1472359.113708496,33,568,600021,33020200601,KAMARAJ MIDDLE SCHOOL,4,2,3,2,Primary with Upper Primary,Co-education,33,603, ,Tondiarpet,7168,803339,TAMIL NADU,Chennai,Chennai (M Corp.),Government Aided,Urban
93985,8938292.982,1472363.2282714844,33,568,600013,33020200513,St KEVIN'S AI HSS,4,3,2,2,Pr. with Up.Pr. Sec. and H.Sec.,Girls,33,603, ,Tondiarpet,7168,803339,TAMIL NADU,Chennai,Chennai (M Corp.),Government Aided,Urban
93993,8937111.660095215,1472373.1724853516,33,568,600021,33020200802,CUBPS WASHERMENPET,3,1,3,2,Primary,Co-education,33,603, ,Tondiarpet,7168,803339,TAMIL NADU,Chennai,Chennai (M Corp.),Local Body,Urban
93994,8937139.712524414,1472374.543884277,33,568,600021,33020200814,C U BOYS HS WASHERMENPET,3,7,3,2,Upper Pr. and Secondary,Co-education,33,603, ,Tondiarpet,7168,803339,TAMIL NADU,Chennai,Chennai (M Corp.),Local Body,Urban
93995,8937009.691,1472382.0877075195,33,568,600021,33020200817,TRI JAGAN MOHAN MIDDLE SCHOOL,4,2,3,2,Primary with Upper Primary,Co-education,33,603, ,Tondiarpet,7168,803339,TAMIL NADU,Chennai,Chennai (M Corp.),Government Aided,Urban
93996,8937116.001525879,1472389.6315307615,33,568,600021,33020200804,CPS MANIKANDAN 6TH LANE,3,1,3,2,Primary,Co-education,33,603, ,Tondiarpet,7168,803339,TAMIL NADU,Chennai,Chennai (M Corp.),Local Body,Urban
93998,8937401.424682617,1472390.317321777,33,568,600021,33020200815,ST. MARY'S NURSERY AND PRIMARY SCHOOL,5,1,3,2,Primary,Co-education,33,603, ,Tondiarpet,7168,803339,TAMIL NADU,Chennai,Chennai (M Corp.),Pvt. Unaided (Recognized),Urban
94003,8937707.219299316,1472398.3181152344,33,568,600021,33020200607,"MACAULAY NURSERY&PRIMARY,CH",5,1,3,2,Primary,Co-education,33,603, ,Tondiarpet,7168,803339,TAMIL NADU,Chennai,Chennai (M Corp.),Pvt. Unaided (Recognized),Urban
94006,8938265.375,1472404.7188720703,33,568,600013,33020200509,MARIA MAT HSS,5,3,3,2,Pr. with Up.Pr. Sec. and H.Sec.,Co-education,33,603, ,Tondiarpet,7168,803339,TAMIL NADU,Chennai,Chennai (M Corp.),Pvt. Unaided (Recognized),Urban
94010,8937999.321716309,1472407.3479003906,33,568,600013,33020200604,KAMALA VINAYAGAR AIDED MID SCHOOL,4,2,3,2,Primary with Upper Primary,Co-education,33,603, ,Tondiarpet,7168,803339,TAMIL NADU,Chennai,Chennai (M Corp.),Government Aided,Urban
94033,8938020.027,1472429.178894043,33,568,600013,33020200507,SHREE G.K. JAIN PRIMARY SCHOOL,4,1,3,2,Primary,Co-education,33,603, ,Tondiarpet,7168,803339,TAMIL NADU,Chennai,Chennai (M Corp.),Government Aided,Urban
94036,8938222.851074219,1472432.9506835938,33,568,600013,33020200608,DHANALAKSHMI HSS,4,5,3,2,Up. Pr. Secondary and Higher Sec,Co-education,33,603, ,Tondiarpet,7168,803339,TAMIL NADU,Chennai,Chennai (M Corp.),Government Aided,Urban
94040,8936312.942687988,1472448.2667236328,33,568,600021,33020100319,QASMIYAH NURSERY & PRIMARY SCHOOL,8,1,3,2,Primary,Co-education,33,603, ,Tondiarpet,7168,803339,TAMIL NADU,Chennai,Chennai (M Corp.),Unrecognized,Urban
94053,8937723.917297363,1472470.669494629,33,568,600021,33020200605,DHANALAKSHMI PRI SCHOOL,4,1,3,2,Primary,Co-education,33,603, ,Tondiarpet,7168,803339,TAMIL NADU,Chennai,Chennai (M Corp.),Government Aided,Urban
94055,8938028.932495117,1472471.469482422,33,568,600013,33020200506,SHREE GK JAIN HSS,4,5,3,2,Up. Pr. Secondary and Higher Sec,Co-education,33,603, ,Tondiarpet,7168,803339,TAMIL NADU,Chennai,Chennai (M Corp.),Government Aided,Urban
94057,8936670.834899902,1472485.1854858398,33,568,600021,33020101304,CUGMS WASHERMENPET,3,2,3,2,Primary with Upper Primary,Co-education,33,603, ,Tondiarpet,7168,803339,TAMIL NADU,Chennai,Chennai (M Corp.),Local Body,Urban
94064,8938326.155700684,1472493.1862792969,33,568,600013,33020200501,CUGPS ARATHOON ROAD,3,1,3,2,Primary,Co-education,33,603, ,Tondiarpet,7168,803339,TAMIL NADU,Chennai,Chennai (M Corp.),Local Body,Urban
94068,8936381.404,1472509.188293457,33,568,600021,33020100302,CPS BOJARAJA NAGAR,3,1,3,2,Primary,Co-education,33,603, ,Tondiarpet,7168,803339,TAMIL NADU,Chennai,Chennai (M Corp.),Local Body,Urban
94098,8936782.599487305,1472567.0239257812,33,568,600021,33020101207,SRI MAGESWARA  MATRICULATION  SCHOOL,5,2,3,2,Primary with Upper Primary,Co-education,33,603, ,Tondiarpet,7168,803339,TAMIL NADU,Chennai,Chennai (M Corp.),Pvt. Unaided (Recognized),Urban
94099,8937645.436889648,1472570.9100952148,33,568,600013,33020200906,"ST.ANNES MATRIC. HIGHER SEC.  SCHOOL,CH",5,3,3,2,Pr. with Up.Pr. Sec. and H.Sec.,Co-education,33,603, ,Tondiarpet,7168,803339,TAMIL NADU,Chennai,Chennai (M Corp.),Pvt. Unaided (Recognized),Urban
94101,8936544.598510742,1472573.196105957,33,568,600021,33020101204,SRI KARPAGAM MATRIC SCHOOL,5,2,3,2,Primary with Upper Primary,Co-education,33,603, ,Tondiarpet,7168,803339,TAMIL NADU,Chennai,Chennai (M Corp.),Pvt. Unaided (Recognized),Urban
94123,8936007.370727539,1472634.9179077148,33,568,600021,33020101102,CPS HARINARAYANAPURAM,3,1,3,2,Primary,Co-education,33,603, ,Tondiarpet,7168,803339,TAMIL NADU,Chennai,Chennai (M Corp.),Local Body,Urban
94124,8936010.710327148,1472637.203918457,33,568,600021,33020101103,CHS SEVENWELLS @ HARINARAYANAPURAM,3,7,3,2,Upper Pr. and Secondary,Co-education,33,603, ,Tondiarpet,7168,803339,TAMIL NADU,Chennai,Chennai (M Corp.),Local Body,Urban
94140,8936657.476501465,1472660.0639038086,33,568,600021,33020101308,BUDDHA NURSERY & PRIMARY SCHOOL,5,1,3,2,Primary,Co-education,33,603, ,Tondiarpet,7168,803339,TAMIL NADU,Chennai,Chennai (M Corp.),Pvt. Unaided (Recognized),Urban
94142,8936644.674682617,1472662.8071289062,33,568,600021,33020101307,NEW OXFORD NURSERY & PRIMARY SCHOOL,5,1,3,2,Primary,Co-education,33,603, ,Tondiarpet,7168,803339,TAMIL NADU,Chennai,Chennai (M Corp.),Pvt. Unaided (Recognized),Urban
94147,8937281.422302246,1472670.236694336,33,568,600021,33020100902,KRC PRIMARY SCHOOL,4,1,3,2,Primary,Co-education,33,603, ,Tondiarpet,7168,803339,TAMIL NADU,Chennai,Chennai (M Corp.),Government Aided,Urban
94148,8936518.883728027,1472672.522705078,33,568,600021,33020101301,NORTH MADRAS SOCIAL SERVICE MIDDLE SCHOOL,4,2,3,2,Primary with Upper Primary,Co-education,33,603, ,Tondiarpet,7168,803339,TAMIL NADU,Chennai,Chennai (M Corp.),Government Aided,Urban
94152,8937693.860900879,1472675.0372924805,33,568,600021,33020200603,ARUMUGA NADAR GIRLS HSS,4,3,2,2,Pr. with Up.Pr. Sec. and H.Sec.,Girls,33,603, ,Tondiarpet,7168,803339,TAMIL NADU,Chennai,Chennai (M Corp.),Government Aided,Urban
94160,8936730.947,1472693.2108764648,33,568,600021,33020100811,BHAGYAM CHELLIAH MAT SCHOOL,5,6,3,2,Pr. Up Pr. and Secondary Only,Co-education,33,603, ,Tondiarpet,7168,803339,TAMIL NADU,Chennai,Chennai (M Corp.),Pvt. Unaided (Recognized),Urban
94162,8936514.653686523,1472697.6685180664,33,568,600021,33020101306,NORTH MSS NURSERY & PRIMARY SCHOOL,5,1,3,2,Primary,Co-education,33,603, ,Tondiarpet,7168,803339,TAMIL NADU,Chennai,Chennai (M Corp.),Pvt. Unaided (Recognized),Urban
94165,8938606.458129883,1472707.7271118164,33,568,600013,33020200410,C.S.I. RAJAGOPAL PRI. SCHOOL,4,1,3,2,Primary,Co-education,33,603, ,Tondiarpet,7168,803339,TAMIL NADU,Chennai,Chennai (M Corp.),Government Aided,Urban
94181,8936098.763916016,1472744.9888916016,33,568,600021,33020101009,APOSTLES N & P SCHOOL,5,1,3,2,Primary,Co-education,33,603, ,Tondiarpet,7168,803339,TAMIL NADU,Chennai,Chennai (M Corp.),Pvt. Unaided (Recognized),Urban
94214,8938309.791687012,1472782.1364746094,33,568,600013,33020200415,"C S I RAJAGOPAL NURSERY&PRIMARY,CH",5,1,3,2,Primary,Co-education,33,603, ,Tondiarpet,7168,803339,TAMIL NADU,Chennai,Chennai (M Corp.),Pvt. Unaided (Recognized),Urban
94215,8937638.980529785,1472783.8510742188,33,568,600021,33020200703,CMSTS PRIMARY SCHOOL,4,1,3,2,Primary,Co-education,33,603, ,Tondiarpet,7168,803339,TAMIL NADU,Chennai,Chennai (M Corp.),Government Aided,Urban
94230,8938494.025512695,1472810.4830932615,33,568,600013,33020200411,CSI RAJAGOPAL HS,4,5,3,2,Up. Pr. Secondary and Higher Sec,Co-education,33,603, ,Tondiarpet,7168,803339,TAMIL NADU,Chennai,Chennai (M Corp.),Government Aided,Urban
94236,8938061.215270996,1472848.6594848633,33,568,600013,33020200606,VALLAL SI ALAGARSAMY HSS,4,5,3,2,Up. Pr. Secondary and Higher Sec,Co-education,33,603, ,Tondiarpet,7168,803339,TAMIL NADU,Chennai,Chennai (M Corp.),Government Aided,Urban
90700,8935860.428894043,1465119.5610961914,33,568,600014,33020601501,CPS LLOYADS ROAD,3,1,3,2,Primary,Co-education,33,603, ,Mylapore,7170,,TAMIL NADU,Chennai, ,Local Body,Urban
90730,8935500.867126465,1464915.0194702148,33,568,600004,33020601603,MRS. ELLEN SHARMA MEMORIAL N & P SCHOOL,5,1,3,2,Primary,Co-education,33,603, ,Mylapore,7170,,TAMIL NADU,Chennai, ,Pvt. Unaided (Recognized),Urban
90765,8935828.146,1465120.7036743164,33,568,600014,33020601504,CPS URDU PRIMARY SCHOOL,3,1,3,2,Primary,Co-education,33,603, ,Mylapore,7170,,TAMIL NADU,Chennai, ,Local Body,Urban
90786,8935632.223876953,1465048.714111328,33,568,600014,33020601602,Ganapathy Balammmal Nursery & Primary School,5,1,3,2,Primary,Co-education,33,603, ,Mylapore,7170,,TAMIL NADU,Chennai, ,Pvt. Unaided (Recognized),Urban
90792,8936695.659118652,1465069.0540771484,33,568,600005,33020601204,GOVT. MODEL GHSS,1,5,3,2,Up. Pr. Secondary and Higher Sec,Co-education,33,603, ,Mylapore,7170,,TAMIL NADU,Chennai, ,Department of Education,Urban
90811,8935810.335083008,1465124.131896973,33,568,600014,33020601503,CHSS LLOYDS ROAD,3,5,3,2,Up. Pr. Secondary and Higher Sec,Co-education,33,603, ,Mylapore,7170,,TAMIL NADU,Chennai, ,Local Body,Urban
90838,8936173.236694336,1465207.5487060547,33,568,600005,33020601202,CMS KRISHNAMPET,3,2,3,2,Primary with Upper Primary,Co-education,33,603, ,Mylapore,7170,,TAMIL NADU,Chennai, ,Local Body,Urban
90862,8936037.426879883,1465237.2589111328,33,568,600005,33020601505,SAK NURSERY & PRIMARY SCHOOL,5,1,3,2,Primary,Co-education,33,603, ,Mylapore,7170,,TAMIL NADU,Chennai, ,Pvt. Unaided (Recognized),Urban
90875,8936158.431274414,1465695.8275146484,33,568,600005,33020600904,N.K.T NATIONAL GIRLS HSS,4,5,2,2,Up. Pr. Secondary and Higher Sec,Girls,33,603, ,Mylapore,7170,,TAMIL NADU,Chennai, ,Government Aided,Urban
90962,8935609.960083008,1465474.9411010742,33,568,600014,33020601406,GILL ADARSH MATH S S,5,3,3,2,Pr. with Up.Pr. Sec. and H.Sec.,Co-education,33,603, ,Mylapore,7170,,TAMIL NADU,Chennai, ,Pvt. Unaided (Recognized),Urban
90971,8936127.595703125,1465494.3671264648,33,568,600005,33020601205,WASHINGTON NURSERY & PRIMARY SCHOOL,5,1,3,2,Primary,Co-education,33,603, ,Mylapore,7170,,TAMIL NADU,Chennai, ,Pvt. Unaided (Recognized),Urban
90974,8936662.374511719,1465498.5950927734,33,568,600005,33021000101,LADY WILLINGTON HIGHER SECONDARY SCHOOL,1,3,3,2,Pr. with Up.Pr. Sec. and H.Sec.,Co-education,33,603, ,Mylapore,7170,,TAMIL NADU,Chennai, ,Department of Education,Urban
90976,8936134.274902344,1465505.7943115234,33,568,600005,33020601203,CHS IRUSAPPA STREET,3,7,3,2,Upper Pr. and Secondary,Co-education,33,603, ,Mylapore,7170,,TAMIL NADU,Chennai, ,Local Body,Urban
90982,8936084.181091309,1466547.9647216797,33,568,600005,33020600613,HAKEEM NPS,5,1,3,2,Primary,Co-education,33,603, ,Mylapore,7170,,TAMIL NADU,Chennai, ,Pvt. Unaided (Recognized),Urban
90989,8936137.614501953,1465538.9329223633,33,568,600005,33020601007,WASHINGTON NURSERY & PRIMARY SCHOOL,5,1,3,2,Primary,Co-education,33,603, ,Mylapore,7170,,TAMIL NADU,Chennai, ,Pvt. Unaided (Recognized),Urban
90997,8936173.236694336,1465558.3591308594,33,568,600014,33020701706,ST JOSEPH'S MATRICULATION SCHOOL,5,6,3,2,Pr. Up Pr. and Secondary Only,Co-education,33,603, ,Mylapore,7170,,TAMIL NADU,Chennai, ,Pvt. Unaided (Recognized),Urban
90998,8936534.802490234,1465559.273071289,33,568,600005,33020601102,MOP VISHNAV MIDDLE SCHOOL,4,2,3,2,Primary with Upper Primary,Co-education,33,603, ,Mylapore,7170,,TAMIL NADU,Chennai, ,Government Aided,Urban
91051,8935586.582885742,1465666.9168701172,33,568,600014,33020600905,THE LITTLE FLOWER N &P SCHOOL,5,1,3,2,Primary,Co-education,33,603, ,Mylapore,7170,,TAMIL NADU,Chennai, ,Pvt. Unaided (Recognized),Urban
91072,8935703.469,1465710.3400878906,33,568,600014,33020601404,CMS BEGUM SAHIB STREET,3,2,3,2,Primary with Upper Primary,Co-education,33,603, ,Mylapore,7170,,TAMIL NADU,Chennai, ,Local Body,Urban
91076,8936200.51,1465731.5947265625,33,568,600005,33020601004,N.K.T NATIONAL BOYS HS,4,7,1,2,Upper Pr. and Secondary,Boys,33,603, ,Mylapore,7170,,TAMIL NADU,Chennai, ,Government Aided,Urban
91081,8936094.199890137,1465753.763305664,33,568,600014,33020600911,I Max Nursery & Primary School,5,1,3,2,Primary,Co-education,33,603, ,Mylapore,7170,,TAMIL NADU,Chennai, ,Pvt. Unaided (Recognized),Urban
91088,8936474.244506836,1465763.133728027,33,568,600005,33020601011,SRI GURU VIDHYALAYA N & P,5,1,3,2,Primary,Co-education,33,603, ,Mylapore,7170,,TAMIL NADU,Chennai, ,Pvt. Unaided (Recognized),Urban
91091,8935854.862915039,1465772.047,33,568,600014,33020600906,TAMILNAD MAT SCHOOL,5,2,3,2,Primary with Upper Primary,Co-education,33,603, ,Mylapore,7170,,TAMIL NADU,Chennai, ,Pvt. Unaided (Recognized),Urban
91112,8935936.905517578,1465793.7584838867,33,568,600014,33020600901,CPS Dr BESANT ROAD,3,1,3,2,Primary,Co-education,33,603, ,Mylapore,7170,,TAMIL NADU,Chennai, ,Local Body,Urban
91113,8935942.026123047,1465793.7584838867,33,568,600014,33020600910,CUBPS MIRSAHIBPET,3,1,3,2,Primary,Co-education,33,603, ,Mylapore,7170,,TAMIL NADU,Chennai, ,Local Body,Urban
91164,8936552.390930176,1465905.1740722656,33,568,600005,33020601008,REX MAT HSS,5,3,3,2,Pr. with Up.Pr. Sec. and H.Sec.,Co-education,33,603, ,Mylapore,7170,,TAMIL NADU,Chennai, ,Pvt. Unaided (Recognized),Urban
91191,8935871.560913086,1465981.1655273438,33,568,600005,33020600907,MANI'S Nursery and Primary School,5,1,3,2,Primary,Co-education,33,603, ,Mylapore,7170,,TAMIL NADU,Chennai, ,Pvt. Unaided (Recognized),Urban
91192,8936024.068725586,1465985.1651000977,33,568,600005,33020601002,CMS TRIPLICANE HIGH ROAD,3,2,3,2,Primary with Upper Primary,Co-education,33,603, ,Mylapore,7170,,TAMIL NADU,Chennai, ,Local Body,Urban
91216,8936160.991516113,1466020.4752807615,33,568,600005,33020600703,CSI KELLETT HSS,4,5,1,2,Up. Pr. Secondary and Higher Sec,Boys,33,603, ,Mylapore,7170,,TAMIL NADU,Chennai, ,Government Aided,Urban
91235,8935652.15,1466061.9564819336,33,568,600014,33021000501,ST.JOHN'S MIDDLE SCHOOL,4,2,3,2,Primary with Upper Primary,Co-education,33,603, ,Mylapore,7170,,TAMIL NADU,Chennai, ,Government Aided,Urban
91236,8935924.882873535,1466066.6417236328,33,568,600005,33020600802,CMS SOORAPPA STREET,3,2,3,2,Primary with Upper Primary,Co-education,33,603, ,Mylapore,7170,,TAMIL NADU,Chennai, ,Local Body,Urban
91255,8936212.198486328,1466129.720703125,33,568,600005,33020600711,SJNSJV PRIMARY SCHOOL,5,1,3,2,Primary,Co-education,33,603, ,Mylapore,7170,,TAMIL NADU,Chennai, ,Pvt. Unaided (Recognized),Urban
91280,8935460.012695312,1466143.2048950195,33,568,600012,33021000402,"CSI MIDDLE SCHOOL,PUDUPAKKAM",4,2,3,2,Primary with Upper Primary,Co-education,33,603, ,Mylapore,7170,,TAMIL NADU,Chennai, ,Government Aided,Urban
91285,8936637.438903809,1466151.4324951172,33,568,600005,33020601101,CMS VR PILLAI STREET,3,2,3,2,Primary with Upper Primary,Co-education,33,603, ,Mylapore,7170,,TAMIL NADU,Chennai, ,Local Body,Urban
91292,8935603.280883789,1466181.1436767578,33,568,600014,33020701503,IMMACULATE HEART OF MARY MATRICULATION SCHOOL,5,3,3,2,Pr. with Up.Pr. Sec. and H.Sec.,Co-education,33,603, ,Mylapore,7170,,TAMIL NADU,Chennai, ,Pvt. Unaided (Recognized),Urban
91293,8936469.012695312,1466190.1713256836,33,568,600005,33020601005,S.S RAGAVENDRA RAO PRIMARY SCHOOL,4,1,3,2,Primary,Co-education,33,603, ,Mylapore,7170,,TAMIL NADU,Chennai, ,Government Aided,Urban
91303,8936202.18,1466210.8549194336,33,568,600005,33020601009,SJN SJV NPS,5,1,3,2,Primary,Co-education,33,603, ,Mylapore,7170,,TAMIL NADU,Chennai, ,Pvt. Unaided (Recognized),Urban
91357,8936243.368103027,1466299.988708496,33,568,600005,33020600709,THE HINDU SENIOR SEC SCHOOL,5,3,3,2,Pr. with Up.Pr. Sec. and H.Sec.,Co-education,33,603, ,Mylapore,7170,,TAMIL NADU,Chennai, ,Pvt. Unaided (Recognized),Urban
91443,8936245.594482422,1466490.8270874023,33,568,600005,33020600710,THE HINDU HSS,4,5,1,2,Up. Pr. Secondary and Higher Sec,Boys,33,603, ,Mylapore,7170,,TAMIL NADU,Chennai, ,Government Aided,Urban
91460,8936441.516723633,1466547.9647216797,33,568,600005,33020600704,CMS BELLS ROAD,3,2,3,2,Primary with Upper Primary,Co-education,33,603, ,Mylapore,7170,,TAMIL NADU,Chennai, ,Local Body,Urban
91461,8936268.971496582,1466551.3928833008,33,568,600005,33020600706,CSI MIDDLE SCHOOL,4,2,3,2,Primary with Upper Primary,Co-education,33,603, ,Mylapore,7170,,TAMIL NADU,Chennai, ,Government Aided,Urban
91467,8936086.407470703,1466571.962524414,33,568,600005,33020600608,THE MUSLIM HSS,4,5,3,2,Up. Pr. Secondary and Higher Sec,Co-education,33,603, ,Mylapore,7170,,TAMIL NADU,Chennai, ,Government Aided,Urban
91470,8936255.613098145,1466576.5335083008,33,568,600005,33020600614,THE HINDU NURSERY AND PRIMARY SCHOOL,5,1,3,2,Primary,Co-education,33,603, ,Mylapore,7170,,TAMIL NADU,Chennai, ,Pvt. Unaided (Recognized),Urban
91515,8936080.953,1466687.2664794922,33,568,600005,33020600606,H.H.MANDAL MIDDLE SCHOOL,4,2,3,2,Primary with Upper Primary,Co-education,33,603, ,Mylapore,7170,,TAMIL NADU,Chennai, ,Government Aided,Urban
91532,8936267.858276367,1466704.636291504,33,568,600005,33020600702,MURTHUZAVIYA ORIENTAL HSS,4,5,3,2,Up. Pr. Secondary and Higher Sec,Co-education,33,603, ,Mylapore,7170,,TAMIL NADU,Chennai, ,Government Aided,Urban
91533,8936258.174,1466705.8934936523,33,568,600005,33020600707,MURTHU ZAVIA PRIMARY SCHOOL,4,1,3,2,Primary,Co-education,33,603, ,Mylapore,7170,,TAMIL NADU,Chennai, ,Government Aided,Urban
91538,8935692.336486816,1466719.378112793,33,568,600002,33020600604,CMS BANGARU STREET,3,2,3,2,Primary with Upper Primary,Co-education,33,603, ,Mylapore,7170,,TAMIL NADU,Chennai, ,Local Body,Urban
91587,8935661.167114258,1466817.655517578,33,568,600002,33020600504,ARSHA NP S,5,1,3,2,Primary,Co-education,33,603, ,Mylapore,7170,,TAMIL NADU,Chennai, ,Pvt. Unaided (Recognized),Urban
91611,8936042.992919922,1466913.647521973,33,568,600005,33020600204,CUMS THAYARSAHIB STREET,3,2,3,2,Primary with Upper Primary,Co-education,33,603, ,Mylapore,7170,,TAMIL NADU,Chennai, ,Local Body,Urban
91642,8935701.242126465,1466979.9282836914,33,568,600005,33020600609,SRI JNSJV MAT HSS,5,5,3,2,Up. Pr. Secondary and Higher Sec,Co-education,33,603, ,Mylapore,7170,,TAMIL NADU,Chennai, ,Pvt. Unaided (Recognized),Urban
91685,8936502.742,1467074.778076172,33,568,600002,33020600610,D AHMED ALI PARPIA MAT HSS,5,3,3,2,Pr. with Up.Pr. Sec. and H.Sec.,Co-education,33,603, ,Mylapore,7170,,TAMIL NADU,Chennai, ,Pvt. Unaided (Recognized),Urban
91693,8936179.915893555,1467104.262,33,568,600005,33020600602,CMS THYPOON ALI KHAN STREET,3,2,3,2,Primary with Upper Primary,Co-education,33,603, ,Mylapore,7170,,TAMIL NADU,Chennai, ,Local Body,Urban
91695,8935710.147521973,1467111.346923828,33,568,600002,33020600205,GOVT. MUSLIM HIGHER SECONDARY SCHOOL,1,3,3,2,Pr. with Up.Pr. Sec. and H.Sec.,Co-education,33,603, ,Mylapore,7170,,TAMIL NADU,Chennai, ,Department of Education,Urban
91710,8935808.108703613,1467145.6301269531,33,568,600005,33020600615,K.P.ILM NURSERY & PRIMARY SCHOOL,5,1,3,2,Primary,Co-education,33,603, ,Mylapore,7170,,TAMIL NADU,Chennai, ,Pvt. Unaided (Recognized),Urban
91724,8936125.814697266,1467182.5418701172,33,568,600005,33020600607,DEVI NAVASAKTHI MIDDLE SCHOOL,4,2,3,2,Primary with Upper Primary,Co-education,33,603, ,Mylapore,7170,,TAMIL NADU,Chennai, ,Government Aided,Urban
91726,8935805.882324219,1467186.7700805664,33,568,600002,33020600201,CMS ELLISPURAM,3,2,3,2,Primary with Upper Primary,Co-education,33,603, ,Mylapore,7170,,TAMIL NADU,Chennai, ,Local Body,Urban
91729,8936166.557495117,1467191.3413085938,33,568,600005,33020600611,EVE MAT HSS,5,3,3,2,Pr. with Up.Pr. Sec. and H.Sec.,Co-education,33,603, ,Mylapore,7170,,TAMIL NADU,Chennai, ,Pvt. Unaided (Recognized),Urban
91781,8935611.073303223,1467312.4760742188,33,568,600002,33020600207,CHRIST CHURCH ANGLO-INDIAN HIGHER SECONDARY SCHOOL,4,3,3,2,Pr. with Up.Pr. Sec. and H.Sec.,Co-education,33,603, ,Mylapore,7170,,TAMIL NADU,Chennai, ,Government Aided,Urban
91821,8936957.482,1467438.410888672,33,568,600004,33020601704,THE CHILDRENS GARDEN KINDERGARTEN SCHOOL,5,1,3,2,Primary,Co-education,33,603, ,Mylapore,7170,,TAMIL NADU,Chennai, ,Pvt. Unaided (Recognized),Urban
91949,8935666.732910156,1467734.1658935547,33,568,600002,33020700203,ALAMELU MANGATHAYARAMMA MONTESSORI SCHOOL,4,12,3,2,Pre-Primary Only,Co-education,33,603, ,Mylapore,7170,,TAMIL NADU,Chennai, ,Government Aided,Urban
92063,8936065.256896973,1468071.293884277,33,568,600002,33020701007,AR  RAHMANIYA NURSERY AND  PRIMARY  SCHOOL,5,1,3,2,Primary,Co-education,33,603, ,Mylapore,7170,,TAMIL NADU,Chennai, ,Pvt. Unaided (Recognized),Urban
92071,8935535.376098633,1468073.5795288086,33,568,600002,33020701002,RBCCC MIDDLE SCHOOL,4,2,3,2,Primary with Upper Primary,Co-education,33,603, ,Mylapore,7170,,TAMIL NADU,Chennai, ,Government Aided,Urban
92086,8935472.815,1468118.720703125,33,568,600002,33020600305,CHINTADRIPET MIDDLE SCHOOL,4,2,3,2,Primary with Upper Primary,Co-education,33,603, ,Mylapore,7170,,TAMIL NADU,Chennai, ,Government Aided,Urban
92137,8935882.024902344,1468244.087890625,33,568,600002,33020700201,ST AUGUSTINE MIDDLE SCHOOL,4,2,3,2,Primary with Upper Primary,Co-education,33,603, ,Mylapore,7170,,TAMIL NADU,Chennai, ,Government Aided,Urban
92151,8935791.410888672,1468270.2584838867,33,568,600002,33020600404,CMS NARASINGAPURAM,3,2,3,2,Primary with Upper Primary,Co-education,33,603, ,Mylapore,7170,,TAMIL NADU,Chennai, ,Local Body,Urban
92182,8935811.114501953,1468323.171081543,33,568,600002,33020600308,CSI ZION N&P,5,1,3,2,Primary,Co-education,33,603, ,Mylapore,7170,,TAMIL NADU,Chennai, ,Pvt. Unaided (Recognized),Urban
92194,8935960.616516113,1468336.4279174805,33,568,600002,33020600303,CHINDADRIPET HSS,4,5,1,2,Up. Pr. Secondary and Higher Sec,Boys,33,603, ,Mylapore,7170,,TAMIL NADU,Chennai, ,Government Aided,Urban
92196,8935848.183898926,1468348.9989013672,33,568,600002,33020700202,DHANAKOTI  MIDDLE SCHOOL,4,2,3,2,Primary with Upper Primary,Co-education,33,603, ,Mylapore,7170,,TAMIL NADU,Chennai, ,Government Aided,Urban
92207,8935847.070495605,1468387.855102539,33,568,600002,33020600302,C KALYANAM GIRLS HSS,4,5,2,2,Up. Pr. Secondary and Higher Sec,Girls,33,603, ,Mylapore,7170,,TAMIL NADU,Chennai, ,Government Aided,Urban
92230,8935886.589111328,1468426.0255126953,33,568,600002,33020600211,AIWC N&P,5,1,3,2,Primary,Co-education,33,603, ,Mylapore,7170,,TAMIL NADU,Chennai, ,Pvt. Unaided (Recognized),Urban
92234,8935830.372680664,1468434.7108764648,33,568,600002,33020600203,AIWC HIGH SCHOOL,4,7,3,2,Upper Pr. and Secondary,Co-education,33,603, ,Mylapore,7170,,TAMIL NADU,Chennai, ,Government Aided,Urban
92247,8935840.391296387,1468468.9959106443,33,568,600002,33020600202,AIWC PRIMARY SCHOOL,4,1,3,2,Primary,Co-education,33,603, ,Mylapore,7170,,TAMIL NADU,Chennai, ,Government Aided,Urban
92288,8936538.364685059,1468606.1356811523,33,568,600002,33020600208,KENDRIYA VIDYALAYA ISLAND GROUNDS (Code-1776),92,3,3,2,Pr. with Up.Pr. Sec. and H.Sec.,Co-education,33,603, ,Purasawalkam,7167,,TAMIL NADU,Chennai, ,Kendriya Vidyalaya(KV),Urban
92329,8936606.269470215,1468744.419128418,33,568,600002,33020601301,CPS SAIVAMUTHAIH STREET,3,1,3,2,Primary,Co-education,33,603, ,Purasawalkam,7167,,TAMIL NADU,Chennai, ,Local Body,Urban
92415,8936797.739074707,1468979.845275879,33,568,600003,33020301721,SRI J T SURANA JAIN VIDYALAYA,5,3,3,2,Pr. with Up.Pr. Sec. and H.Sec.,Co-education,33,603, ,Purasawalkam,7167,,TAMIL NADU,Chennai, ,Pvt. Unaided (Recognized),Urban
92519,8935674.525512695,1469230.3593139648,33,568,600079,33020301716,MAHARISHI VIDYA MANDIR MATRICULATION SCHOOL,5,2,3,2,Primary with Upper Primary,Co-education,33,603, ,Purasawalkam,7167,,TAMIL NADU,Chennai, ,Pvt. Unaided (Recognized),Urban
92523,8937130.584,1469244.987915039,33,568,600009,33020600209,Y.M.C.A BOYS TOWN HIGH SCHOOL,4,6,3,2,Pr. Up Pr. and Secondary Only,Co-education,33,603, ,Purasawalkam,7167,,TAMIL NADU,Chennai, ,Government Aided,Urban
92550,8936587.567871094,1469308.4166870115,33,568,600003,33020301805,E.N.V. SANGAM PRIMARY SCHOOL,4,1,3,2,Primary,Co-education,33,603, ,Purasawalkam,7167,,TAMIL NADU,Chennai, ,Government Aided,Urban
92626,8936552.168273926,1469504.5328979492,33,568,600003,33020301613,C.M.S. 246 MINT STREET,3,2,3,2,Primary with Upper Primary,Co-education,33,603, ,Purasawalkam,7167,,TAMIL NADU,Chennai, ,Local Body,Urban
92663,8936344.000671387,1469565.4478759766,33,568,600003,33020301804,S.M.D. HINDU PRIMARY SCHOOL,4,1,3,2,Primary,Co-education,33,603, ,Purasawalkam,7167,,TAMIL NADU,Chennai, ,Government Aided,Urban
92689,8936405.115112305,1469657.9064941406,33,568,600003,33020301803,SMD HINDU HSS,4,5,3,2,Up. Pr. Secondary and Higher Sec,Co-education,33,603, ,Purasawalkam,7167,,TAMIL NADU,Chennai, ,Government Aided,Urban
92713,8936301.699523926,1469689.3356933594,33,568,600003,33020301801,P.T. MISSION PRIMARY SCHOOL,4,1,3,2,Primary,Co-education,33,603, ,Purasawalkam,7167,,TAMIL NADU,Chennai, ,Government Aided,Urban
92714,8936291.235290527,1469693.4500732422,33,568,600003,33020301802,PT MISSION HS,4,7,3,2,Upper Pr. and Secondary,Co-education,33,603, ,Purasawalkam,7167,,TAMIL NADU,Chennai, ,Government Aided,Urban
92720,8935564.764282227,1469712.536315918,33,568,600112,33020301630,MAHARISHI VIDYA MANDIR,5,6,3,2,Pr. Up Pr. and Secondary Only,Co-education,33,603, ,Purasawalkam,7167,,TAMIL NADU,Chennai, ,Pvt. Unaided (Recognized),Urban
92724,8936426.043273926,1469735.736694336,33,568,600003,33020301808,Z.P.H. GUJARATI PRIMARY SCHOOL,4,1,3,2,Primary,Co-education,33,603, ,Purasawalkam,7167,,TAMIL NADU,Chennai, ,Government Aided,Urban
92726,8936441.516723633,1469737.5653076172,33,568,600001,33020301811,MANILAL M MEHTA GIRLS HSS,4,5,2,2,Up. Pr. Secondary and Higher Sec,Girls,33,603, ,Purasawalkam,7167,,TAMIL NADU,Chennai, ,Government Aided,Urban
92764,8936614.507080078,1469823.9672851562,33,568,600003,33020301813,ZPH GUJ KKM MAT SCHOOL,5,2,3,2,Primary with Upper Primary,Co-education,33,603, ,Purasawalkam,7167,,TAMIL NADU,Chennai, ,Pvt. Unaided (Recognized),Urban
92771,8936462.222106934,1469855.3967285156,33,568,600049,33020301812,SSV HSS,4,5,1,2,Up. Pr. Secondary and Higher Sec,Boys,33,603, ,Purasawalkam,7167,,TAMIL NADU,Chennai, ,Government Aided,Urban
92772,8937037.075927734,1469856.4251098633,33,568,600001,33020201712,PACHAIYAPPAS COLLEGE HSS,4,10,1,2,Secondary with Higher Secondary,Boys,33,603, ,Purasawalkam,7167,,TAMIL NADU,Chennai, ,Government Aided,Urban
92774,8936431.497924805,1469859.853881836,33,568,600003,33020301814,SRI LGG MAT.HR.SEC  SCHOOL,5,3,3,2,Pr. with Up.Pr. Sec. and H.Sec.,Co-education,33,603, ,Purasawalkam,7167,,TAMIL NADU,Chennai, ,Pvt. Unaided (Recognized),Urban
92823,8937520.425292969,1469975.0568847656,33,568,600001,33020201405,ST MARYS AI HSS,4,3,1,2,Pr. with Up.Pr. Sec. and H.Sec.,Boys,33,603, ,Purasawalkam,7167,,TAMIL NADU,Chennai, ,Government Aided,Urban
92824,8938352.872314453,1469982.1428833008,33,568,600001,33020201604,T.M.M.S SHUNMUGA SUNDARAM & A.P. SAMY MATRICULATION SCHOOL,5,6,3,2,Pr. Up Pr. and Secondary Only,Co-education,33,603, ,Purasawalkam,7167,,TAMIL NADU,Chennai, ,Pvt. Unaided (Recognized),Urban
92825,8937221.866271973,1469984.4287109375,33,568,600001,33020201708,HAJEE ESSA ABBA SAIT'S HSS,4,5,2,2,Up. Pr. Secondary and Higher Sec,Girls,33,603, ,Purasawalkam,7167,,TAMIL NADU,Chennai, ,Government Aided,Urban
92827,8937221.866271973,1469985.571472168,33,568,600001,33020201706,HAJEE ESSA ABBA SAIT'S AIDED PRY SCHOOL,4,1,2,2,Primary,Girls,33,603, ,Purasawalkam,7167,,TAMIL NADU,Chennai, ,Government Aided,Urban
92840,8936297.914489746,1470007.2864990234,33,568,600079,33020301301,RAJAJI AIDED PRIMARY SCHOOL,4,1,3,2,Primary,Co-education,33,603, ,Purasawalkam,7167,,TAMIL NADU,Chennai, ,Government Aided,Urban
92849,8936598.477111816,1470021.0010986328,33,568,600003,33020301809,A.B.PAREKH GUJARATI VIDYA MANDIR PRIMARY SCHOOL,4,1,3,2,Primary,Co-education,33,603, ,Purasawalkam,7167,,TAMIL NADU,Chennai, ,Government Aided,Urban
92868,8936697.551513672,1470050.7164916992,33,568,600079,33020201711,JAIN MISSION VIDHYALAYA NURSERY & PRIMARY SCHOOL,5,1,3,2,Primary,Co-education,33,603, ,Purasawalkam,7167,,TAMIL NADU,Chennai, ,Pvt. Unaided (Recognized),Urban
92870,8936948.688293457,1470056.2022705078,33,568,600079,33020301209,SRI DURUGA NURSERY & PRIMARY SCHOOL,5,1,3,2,Primary,Co-education,33,603, ,Purasawalkam,7167,,TAMIL NADU,Chennai, ,Pvt. Unaided (Recognized),Urban
92872,8937651.002929688,1470071.745727539,33,568,600108,33020201502,ST THOMAS MAT HSS,5,3,3,2,Pr. with Up.Pr. Sec. and H.Sec.,Co-education,33,603, ,Purasawalkam,7167,,TAMIL NADU,Chennai, ,Pvt. Unaided (Recognized),Urban
92876,8937770.115,1470080.546081543,33,568,600001,33020201507,ST. COLUMBAN'S A I Hr Sec School,4,3,2,2,Pr. with Up.Pr. Sec. and H.Sec.,Girls,33,603, ,Purasawalkam,7167,,TAMIL NADU,Chennai, ,Government Aided,Urban
92879,8937490.146,1470091.8604736328,33,568,600001,33020201713,PRESENTATION NURSERY,5,12,2,2,Pre-Primary Only,Girls,33,603, ,Purasawalkam,7167,,TAMIL NADU,Chennai, ,Pvt. Unaided (Recognized),Urban
92880,8936702.004272461,1470092.6607055664,33,568,600079,33020201710,SHREE JTCJ MISSION HSS,4,5,1,2,Up. Pr. Secondary and Higher Sec,Boys,33,603, ,Purasawalkam,7167,,TAMIL NADU,Chennai, ,Government Aided,Urban
92885,8936560.628479004,1470110.7185058594,33,568,600079,33020301713,SHREE AG JAIN HSS,4,5,1,2,Up. Pr. Secondary and Higher Sec,Boys,33,603, ,Purasawalkam,7167,,TAMIL NADU,Chennai, ,Government Aided,Urban
92887,8936860.078,1470111.2899169922,33,568,600079,33020301208,TERAPANTH JAIN VIDYALAYA MATRIC HSS,5,3,3,2,Pr. with Up.Pr. Sec. and H.Sec.,Co-education,33,603, ,Purasawalkam,7167,,TAMIL NADU,Chennai, ,Pvt. Unaided (Recognized),Urban
92888,8936914.847290039,1470112.3184814453,33,568,600001,33020201703,SKPD BOYS HSS,4,5,1,2,Up. Pr. Secondary and Higher Sec,Boys,33,603, ,Purasawalkam,7167,,TAMIL NADU,Chennai, ,Government Aided,Urban
92894,8936700.668518066,1470118.0328979492,33,568,600001,33020201701,SHREE J.T.C.JAIN MISSION AIDED PRY SCHOOL,4,1,3,2,Primary,Co-education,33,603, ,Purasawalkam,7167,,TAMIL NADU,Chennai, ,Government Aided,Urban
92941,8936599.590270996,1470211.8649291992,33,568,600079,33020301717,Shri K A BAL NIKETAN SCHOOL,5,1,3,2,Primary,Co-education,33,603, ,Purasawalkam,7167,,TAMIL NADU,Chennai, ,Pvt. Unaided (Recognized),Urban
92943,8937830.227294922,1470215.179321289,33,568,600001,33020201403,MEASI MAT HSS,5,3,3,2,Pr. with Up.Pr. Sec. and H.Sec.,Co-education,33,603, ,Purasawalkam,7167,,TAMIL NADU,Chennai, ,Pvt. Unaided (Recognized),Urban
92944,8936546.156921387,1470217.5795288086,33,568,600079,33020301715,Shree K.Sugunibai Sanatana Dharma Girls HSS,4,5,2,2,Up. Pr. Secondary and Higher Sec,Girls,33,603, ,Purasawalkam,7167,,TAMIL NADU,Chennai, ,Government Aided,Urban
92945,8936546.156921387,1470217.5795288086,33,568,600079,33020301711,SHREE K.S.S.D. PRIMARY SCHOOL,4,1,2,2,Primary,Girls,33,603, ,Purasawalkam,7167,,TAMIL NADU,Chennai, ,Government Aided,Urban
92947,8936316.838928223,1470219.8652954102,33,568,600079,33020301714,Motilal Fomra Sanatana Dharma Hss,4,5,1,2,Up. Pr. Secondary and Higher Sec,Boys,33,603, ,Purasawalkam,7167,,TAMIL NADU,Chennai, ,Government Aided,Urban
92948,8936324.409,1470220.436706543,33,568,600079,33020301722,Shri K SUGUNI BAI NURSERY & PRIMARY SCHOOL,5,1,3,2,Primary,Co-education,33,603, ,Purasawalkam,7167,,TAMIL NADU,Chennai, ,Pvt. Unaided (Recognized),Urban
92957,8936487.714294434,1470237.008728027,33,568,600057,33020301707,C.S.I. MIDDLE SCHOOL GM ST,4,2,3,2,Primary with Upper Primary,Co-education,33,603, ,Purasawalkam,7167,,TAMIL NADU,Chennai, ,Government Aided,Urban
92969,8936551.723083496,1470259.8666992188,33,568,600079,33020301712,MOONGIBAI GOENKA GIRLS HSS,4,5,2,2,Up. Pr. Secondary and Higher Sec,Girls,33,603, ,Purasawalkam,7167,,TAMIL NADU,Chennai, ,Government Aided,Urban
92972,8936336.653686523,1470281.3532714844,33,568,600079,33020301709,SNCP ARYA SAMAJ HS,4,7,3,2,Upper Pr. and Secondary,Co-education,33,603, ,Purasawalkam,7167,,TAMIL NADU,Chennai, ,Government Aided,Urban
92973,8936335.763122559,1470282.7249145508,33,568,600079,33020301708,S.N.C.P. ARYA SAMAJ PRIMARY SCHOOL,4,1,3,2,Primary,Co-education,33,603, ,Purasawalkam,7167,,TAMIL NADU,Chennai, ,Government Aided,Urban
92974,8936479.477,1470283.0676879885,33,568,600049,33020301718,SRI BADALCHAND SCC JAIN VID MS,5,6,3,2,Pr. Up Pr. and Secondary Only,Co-education,33,603, ,Purasawalkam,7167,,TAMIL NADU,Chennai, ,Pvt. Unaided (Recognized),Urban
92987,8937070.694519043,1470325.469482422,33,568,600001,33020201702,S.K.P.D AIDED PRY SCHOOL,4,1,1,2,Primary,Boys,33,603, ,Purasawalkam,7167,,TAMIL NADU,Chennai, ,Government Aided,Urban
93020,8936592.911315918,1470379.8717041016,33,568,600079,33020301705,Prof.M.KANDASAMI MUDALIAR MEMORIAL PRIMARY SCHOOL,4,1,3,2,Primary,Co-education,33,603, ,Purasawalkam,7167,,TAMIL NADU,Chennai, ,Government Aided,Urban
93021,8936588.903686523,1470380.328918457,33,568,600079,33020301703,THE HINDU THEOLOGICAL  HSS,4,5,3,2,Up. Pr. Secondary and Higher Sec,Co-education,33,603, ,Purasawalkam,7167,,TAMIL NADU,Chennai, ,Government Aided,Urban
93022,8936565.192687988,1470382.7291259766,33,568,600049,33020301702,THE MADRAS PROGRESSIVE UNION HSS,4,5,3,2,Up. Pr. Secondary and Higher Sec,Co-education,33,603, ,Purasawalkam,7167,,TAMIL NADU,Chennai, ,Government Aided,Urban
93030,8936762.005493164,1470407.1873168943,33,568,600001,33020201705,KTCT GIRLS HSS,4,5,2,2,Up. Pr. Secondary and Higher Sec,Girls,33,603, ,Purasawalkam,7167,,TAMIL NADU,Chennai, ,Government Aided,Urban
93031,8936658.59,1470408.444519043,33,568,600079,33020301719,SHRI SANATANA DHARMA VIDYALAYA MAT HSS,5,5,2,2,Up. Pr. Secondary and Higher Sec,Girls,33,603, ,Purasawalkam,7167,,TAMIL NADU,Chennai, ,Pvt. Unaided (Recognized),Urban
93037,8936865.643920898,1470440.903076172,33,568,600072,33020201704,K.T.C.T AIDED PRY SCHOOL,4,1,2,2,Primary,Girls,33,603, ,Purasawalkam,7167,,TAMIL NADU,Chennai, ,Government Aided,Urban
93078,8937742.841,1470534.0502929688,33,568,600001,33020201311,ANDERSON RAJAGOPAL GIRLS HSS,4,3,3,2,Pr. with Up.Pr. Sec. and H.Sec.,Co-education,33,603, ,Purasawalkam,7167,,TAMIL NADU,Chennai, ,Government Aided,Urban
93085,8936223.664489746,1470554.1657104492,33,568,600079,33020301704,CHS WALLTAX ROAD,3,7,3,2,Upper Pr. and Secondary,Co-education,33,603, ,Purasawalkam,7167,,TAMIL NADU,Chennai, ,Local Body,Urban
93091,8937224.204101562,1470561.823303223,33,568,600001,33020201509,RAMAKRISHNA AIDED PRY SCHOOL,4,1,3,2,Primary,Co-education,33,603, ,Purasawalkam,7167,,TAMIL NADU,Chennai, ,Government Aided,Urban
93127,8936288.229675293,1470632.912475586,33,568,600079,33020301701,C.M.S. 87 ANNAPILLAI STREET,3,2,3,2,Primary with Upper Primary,Co-education,33,603, ,Purasawalkam,7167,,TAMIL NADU,Chennai, ,Local Body,Urban
88138,8935457.452514648,1460116.1467285156,33,568,600090,33021001807,OLCOTT MEMORIAL HIGHER SECONDARY SCHOOL,5,3,3,2,Pr. with Up.Pr. Sec. and H.Sec.,Co-education,33,603, ,Velachery,7171,,TAMIL NADU,Chennai, ,Pvt. Unaided (Recognized),Urban
88283,8935861.987304688,1460304.8869018557,33,568,600090,33020901606,OLCOTT KUPPAM M.SCHOOL,4,1,3,2,Primary,Co-education,33,603, ,Velachery,7171,,TAMIL NADU,Chennai, ,Government Aided,Urban
89125,8935563.651123047,1461703.9122924805,33,568,600028,33021001508,CHETTINAD VIDYASHRAM,5,3,3,2,Pr. with Up.Pr. Sec. and H.Sec.,Co-education,33,603, ,Mylapore,7170,,TAMIL NADU,Chennai, ,Pvt. Unaided (Recognized),Urban
89658,8935781.837280273,1462699.2103271484,33,568,600028,33021001407,SRI RAJALAKSHMI MATRIC HSS,5,3,3,2,Pr. with Up.Pr. Sec. and H.Sec.,Co-education,33,603, ,Mylapore,7170,,TAMIL NADU,Chennai, ,Pvt. Unaided (Recognized),Urban
89680,8935445.429870605,1462710.9791259766,33,568,600028,33021001412,SRI CHAITANYA TECHNO SCHOOL,5,3,3,2,Pr. with Up.Pr. Sec. and H.Sec.,Co-education,33,603, ,Mylapore,7170,,TAMIL NADU,Chennai, ,Pvt. Unaided (Recognized),Urban
89696,8936085.405700684,1462732.8026733398,33,568,600028,33021001606,FATIMA NURSERY AND PRIMARY SCHOOL,5,1,3,2,Primary,Co-education,33,603, ,Mylapore,7170,,TAMIL NADU,Chennai, ,Pvt. Unaided (Recognized),Urban
89719,8936174.572509766,1462811.1848754885,33,568,600002,33021001601,CMS SANTHOME,3,2,3,2,Primary with Upper Primary,Co-education,33,603, ,Mylapore,7170,,TAMIL NADU,Chennai, ,Local Body,Urban
89817,8936047.111694336,1462993.6588745115,33,568,600028,33021001207,OUR LADY BONSECOURS NURSERY& PRIMARY SCHOOL,5,1,3,2,Primary,Co-education,33,603, ,Mylapore,7170,,TAMIL NADU,Chennai, ,Pvt. Unaided (Recognized),Urban
89818,8936088.633911133,1462997.6580810547,33,568,600028,33021001305,ST. ANTONY'S GIRLS HR .SEC SCHOOL,4,3,2,2,Pr. with Up.Pr. Sec. and H.Sec.,Girls,33,603, ,Mylapore,7170,,TAMIL NADU,Chennai, ,Government Aided,Urban
89838,8935518.344116211,1463034.1071166992,33,568,600028,33021001410,SIR SIVASWAMI KALALAYA HR SEC SCHOOL,5,11,3,2,Higher Secondary only/Jr. College,Co-education,33,603, ,Mylapore,7170,,TAMIL NADU,Chennai, ,Pvt. Unaided (Recognized),Urban
89895,8936028.633,1463115.5755004885,33,568,600028,33021001304,ST.LAZARUS MIDDLE SCH00L,4,2,3,2,Primary with Upper Primary,Co-education,33,603, ,Mylapore,7170,,TAMIL NADU,Chennai, ,Government Aided,Urban
89995,8935453.667480469,1463305.5927124023,33,568,600004,33021001303,"CSI MIDDLE SCHOOL,ADAM STREET",4,2,3,2,Primary with Upper Primary,Co-education,33,603, ,Mylapore,7170,,TAMIL NADU,Chennai, ,Government Aided,Urban
90024,8936461.108886719,1463385.1190795898,33,568,600004,33021001411,NIRMALA NILAYAM NURSERY & PRIMARY SCHOOL,5,12,3,2,Pre-Primary Only,Co-education,33,603, ,Mylapore,7170,,TAMIL NADU,Chennai, ,Pvt. Unaided (Recognized),Urban
90025,8936346.449890137,1463387.9757080078,33,568,600004,33021001602,SANTHOME HR.SEC.SCHOOL,4,5,3,2,Up. Pr. Secondary and Higher Sec,Co-education,33,603, ,Mylapore,7170,,TAMIL NADU,Chennai, ,Government Aided,Urban
90039,8935774.267700195,1463388.661315918,33,568,600004,33021001204,LADY SIVASWAMI AYYAR GIRLS HSS,4,5,2,2,Up. Pr. Secondary and Higher Sec,Girls,33,603, ,Mylapore,7170,,TAMIL NADU,Chennai, ,Government Aided,Urban
90050,8936321.514282227,1463424.3110961914,33,568,600004,33021001211,MONTFORT ACADEMY MAT SCHOOL,5,3,3,2,Pr. with Up.Pr. Sec. and H.Sec.,Co-education,33,603, ,Mylapore,7170,,TAMIL NADU,Chennai, ,Pvt. Unaided (Recognized),Urban
90066,8935833.267089844,1463451.6198730469,33,568,600004,33021001313,"SIR SIVASAMI KALALAYA SENIOR SECONDARY SCHOOL,MYLAPORE",5,3,3,2,Pr. with Up.Pr. Sec. and H.Sec.,Co-education,33,603, ,Mylapore,7170,,TAMIL NADU,Chennai, ,Pvt. Unaided (Recognized),Urban
90075,8935818.350280762,1463482.4708862305,33,568,600004,33021001205,Chellammal Vidyalaya Nursery &Primary School,5,1,3,2,Primary,Co-education,33,603, ,Mylapore,7170,,TAMIL NADU,Chennai, ,Pvt. Unaided (Recognized),Urban
90078,8936474.022094727,1463491.0405273438,33,568,600004,33021000920,CSI ST.THOMAS NURSERY & PRIMARY SCHOOL,5,1,3,2,Primary,Co-education,33,603, ,Mylapore,7170,,TAMIL NADU,Chennai, ,Pvt. Unaided (Recognized),Urban
90143,8936336.876281738,1463598.6763305664,33,568,600004,33021000912,"ST .THOMAS NURSERY & PRIMARY SCHOOL ,SANTHOME",5,1,3,2,Primary,Co-education,33,603, ,Mylapore,7170,,TAMIL NADU,Chennai, ,Pvt. Unaided (Recognized),Urban
90145,8935751.669677734,1463600.161682129,33,568,600004,33021001006,SRI KARPAGAVALLI VIDHYALAYA,4,1,3,2,Primary,Co-education,33,603, ,Mylapore,7170,,TAMIL NADU,Chennai, ,Government Aided,Urban
90170,8936309.046508789,1463618.1010742188,33,568,600004,33021001405,ST RAPHAEL'S GIRLS HR SEC SCHOOL,4,5,2,2,Up. Pr. Secondary and Higher Sec,Girls,33,603, ,Mylapore,7170,,TAMIL NADU,Chennai, ,Government Aided,Urban
90175,8936507.306518555,1463639.468322754,33,568,600004,33021001108,ST.BEDE'S ACADEMY,5,3,1,2,Pr. with Up.Pr. Sec. and H.Sec.,Boys,33,603, ,Mylapore,7170,,TAMIL NADU,Chennai, ,Pvt. Unaided (Recognized),Urban
90177,8936414.577270508,1463642.210510254,33,568,600004,33021001202,CATHEDRAL FREE PRIMARY SCHOOL,4,1,3,2,Primary,Co-education,33,603, ,Mylapore,7170,,TAMIL NADU,Chennai, ,Government Aided,Urban
90183,8936313.499328613,1463655.8079223633,33,568,600004,33021001401,ST JOSEPH'S PRIMARY SCHOOL,4,1,2,2,Primary,Girls,33,603, ,Mylapore,7170,,TAMIL NADU,Chennai, ,Government Aided,Urban
90239,8936486.378479004,1463745.7335205078,33,568,600004,33021001603,ST.BEDE'S A.I HR.SEC.SCHOOL,4,3,1,2,Pr. with Up.Pr. Sec. and H.Sec.,Boys,33,603, ,Mylapore,7170,,TAMIL NADU,Chennai, ,Government Aided,Urban
90242,8936439.624328613,1463748.704284668,33,568,600004,33021001210,DOMINIC SAVIO MATRICULATION HR SEC SCHOOL,5,3,1,2,Pr. with Up.Pr. Sec. and H.Sec.,Boys,33,603, ,Mylapore,7170,,TAMIL NADU,Chennai, ,Pvt. Unaided (Recognized),Urban
90258,8936305.818,1463785.9545288086,33,568,600004,33021001209,ROSARY MATRIC HR SEC SCHOOL,5,3,2,2,Pr. with Up.Pr. Sec. and H.Sec.,Girls,33,603, ,Mylapore,7170,,TAMIL NADU,Chennai, ,Pvt. Unaided (Recognized),Urban
90313,8936457.435302734,1463877.3657226562,33,568,600004,33021001105,CSI  HR .SEC.SCHOOL FOR THE DEAF,90,3,3,2,Pr. with Up.Pr. Sec. and H.Sec.,Co-education,33,603, ,Mylapore,7170,,TAMIL NADU,Chennai, ,Social Welfare Dept.,Urban
90318,8935968.074890137,1463883.536071777,33,568,600004,33021001005,ALL SAINTS' MIDDLE SCHOOL,4,2,3,2,Primary with Upper Primary,Co-education,33,603, ,Mylapore,7170,,TAMIL NADU,Chennai, ,Government Aided,Urban
90332,8935558.641723633,1463943.8676757812,33,568,600004,33021001004,CMS MK AMMAN KOIL ST,3,2,3,2,Primary with Upper Primary,Co-education,33,603, ,Mylapore,7170,,TAMIL NADU,Chennai, ,Local Body,Urban
90388,8936485.265319824,1464064.4171142578,33,568,600004,33021001104,CHS KP ST,3,7,3,2,Upper Pr. and Secondary,Co-education,33,603, ,Mylapore,7170,,TAMIL NADU,Chennai, ,Local Body,Urban
90389,8935461.014526367,1464068.644897461,33,568,600004,33021000906,VIDYA MANDIR SR SEC SCHOOL,5,3,3,2,Pr. with Up.Pr. Sec. and H.Sec.,Co-education,33,603, ,Mylapore,7170,,TAMIL NADU,Chennai, ,Pvt. Unaided (Recognized),Urban
90409,8936530.906,1464083.2708740234,33,568,600004,33021001101,CPS NOCHIKUPPAM,3,1,3,2,Primary,Co-education,33,603, ,Mylapore,7170,,TAMIL NADU,Chennai, ,Local Body,Urban
90489,8935647.92,1464288.6060791016,33,568,600004,33021001512,S.R.Kalyanaraman Memorial P.S Matriculation School,5,2,3,2,Primary with Upper Primary,Co-education,33,603, ,Mylapore,7170,,TAMIL NADU,Chennai, ,Pvt. Unaided (Recognized),Urban
90491,8936166.446105957,1464293.1768798828,33,568,600004,33021001103,CMS PROF SANJEEVI STREET,3,2,3,2,Primary with Upper Primary,Co-education,33,603, ,Mylapore,7170,,TAMIL NADU,Chennai, ,Local Body,Urban
90513,8935900.727,1464321.6290893557,33,568,600004,33021001009,SRI KUMARAN VIDHYALAYA NURSERY AND PRIMARY  SCHOOL,5,1,3,2,Primary,Co-education,33,603, ,Mylapore,7170,,TAMIL NADU,Chennai, ,Pvt. Unaided (Recognized),Urban
90514,8935538.715515137,1464321.8577270508,33,568,600004,33021000913,SAVITRIAMMAL ORIENTAL HSS,4,5,3,2,Up. Pr. Secondary and Higher Sec,Co-education,33,603, ,Mylapore,7170,,TAMIL NADU,Chennai, ,Government Aided,Urban
90516,8935440.086486816,1464327.1138916016,33,568,600004,33021001008,Ramaratnam Nursery and Primary School,5,1,3,2,Primary,Co-education,33,603, ,Mylapore,7170,,TAMIL NADU,Chennai, ,Pvt. Unaided (Recognized),Urban
90596,8935560.979492188,1464521.9384765625,33,568,600004,33020601605,THE CLARKE SCHOOL FOR THE DEAF,5,3,3,2,Pr. with Up.Pr. Sec. and H.Sec.,Co-education,33,603, ,Mylapore,7170,,TAMIL NADU,Chennai, ,Pvt. Unaided (Recognized),Urban
90616,8936017.389526367,1464582.6143188477,33,568,600004,33021001001,CPS SLATTERPURAM,3,1,3,2,Primary,Co-education,33,603, ,Mylapore,7170,,TAMIL NADU,Chennai, ,Local Body,Urban
90689,8936619.405273438,1464809.0928955078,33,568,600004,33021000802,SOCIAL SERVICE LEAGUE PRIMARY SCHOOL,4,1,3,2,Primary,Co-education,33,603, ,Mylapore,7170,,TAMIL NADU,Chennai, ,Government Aided,Urban
90694,8935873.787,1464815.6060791016,33,568,600004,33021000903,THE CHILDREN'S  GARDEN HIGHER SECONDARY SCHOOL,4,3,3,2,Pr. with Up.Pr. Sec. and H.Sec.,Co-education,33,603, ,Mylapore,7170,,TAMIL NADU,Chennai, ,Government Aided,Urban
90723,8935502.982,1464891.9373168943,33,568,600002,33020600505,CHILDREN'S ACADEMY NPS,5,1,3,2,Primary,Co-education,33,603, ,Mylapore,7170,,TAMIL NADU,Chennai, ,Pvt. Unaided (Recognized),Urban
89079,8921705.153930664,1461640.9575195312,33,574,600122,33030501303,"CVC TRUST MS, KOLAPPAKKAM",5,2,3,1,Primary with Upper Primary,Co-education,33,787, ,Pallavaram,6629,629351,TAMIL NADU,Chengalpattu,Gerugambakkam,Pvt. Unaided (Recognized),Rural
89271,8921452.458496094,1461959.9600830078,33,574,600125,33030501003,Little Flower MHSS Moulivakkam,5,3,3,1,Pr. with Up.Pr. Sec. and H.Sec.,Co-education,33,787, ,Pallavaram,6629,629358,TAMIL NADU,Chengalpattu,Mowlivakkam (OG),Pvt. Unaided (Recognized),Rural
89272,8921678.325927734,1461959.9600830078,33,574,600125,33030501004,AISHWARYA NURSERY AND PRIMARY SCHOOL MOULIVAKKAM,5,1,3,1,Primary,Co-education,33,787, ,Pallavaram,6629,629358,TAMIL NADU,Chengalpattu,Mowlivakkam (OG),Pvt. Unaided (Recognized),Rural
89346,8921568.676086426,1462088.4993286133,33,574,600125,33030501002,"GOVT.ADW.HSS.,MOULIVAKKAM",2,5,3,1,Up. Pr. Secondary and Higher Sec,Co-education,33,787, ,Pallavaram,6629,629358,TAMIL NADU,Chengalpattu,Mowlivakkam (OG),Tribal Welfare Department,Rural
90732,8921197.648,1464920.7330932615,33,589,600077,33010911317,"VELLAMMAL VID N&P,PORUR",5,1,3,2,Primary,Co-education,33,603, ,Maduravoyal,5981,,TAMIL NADU,Chennai, ,Pvt. Unaided (Recognized),Urban
90779,8921433.200317383,1465030.4310913086,33,589,600116,33010902302,ALPHA CBSE SCHOOL,5,3,3,2,Pr. with Up.Pr. Sec. and H.Sec.,Co-education,33,603, ,Maduravoyal,5981,,TAMIL NADU,Chennai, ,Pvt. Unaided (Recognized),Urban
90882,8921745.117492676,1465278.3958740234,33,589,600077,33010902301,"PUMS, CHETTIYAR AGARAM",1,2,3,2,Primary with Upper Primary,Co-education,33,603, ,Maduravoyal,5981,,TAMIL NADU,Chennai, ,Department of Education,Urban
92767,8921850.982299805,1469839.2819213867,33,589,600058,33010908602,NEW CENTURY MATRIC.HR.SEC.SCHOOL,5,3,3,2,Pr. with Up.Pr. Sec. and H.Sec.,Co-education,33,603,05700,Ambattur,5700,803328,TAMIL NADU,Chennai,Ambattur (M),Pvt. Unaided (Recognized),Urban
93158,8921813.801696777,1470704.4592895508,33,589,600058,33010911805,"SRI VENKATESHWARA N&P , ATHIPET",5,1,3,2,Primary,Co-education,33,603,05700,Ambattur,5700,803328,TAMIL NADU,Chennai,Ambattur (M),Pvt. Unaided (Recognized),Urban
94693,8921611.756713867,1473648.7761230469,33,589,600053,33010907401,AMBT MUN.PRI.SCH CHOLOPURAM,3,1,3,2,Primary,Co-education,33,603,05700,Ambattur,5700,803328,TAMIL NADU,Chennai,Ambattur (M),Local Body,Urban
94776,8921655.616516113,1473848.8087158203,33,589,600053,33010907409,AMBT MUN.HIGH.SCH CHOLOPURAM,3,7,3,2,Upper Pr. and Secondary,Co-education,33,603,05700,Ambattur,5700,803328,TAMIL NADU,Chennai,Ambattur (M),Local Body,Urban
89819,8928311.631530762,1463000.286071777,33,568,600083,33020900204,MAK MAT HSS,5,3,3,2,Pr. with Up.Pr. Sec. and H.Sec.,Co-education,33,603, ,Mambalam,7165,803351,TAMIL NADU,Chennai,Alandur (M),Pvt. Unaided (Recognized),Urban
90130,8928094.336120605,1463551.3712768557,33,568,600078,33020900211,CHSS MGR NAGAR,3,5,3,2,Up. Pr. Secondary and Higher Sec,Co-education,33,603, ,Mambalam,7165,803351,TAMIL NADU,Chennai,Alandur (M),Local Body,Urban
90178,8928113.371704102,1463642.3248901367,33,568,600078,33020900210,CPS MGR NAGAR I,3,1,3,2,Primary,Co-education,33,603, ,Mambalam,7165,803351,TAMIL NADU,Chennai,Alandur (M),Local Body,Urban
90267,8928139.197692871,1463811.0925292969,33,568,600078,33020900209,GHSS MGR NAGAR,1,5,3,2,Up. Pr. Secondary and Higher Sec,Co-education,33,603, ,Mambalam,7165,803351,TAMIL NADU,Chennai,Alandur (M),Department of Education,Urban
90879,8928095.004,1465271.4254760742,33,568,600093,33020801827,VIDYAKSHETHRAM MATRIC SCH,5,6,3,2,Pr. Up Pr. and Secondary Only,Co-education,33,603, ,Mambalam,7165,803351,TAMIL NADU,Chennai,Alandur (M),Pvt. Unaided (Recognized),Urban
91165,8928113.705688477,1465906.888305664,33,568,600093,33020802002,KAVERI PRI SCHOOL,4,1,3,2,Primary,Co-education,33,603, ,Mambalam,7165,803351,TAMIL NADU,Chennai,Alandur (M),Government Aided,Urban
91174,8928232.817504883,1465931.4569091797,33,568,600092,33020801820,CLARENCE MAT HR SEC SCH,5,3,3,2,Pr. with Up.Pr. Sec. and H.Sec.,Co-education,33,603, ,Mambalam,7165,803351,TAMIL NADU,Chennai,Alandur (M),Pvt. Unaided (Recognized),Urban
91178,8928129.290283203,1465938.8845214844,33,568,600093,33020801815,KAVERI HIGH SCHOOL,4,7,3,2,Upper Pr. and Secondary,Co-education,33,603, ,Mambalam,7165,803351,TAMIL NADU,Chennai,Alandur (M),Government Aided,Urban
91353,8928187.955688477,1466293.5892944336,33,568,600093,33020801831,ECI N&P school,5,1,3,2,Primary,Co-education,33,603, ,Mambalam,7165,803351,TAMIL NADU,Chennai,Alandur (M),Pvt. Unaided (Recognized),Urban
92982,8928183.502929688,1470301.1256713867,33,568,600040,33020500707,ICI MATRIC HR. SEC. SCHOOL,5,3,3,2,Pr. with Up.Pr. Sec. and H.Sec.,Co-education,33,603, ,Aminjikarai,7161,,TAMIL NADU,Chennai, ,Pvt. Unaided (Recognized),Urban
92992,8928007.395507812,1470346.3845214844,33,568,600040,33020500727,JAIVEL MATRIC HIGHER SECONDARY SCHOOL,5,3,3,2,Pr. with Up.Pr. Sec. and H.Sec.,Co-education,33,603, ,Aminjikarai,7161,,TAMIL NADU,Chennai, ,Pvt. Unaided (Recognized),Urban
93500,8928036.895080566,1471330.786682129,33,568,600049,33020401507,SREE BALA GURUKULAM,4,1,3,2,Primary,Co-education,33,603, ,Aminjikarai,7161,,TAMIL NADU,Chennai, ,Government Aided,Urban
93603,8928168.252075195,1471532.1743164062,33,568,600082,33020401430,MOTHER MIRA VIDHYA BAVAN N & P SCHOOL,5,1,3,2,Primary,Co-education,33,603, ,Aminjikarai,7161,,TAMIL NADU,Chennai, ,Pvt. Unaided (Recognized),Urban
93690,8928176.601074219,1471708.1896972656,33,568,600040,33020401521,M A KRISHNASWAMY MAT HSS,5,3,3,2,Pr. with Up.Pr. Sec. and H.Sec.,Co-education,33,603, ,Aminjikarai,7161,,TAMIL NADU,Chennai, ,Pvt. Unaided (Recognized),Urban
93691,8928176.601074219,1471708.1896972656,33,568,600049,33020401541,SHRI KRISHNASWAMY VIDYASHRAM,5,3,3,2,Pr. with Up.Pr. Sec. and H.Sec.,Co-education,33,603, ,Aminjikarai,7161,,TAMIL NADU,Chennai, ,Pvt. Unaided (Recognized),Urban
93725,8928154.225891113,1471806.9417114258,33,568,600049,33020401502,GOVT. PRY SCHOOL SIDCO NAGAR,1,1,3,2,Primary,Co-education,33,603, ,Aminjikarai,7161,,TAMIL NADU,Chennai, ,Department of Education,Urban
93820,8928009.621887207,1471989.588317871,33,568,600049,33020401514,GOVT GIRLS HSS VILLIWAKKAM,1,5,2,2,Up. Pr. Secondary and Higher Sec,Girls,33,603, ,Ayanavaram,7163,,TAMIL NADU,Chennai, ,Department of Education,Urban
94406,8928324.211,1473173.846923828,33,568,600049,33020401524,ST JOHNS MAT HSS,5,3,3,2,Pr. with Up.Pr. Sec. and H.Sec.,Co-education,33,603, ,Ayanavaram,7163,,TAMIL NADU,Chennai, ,Pvt. Unaided (Recognized),Urban
96067,8928251.741699219,1477042.6668701172,33,589,600066,33011000601,"Panchayat union primary school, KATHIRVEDU",1,1,3,1,Primary,Co-education,33,603,05701,Mathavaram,5701,629197,TAMIL NADU,Chennai,Kadhirvedu (CT),Department of Education,Rural
96078,8928212.779907227,1477075.8190917969,33,589,600066,33011000605,"GOVERNMENT HIGH SCHOOL, KATHIRVEDU",1,7,3,1,Upper Pr. and Secondary,Co-education,33,603,05701,Mathavaram,5701,629197,TAMIL NADU,Chennai,Kadhirvedu (CT),Department of Education,Rural
96166,8928077.415283203,1477314.7446899414,33,589,600066,33011000604,"CHRIST N&P, ANNA NINAIVU NAGAR",5,1,3,1,Primary,Co-education,33,603,05701,Mathavaram,5701,629197,TAMIL NADU,Chennai,Kadhirvedu (CT),Pvt. Unaided (Recognized),Rural
96330,8928056.932678223,1477777.7401123047,33,589,600066,33011004502,"POPPILIRAJA GOVT HSS, PUZHAL",1,5,3,1,Up. Pr. Secondary and Higher Sec,Co-education,33,603,05701,Mathavaram,5701,629187,TAMIL NADU,Chennai,Villakkupattu,Department of Education,Rural
96763,8928180.385925293,1478902.68,33,589,600066,33011004508,ST GEORGE MILTON NUR & PRI,5,1,3,1,Primary,Co-education,33,603,05701,Mathavaram,5701,629187,TAMIL NADU,Chennai,Villakkupattu,Pvt. Unaided (Recognized),Rural
88143,8921992.024108887,1460146.1940917969,33,574,600128,33030501305,LALAJI MEMORIAL OMEGA INTERNATIONALSCHOOL  KOLAPAKKAM,5,3,3,1,Pr. with Up.Pr. Sec. and H.Sec.,Co-education,33,787, ,Pallavaram,6629,629351,TAMIL NADU,Chengalpattu,Gerugambakkam,Pvt. Unaided (Recognized),Rural
88444,8921938.256713867,1460593.1411132812,33,574,600128,33030501404,"SARASWATHY VIDHYALAYA MATRICULATION  SCHOOL ,GERUGAMBAKKAM",5,3,3,1,Pr. with Up.Pr. Sec. and H.Sec.,Co-education,33,787, ,Pallavaram,6629,629351,TAMIL NADU,Chengalpattu,Gerugambakkam,Pvt. Unaided (Recognized),Rural
88682,8922066.830871582,1460923.8999023438,33,574,600128,33030501308,GHSS KOLAPPAKKAM,1,5,3,1,Up. Pr. Secondary and Higher Sec,Co-education,33,787, ,Pallavaram,6629,629359,TAMIL NADU,Chengalpattu,Kolapakkam (OG),Department of Education,Rural
92812,8922082.526916504,1469951.2849121094,33,589,600053,33010911801,EBENEZER LIVING WORD MATRICULATION SCHOOL,5,6,3,2,Pr. Up Pr. and Secondary Only,Co-education,33,603,05700,Ambattur,5700,803328,TAMIL NADU,Chennai,Ambattur (M),Pvt. Unaided (Recognized),Urban
93828,8922056.033,1472011.9904785156,33,589,600053,33010907503,SARASWATHI VID N & P MKB NAGAR,5,1,3,2,Primary,Co-education,33,603,05700,Ambattur,5700,803328,TAMIL NADU,Chennai,Ambattur (M),Pvt. Unaided (Recognized),Urban
93944,8922127.834,1472286.305480957,33,589,600053,33010907501,MUN.PRI.SCH TEACHER COLONY,3,1,3,2,Primary,Co-education,33,603,05700,Ambattur,5700,803328,TAMIL NADU,Chennai,Ambattur (M),Local Body,Urban
94667,8921941.485107422,1473606.4837036133,33,589,600053,33010907408,HUSSAIN MEMORIAL MATRICULATION HIGHER SECONDARY SCHOOL,5,3,3,2,Pr. with Up.Pr. Sec. and H.Sec.,Co-education,33,603,05700,Ambattur,5700,803328,TAMIL NADU,Chennai,Ambattur (M),Pvt. Unaided (Recognized),Urban
95339,8922074.623,1475062.7520751953,33,589,600053,33010906903,"ST MARYS NURSERY  & PRIMARY , AMBATTUR",5,1,3,2,Primary,Co-education,33,603,05700,Ambattur,5700,803328,TAMIL NADU,Chennai,Ambattur (M),Pvt. Unaided (Recognized),Urban
89055,8932025.027282715,1461583.487121582,33,568,600025,33020900906,Anna Gem Science Park Mat HSS.,5,3,3,2,Pr. with Up.Pr. Sec. and H.Sec.,Co-education,33,603, ,Guindy,7169,,TAMIL NADU,Chennai, ,Pvt. Unaided (Recognized),Urban
89745,8932102.728088379,1462849.8048706057,33,568,600035,33020901010,YMCA COLLEGE SPORTS HSS,4,5,1,2,Up. Pr. Secondary and Higher Sec,Boys,33,603, ,Guindy,7169,,TAMIL NADU,Chennai, ,Government Aided,Urban
89812,8931619.156311035,1462980.5189208984,33,568,600035,33020900802,CPS CIT NAGAR,3,1,3,2,Primary,Co-education,33,603, ,Guindy,7169,,TAMIL NADU,Chennai, ,Local Body,Urban
89813,8931619.156311035,1462980.5189208984,33,568,600035,33020900803,CHSS CIT NAGAR,3,5,3,2,Up. Pr. Secondary and Higher Sec,Co-education,33,603, ,Guindy,7169,,TAMIL NADU,Chennai, ,Local Body,Urban
90051,8932136.791870117,1463426.1392822266,33,568,600017,33020800612,THAKKAR BAPA NURSERY & PRIMARY SCHOOL,5,1,3,2,Primary,Co-education,33,603, ,Guindy,7169,,TAMIL NADU,Chennai, ,Pvt. Unaided (Recognized),Urban
90067,8932181.431091309,1463452.5341186523,33,568,600017,33020800503,CMS ERIKARAI,3,2,3,2,Primary with Upper Primary,Co-education,33,603, ,Guindy,7169,,TAMIL NADU,Chennai, ,Local Body,Urban
90097,8931895.896484375,1463864.453918457,33,568,600017,33020801804,C D NAYAGAM THEAGARAYANAGAR HSS,4,5,1,2,Up. Pr. Secondary and Higher Sec,Boys,33,603, ,Guindy,7169,,TAMIL NADU,Chennai, ,Government Aided,Urban
90209,8931453.290283203,1463708.940673828,33,568,600017,33020801805,SRI BALANANDA VIDYALAYA NURSERY AND PRIMARY SCHOOL,5,1,3,2,Primary,Co-education,33,603, ,Mambalam,7165,803351,TAMIL NADU,Chennai,Alandur (M),Pvt. Unaided (Recognized),Urban
90214,8931940.201721191,1463724.1376953125,33,568,600017,33020801612,SMT VASANTBEN CHANDUBHAI SHAH MATRIC SCHOOL,5,6,3,2,Pr. Up Pr. and Secondary Only,Co-education,33,603, ,Mambalam,7165,803351,TAMIL NADU,Chennai,Alandur (M),Pvt. Unaided (Recognized),Urban
90243,8932185.549926758,1463748.818725586,33,568,600017,33020800506,MAHATMA GANDHI VIDYALAYA,5,6,3,2,Pr. Up Pr. and Secondary Only,Co-education,33,603, ,Guindy,7169,,TAMIL NADU,Chennai, ,Pvt. Unaided (Recognized),Urban
90246,8931898.457,1463751.560913086,33,568,600017,33020801811,LITTLE OXFORD MAT HSS,5,3,3,2,Pr. with Up.Pr. Sec. and H.Sec.,Co-education,33,603, ,Mambalam,7165,803351,TAMIL NADU,Chennai,Alandur (M),Pvt. Unaided (Recognized),Urban
90296,8931923.393,1463847.0856933594,33,568,600017,33020801610,THEAGARAYANAGAR PRIMARY SCHOOL,4,1,3,2,Primary,Co-education,33,603, ,Mambalam,7165,803351,TAMIL NADU,Chennai,Alandur (M),Government Aided,Urban
90298,8931912.371887207,1463849.1425170898,33,568,600017,33020801707,GUNTUR SUBBIA GIRLS HSS,4,5,2,2,Up. Pr. Secondary and Higher Sec,Girls,33,603, ,Guindy,7169,,TAMIL NADU,Chennai, ,Government Aided,Urban
90415,8931649.546508789,1464100.8676757812,33,568,600017,33020801605,SHRINE VELANKANNI  SS SCH,5,3,3,2,Pr. with Up.Pr. Sec. and H.Sec.,Co-education,33,603, ,Guindy,7169,,TAMIL NADU,Chennai, ,Pvt. Unaided (Recognized),Urban
90509,8931496.705,1464302.5466918943,33,568,600017,33020801619,SHRINE VAILANKANNI GLOBAL SCHOOL,5,2,3,2,Primary with Upper Primary,Co-education,33,603, ,Guindy,7169,,TAMIL NADU,Chennai, ,Pvt. Unaided (Recognized),Urban
90542,8931607.356506348,1464404.1295166016,33,568,600017,33020801609,SRI RKM BOYS HR SEC SCHOOL SOUTH,5,5,1,2,Up. Pr. Secondary and Higher Sec,Boys,33,603, ,Guindy,7169,,TAMIL NADU,Chennai, ,Pvt. Unaided (Recognized),Urban
90543,8931614.703491211,1464405.386291504,33,568,600017,33020801512,SRI RKM HR SEC SCHOOL MAIN,5,5,1,2,Up. Pr. Secondary and Higher Sec,Boys,33,603, ,Guindy,7169,,TAMIL NADU,Chennai, ,Pvt. Unaided (Recognized),Urban
90614,8931620.047,1464576.3295288086,33,568,600017,33020801511,CMS PRAKASAM ROAD,3,2,3,2,Primary with Upper Primary,Co-education,33,603, ,Guindy,7169,,TAMIL NADU,Chennai, ,Local Body,Urban
90937,8932024.582,1465411.5208740234,33,568,600017,33020801120,KARNATAKA SANGHA HSS,4,5,3,2,Up. Pr. Secondary and Higher Sec,Co-education,33,603, ,Guindy,7169,,TAMIL NADU,Chennai, ,Government Aided,Urban
90965,8932024.471,1465478.3693237305,33,568,600017,33020800902,M.C.N.PRI SCHOOL,4,1,3,2,Primary,Co-education,33,603, ,Guindy,7169,,TAMIL NADU,Chennai, ,Government Aided,Urban
90984,8931869.068725586,1465527.7343139648,33,568,600017,33020800903,MCN HIGHER SEC SCHOOL,4,5,3,2,Up. Pr. Secondary and Higher Sec,Co-education,33,603, ,Guindy,7169,,TAMIL NADU,Chennai, ,Government Aided,Urban
91071,8931966.807128906,1465706.6832885742,33,568,600017,33020801105,CMS GANGAPURAM,3,2,3,2,Primary with Upper Primary,Co-education,33,603, ,Guindy,7169,,TAMIL NADU,Chennai, ,Local Body,Urban
91136,8932053.858886719,1465838.0963134766,33,568,600017,33020801106,NAVABHARATH MATRIC SCHOOL,5,6,3,2,Pr. Up Pr. and Secondary Only,Co-education,33,603,05925,Chennai,0,,TAMIL NADU,Chennai, ,Pvt. Unaided (Recognized),Urban
91354,8932028.812072754,1466294.2749023438,33,568,600034,33020701104,CHENNAI GIRLS HR.SEC.SCHOOL -  NUNGAMBAKKAM,3,5,2,2,Up. Pr. Secondary and Higher Sec,Girls,33,603,05925,Chennai,0,,TAMIL NADU,Chennai, ,Local Body,Urban
91355,8932073.339904785,1466296.5603027344,33,568,600034,33020701217,SHARANALAYA NURSERY AND PRIMARY SCHOOL,5,1,3,2,Primary,Co-education,33,603,05925,Chennai,0,,TAMIL NADU,Chennai, ,Pvt. Unaided (Recognized),Urban
91402,8931936.416870117,1466385.6942749023,33,568,600034,33020701101,CPS KAMDAR NAGAR,3,1,3,2,Primary,Co-education,33,603,05925,Chennai,0,,TAMIL NADU,Chennai, ,Local Body,Urban
91879,8932159.055908203,1467614.172302246,33,568,600031,33020701218,SIR MUTHA SCHOOL,5,3,3,2,Pr. with Up.Pr. Sec. and H.Sec.,Co-education,33,603,05925,Chennai,0,,TAMIL NADU,Chennai, ,Pvt. Unaided (Recognized),Urban
91880,8932161.282287598,1467614.172302246,33,568,600031,33020700104,THE MADRAS SEVA SADAN HIGHER SECONDARY SCHOOL,4,3,2,2,Pr. with Up.Pr. Sec. and H.Sec.,Girls,33,603,05925,Chennai,0,,TAMIL NADU,Chennai, ,Government Aided,Urban
91888,8932121.207,1467617.6007080078,33,568,600031,33020700110,LADY ANDAL SCHOOL,5,3,3,2,Pr. with Up.Pr. Sec. and H.Sec.,Co-education,33,603,05925,Chennai,0,,TAMIL NADU,Chennai, ,Pvt. Unaided (Recognized),Urban
91889,8932121.207,1467617.6007080078,33,568,600031,33020700106,LADY ANDAL VENKATASUBBARAO MATRICULATION HIGHER SECONDARY SCHOOL,5,10,3,2,Secondary with Higher Secondary,Co-education,33,603,05925,Chennai,0,,TAMIL NADU,Chennai, ,Pvt. Unaided (Recognized),Urban
91901,8931521.752,1467653.1417236328,33,568,600106,33020501611,MOHAMED SATHAK MATRIC HR. SEC. SCHOOL,5,3,3,2,Pr. with Up.Pr. Sec. and H.Sec.,Co-education,33,603,05925,Chennai,0,,TAMIL NADU,Chennai, ,Pvt. Unaided (Recognized),Urban
91963,8931858.493286133,1467801.5913085938,33,568,600031,33020701324,MCC PUBLIC SCHOOL,5,6,3,2,Pr. Up Pr. and Secondary Only,Co-education,33,603,05925,Chennai,0,,TAMIL NADU,Chennai, ,Pvt. Unaided (Recognized),Urban
91974,8931946.436,1467835.8753051758,33,568,600031,33020700108,MADRAS CHRISTIAN COLLEGE  MATRIC HIGHER SECONDARY SCHOOL,5,3,3,2,Pr. with Up.Pr. Sec. and H.Sec.,Co-education,33,603,05925,Chennai,0,,TAMIL NADU,Chennai, ,Pvt. Unaided (Recognized),Urban
91976,8931826.211,1467841.5892944336,33,568,600031,33020701323,MADRAS CHRISTIAN COLLEGE NURSERY & PRIMARY,5,1,3,2,Primary,Co-education,33,603,05925,Chennai,0,,TAMIL NADU,Chennai, ,Pvt. Unaided (Recognized),Urban
92002,8931949.775,1467877.0162963867,33,568,600031,33020700105,Madras Christian College Higher Secondary School,4,5,3,2,Up. Pr. Secondary and Higher Sec,Co-education,33,603,05925,Chennai,0,,TAMIL NADU,Chennai, ,Government Aided,Urban
92082,8931835.116088867,1468105.578491211,33,568,600031,33020700107,UNION CHRISTIAN MATRIC HR.SEC.SCHOOL,5,3,3,2,Pr. with Up.Pr. Sec. and H.Sec.,Co-education,33,603,05925,Chennai,0,,TAMIL NADU,Chennai, ,Pvt. Unaided (Recognized),Urban
92097,8931955.341308594,1468152.4338989258,33,568,600031,33020501516,SINDHI MODEL MATRICULATION HIGHER SECONDARY SCHOOL,5,3,3,2,Pr. with Up.Pr. Sec. and H.Sec.,Co-education,33,603,05925,Chennai,0,,TAMIL NADU,Chennai, ,Pvt. Unaided (Recognized),Urban
92139,8932151.263,1468248.4307250977,33,568,600031,33020700101,AUXILIUM  PRIMARY SCHOOL,4,1,3,2,Primary,Co-education,33,603,05925,Chennai,0,,TAMIL NADU,Chennai, ,Government Aided,Urban
92178,8932181.319702148,1468310.1431274414,33,568,600031,33020700103,AUXILIUM GIRLS  higher secondary school,4,5,2,2,Up. Pr. Secondary and Higher Sec,Girls,33,603,05925,Chennai,0,,TAMIL NADU,Chennai, ,Government Aided,Urban
92289,8932045.732,1468619.3927001953,33,568,600010,33020501303,CHENNAI HIGH SCHOOL KILPAUK,3,7,3,2,Upper Pr. and Secondary,Co-education,33,603,05925,Chennai,0,,TAMIL NADU,Chennai, ,Local Body,Urban
92305,8932151.931274414,1468663.3919067385,33,568,600010,33020501426,SRI BKM KOTHARI MAT HSS,5,3,3,2,Pr. with Up.Pr. Sec. and H.Sec.,Co-education,33,603,05925,Chennai,0,,TAMIL NADU,Chennai, ,Pvt. Unaided (Recognized),Urban
92432,8932161.282287598,1469008.6450805664,33,568,600010,33020501330,Shri M Ct Muthiah Memorial Matriculation Hr Sec School,5,3,3,2,Pr. with Up.Pr. Sec. and H.Sec.,Co-education,33,603,05925,Chennai,0,,TAMIL NADU,Chennai, ,Pvt. Unaided (Recognized),Urban
92436,8931784.688476562,1469039.2736816406,33,568,600010,33020501309,MARY IMMACULATE MS,4,2,3,2,Primary with Upper Primary,Co-education,33,603,05925,Chennai,0,,TAMIL NADU,Chennai, ,Government Aided,Urban
92481,8931825.765319824,1469141.6735229492,33,568,600029,33020501201,CMS AMINJIKARAI,3,2,3,2,Primary with Upper Primary,Co-education,33,603,05925,Chennai,0,,TAMIL NADU,Chennai, ,Local Body,Urban
92482,8931825.765319824,1469141.6735229492,33,568,600010,33020501333,SINDHI MODEL SR SEC SCHOOL,5,3,3,2,Pr. with Up.Pr. Sec. and H.Sec.,Co-education,33,603,05925,Chennai,0,,TAMIL NADU,Chennai, ,Pvt. Unaided (Recognized),Urban
92521,8932124.547,1469232.073486328,33,568,600084,33020501427,JM MAT SCHOOL,5,3,3,2,Pr. with Up.Pr. Sec. and H.Sec.,Co-education,33,603,05925,Chennai,0,,TAMIL NADU,Chennai, ,Pvt. Unaided (Recognized),Urban
93041,8932105.622497559,1470456.4467163086,33,568,600053,33020401014,DAVIDSON MAT SCHOOL,5,6,3,2,Pr. Up Pr. and Secondary Only,Co-education,33,603, ,Ayanavaram,7163,,TAMIL NADU,Chennai, ,Pvt. Unaided (Recognized),Urban
93097,8931618.043,1470584.4528808594,33,568,600023,33020401006,KALIGI  RANGANATHAN  MONTFORD MATRIC HR SEC SCHOOL,5,3,3,2,Pr. with Up.Pr. Sec. and H.Sec.,Co-education,33,603, ,Ayanavaram,7163,,TAMIL NADU,Chennai, ,Pvt. Unaided (Recognized),Urban
93213,8932159.389892578,1470836.238,33,568,600023,33020500307,TARAPORE & LOGANATHAN PRIMARY SCHOOL,4,1,3,2,Primary,Co-education,33,603, ,Ayanavaram,7163,,TAMIL NADU,Chennai, ,Government Aided,Urban
93220,8932153.155883789,1470843.8958740234,33,568,600023,33020500401,THE TARAPORE AND LOGANATHAN HR. SEC. SCHOOL FOR GIRLS,4,5,2,2,Up. Pr. Secondary and Higher Sec,Girls,33,603, ,Ayanavaram,7163,,TAMIL NADU,Chennai, ,Government Aided,Urban
93230,8932150.262,1470850.8676757812,33,568,600023,33020401601,DHUN TARAPORE N & P SCHOOL,5,1,3,2,Primary,Co-education,33,603, ,Ayanavaram,7163,,TAMIL NADU,Chennai, ,Pvt. Unaided (Recognized),Urban
93240,8931672.478271484,1470872.2404785156,33,568,600023,33020400910,"KANNADA SANGHA SCH P&N, CH-23",5,1,3,2,Primary,Co-education,33,603, ,Ayanavaram,7163,,TAMIL NADU,Chennai, ,Pvt. Unaided (Recognized),Urban
93242,8932105.733886719,1470880.3552856443,33,568,600023,33020401603,THE VENKATESAPURAM ASSOCIATION NURSERY,5,12,3,2,Pre-Primary Only,Co-education,33,603, ,Ayanavaram,7163,,TAMIL NADU,Chennai, ,Pvt. Unaided (Recognized),Urban
93255,8931621.048706055,1470903.0994873047,33,568,600023,33020400906,KANNADA SANGHA HSS,4,5,3,2,Up. Pr. Secondary and Higher Sec,Co-education,33,603, ,Ayanavaram,7163,,TAMIL NADU,Chennai, ,Government Aided,Urban
93268,8931870.738,1470928.4724731443,33,568,600023,33020401422,"SRI VENKATESWARA N&P SCHOOL, CH-23",5,3,3,2,Pr. with Up.Pr. Sec. and H.Sec.,Co-education,33,603, ,Ayanavaram,7163,,TAMIL NADU,Chennai, ,Pvt. Unaided (Recognized),Urban
93314,8931909.700317383,1471005.0488891602,33,568,600023,33020401018,MAHARISHI VIDYA MANDIR MATRICULATION HIGHER SECONDARY SCHOOL,5,3,3,2,Pr. with Up.Pr. Sec. and H.Sec.,Co-education,33,603, ,Ayanavaram,7163,,TAMIL NADU,Chennai, ,Pvt. Unaided (Recognized),Urban
93317,8931659.787902832,1471011.9064941406,33,568,600023,33020500303,SRI ARANGIAH NAIDU MIDDLE SCHOOL,4,2,3,2,Primary with Upper Primary,Co-education,33,603, ,Ayanavaram,7163,,TAMIL NADU,Chennai, ,Government Aided,Urban
93318,8931659.787902832,1471011.9064941406,33,568,600023,33020500308,SRI ARANGIAH NAIDU HIGH SCHOOL,4,8,3,2,Secondary Only,Co-education,33,603, ,Ayanavaram,7163,,TAMIL NADU,Chennai, ,Government Aided,Urban
93420,8931790.143127441,1471179.5753173828,33,568,600023,33020400701,CMS VASANTHA GD,3,2,3,2,Primary with Upper Primary,Co-education,33,603, ,Ayanavaram,7163,,TAMIL NADU,Chennai, ,Local Body,Urban
93892,8931663.684082031,1472180.0081176758,33,568,600011,33020400803,CMS RANGASAI ST,3,2,3,2,Primary with Upper Primary,Co-education,33,603, ,Ayanavaram,7163,,TAMIL NADU,Chennai, ,Local Body,Urban
93896,8931924.950927734,1472185.7229003906,33,568,600011,33020400816,KAMALA NEHRU N & P SCHOOL,5,1,3,2,Primary,Co-education,33,603, ,Ayanavaram,7163,,TAMIL NADU,Chennai, ,Pvt. Unaided (Recognized),Urban
94047,8931737.155090332,1472456.6107177734,33,568,600011,33020400812,PROGRESSIVE N & P SCHOOL,5,1,3,2,Primary,Co-education,33,603, ,Ayanavaram,7163,,TAMIL NADU,Chennai, ,Pvt. Unaided (Recognized),Urban
94070,8931913.151123047,1472509.6455078125,33,568,600011,33020400805,CGHSS MKT ST,3,5,2,2,Up. Pr. Secondary and Higher Sec,Girls,33,603, ,Ayanavaram,7163,,TAMIL NADU,Chennai, ,Local Body,Urban
94138,8931867.398925781,1472653.205871582,33,568,600011,33020400506,C.S.I(SPG)  PRIMARY SCHOOL,4,1,3,2,Primary,Co-education,33,603, ,Ayanavaram,7163,,TAMIL NADU,Chennai, ,Government Aided,Urban
94145,8931722.461,1472666.922,33,568,600082,33020400740,AS-SADIQ NURSERY & PRIMARY SCHOOL,5,1,3,2,Primary,Co-education,33,603, ,Perambur,7166,,TAMIL NADU,Chennai, ,Pvt. Unaided (Recognized),Urban
94151,8932141.244689941,1472674.4656982422,33,568,600011,33020400736,CSI PUTHUIR SPECIAL SCHOOL,5,6,3,2,Pr. Up Pr. and Secondary Only,Co-education,33,603, ,Perambur,7166,,TAMIL NADU,Chennai, ,Pvt. Unaided (Recognized),Urban
94190,8931785.022277832,1472752.6470947266,33,568,600011,33020400704,GANDHIJI  MEM PRIMARY SCHOOL,4,1,3,2,Primary,Co-education,33,603, ,Perambur,7166,,TAMIL NADU,Chennai, ,Government Aided,Urban
94274,8932071.114,1472916.096923828,33,568,600011,33020400507,TAHA CONVENT MAT SCHOOL,5,6,3,2,Pr. Up Pr. and Secondary Only,Co-education,33,603, ,Perambur,7166,,TAMIL NADU,Chennai, ,Pvt. Unaided (Recognized),Urban
94404,8932154.825683594,1473165.9600830078,33,568,600011,33020400502,CPS MS MADAM,3,1,3,2,Primary,Co-education,33,603, ,Perambur,7166,,TAMIL NADU,Chennai, ,Local Body,Urban
94405,8932154.825683594,1473165.9600830078,33,568,600011,33020400505,CUGPS SEMBIUM,3,1,3,2,Primary,Co-education,33,603, ,Perambur,7166,,TAMIL NADU,Chennai, ,Local Body,Urban
94432,8931682.608520508,1473228.1405029297,33,568,600011,33020400511,ST.MARK'S MATRICULATION SCHOOL SEMBIUM,5,2,3,2,Primary with Upper Primary,Co-education,33,603, ,Ayanavaram,7163,,TAMIL NADU,Chennai, ,Pvt. Unaided (Recognized),Urban
94517,8931948.662109375,1473353.8732910156,33,568,600011,33020400729,LOURDES MAT SCHOOL,5,3,3,2,Pr. with Up.Pr. Sec. and H.Sec.,Co-education,33,603, ,Perambur,7166,,TAMIL NADU,Chennai, ,Pvt. Unaided (Recognized),Urban
94548,8932111.188476562,1473409.8817138672,33,568,600011,33020400404,ST MARYS GIRLS HSS,5,3,3,2,Pr. with Up.Pr. Sec. and H.Sec.,Co-education,33,603, ,Perambur,7166,,TAMIL NADU,Chennai, ,Pvt. Unaided (Recognized),Urban
94598,8931973.263671875,1473475.377319336,33,568,600011,33020400510,SRI BALA VIDYALAYA  SCHOOL,5,3,3,2,Pr. with Up.Pr. Sec. and H.Sec.,Co-education,33,603, ,Perambur,7166,,TAMIL NADU,Chennai, ,Pvt. Unaided (Recognized),Urban
94679,8931562.828674316,1473628.5443115234,33,568,600011,33020400501,CPS TV NAGAR,3,1,3,2,Primary,Co-education,33,603, ,Ayanavaram,7163,,TAMIL NADU,Chennai, ,Local Body,Urban
95005,8931468.763671875,1474366.6143188477,33,589,600110,33011004202,"PNECT KAMARAJ MATRIC SCHOOL, MADHAVARAM WARD 22",5,3,3,1,Pr. with Up.Pr. Sec. and H.Sec.,Co-education,33,603,05701,Mathavaram,5701,803337,TAMIL NADU,Chennai,Madavaram (M),Pvt. Unaided (Recognized),Rural
95240,8931960.907104492,1474878.714111328,33,589,600110,33011004102,"ST.ANNE'S GIRLS HR.SEC.SCHOOL,MADHAVARAM",4,5,3,1,Up. Pr. Secondary and Higher Sec,Co-education,33,603,05701,Mathavaram,5701,803337,TAMIL NADU,Chennai,Madavaram (M),Government Aided,Rural
95254,8931959.126098633,1474922.1514892578,33,589,600060,33011003702,"ST ANNS MAT HSS, MADHAVARAM",5,3,3,1,Pr. with Up.Pr. Sec. and H.Sec.,Co-education,33,603,05701,Mathavaram,5701,803337,TAMIL NADU,Chennai,Madavaram (M),Pvt. Unaided (Recognized),Rural
95416,8931921.945,1475269.653503418,33,589,600089,33011003704,SRI CHAITANYA TECHNO SCHOOL (CBSE) MOOLAKADAI,5,2,3,1,Primary with Upper Primary,Co-education,33,603,05701,Mathavaram,5701,803337,TAMIL NADU,Chennai,Madavaram (M),Pvt. Unaided (Recognized),Rural
95511,8932097.384887695,1475442.2631225586,33,589,600060,33011003905,"BOSCO ACADEMY MAT HSS, MADHAVARAM",5,3,3,1,Pr. with Up.Pr. Sec. and H.Sec.,Co-education,33,603,05701,Mathavaram,5701,803337,TAMIL NADU,Chennai,Madavaram (M),Pvt. Unaided (Recognized),Rural
95683,8931892.334,1475914.372680664,33,589,600152,33011003703,ST.ANNES MAT SCH,5,2,3,1,Primary with Upper Primary,Co-education,33,603,05701,Mathavaram,5701,803337,TAMIL NADU,Chennai,Madavaram (M),Pvt. Unaided (Recognized),Rural
95691,8931718.787,1475937.235290527,33,589,600060,33011004001,"ADW PRIMARY SCHOOL, MADHAVARAM",2,1,3,1,Primary,Co-education,33,603,05701,Mathavaram,5701,803337,TAMIL NADU,Chennai,Madavaram (M),Tribal Welfare Department,Rural
95734,8931888.994873047,1476053.7208862305,33,589,600060,33011004002,VELLAMMAL NEW GEN SCHOOL MADHAVARAM,5,2,3,1,Primary with Upper Primary,Co-education,33,603,05701,Mathavaram,5701,803337,TAMIL NADU,Chennai,Madavaram (M),Pvt. Unaided (Recognized),Rural
96680,8931762.535888672,1478675.1729125977,33,589,600060,33011003802,"ST JOSEPH MATRIC SCHOOL, MADHAVARAM",5,3,3,1,Pr. with Up.Pr. Sec. and H.Sec.,Co-education,33,603,05701,Mathavaram,5701,803337,TAMIL NADU,Chennai,Madavaram (M),Pvt. Unaided (Recognized),Rural
93132,8937821.210510254,1470674.0574951172,33,568,600001,33020201504,THE MUTHIALPET HSS,4,5,1,2,Up. Pr. Secondary and Higher Sec,Boys,33,603, ,Purasawalkam,7167,,TAMIL NADU,Chennai, ,Government Aided,Urban
93137,8936469.012695312,1470692.3442993164,33,568,600079,33020301305,SARASWATHI AMMAL NURSERY & PRIMARY SCHOOL,5,1,3,2,Primary,Co-education,33,603, ,Purasawalkam,7167,,TAMIL NADU,Chennai, ,Pvt. Unaided (Recognized),Urban
93162,8936785.493896484,1470719.317321777,33,568,600079,33020301203,THE SAIVITE MIDDLE SCHOOL,4,2,3,2,Primary with Upper Primary,Co-education,33,603, ,Purasawalkam,7167,,TAMIL NADU,Chennai, ,Government Aided,Urban
93191,8936038.206115723,1470813.7227172852,33,568,600017,33020301306,ST PETERS MAT SCHOOL,5,6,3,2,Pr. Up Pr. and Secondary Only,Co-education,33,603, ,Purasawalkam,7167,,TAMIL NADU,Chennai, ,Pvt. Unaided (Recognized),Urban
93207,8937852.936523438,1470825.6091308594,33,568,600001,33020201308,DR RSM GIRLS HSS,4,3,2,2,Pr. with Up.Pr. Sec. and H.Sec.,Girls,33,603, ,Purasawalkam,7167,,TAMIL NADU,Chennai, ,Government Aided,Urban
93209,8936654.582092285,1470829.7235107422,33,568,600079,33020301302,C.S.I MIDDLE SCHOOL MM ST,4,2,3,2,Primary with Upper Primary,Co-education,33,603, ,Purasawalkam,7167,,TAMIL NADU,Chennai, ,Government Aided,Urban
93212,8937162.866882324,1470832.4666748047,33,568,600001,33020201506,ANDERSON DAY GIRLS HSS,4,5,2,2,Up. Pr. Secondary and Higher Sec,Girls,33,603, ,Purasawalkam,7167,,TAMIL NADU,Chennai, ,Government Aided,Urban
93217,8937855.274108887,1470842.5244750977,33,568,600001,33020201511,DR RATHINAVELU SUBRAMANIAN NUR & PRY SCHOOL,5,1,3,2,Primary,Co-education,33,603, ,Purasawalkam,7167,,TAMIL NADU,Chennai, ,Pvt. Unaided (Recognized),Urban
93226,8936752.098083496,1470849.6104736328,33,568,600079,33020301304,GANESH BAI GALADA JAIN GIRLS HSS,4,5,3,2,Up. Pr. Secondary and Higher Sec,Co-education,33,603, ,Purasawalkam,7167,,TAMIL NADU,Chennai, ,Government Aided,Urban
93236,8936739.184875488,1470865.2684936523,33,568,600079,33020301303,TTV HSS,4,5,3,2,Up. Pr. Secondary and Higher Sec,Co-education,33,603, ,Purasawalkam,7167,,TAMIL NADU,Chennai, ,Government Aided,Urban
93248,8937697.200500488,1470890.7559204102,33,568,600001,33020201302,C.M.S.RAMASAMY ST,3,2,3,2,Primary with Upper Primary,Co-education,33,603, ,Purasawalkam,7167,,TAMIL NADU,Chennai, ,Local Body,Urban
93250,8937425.024475098,1470896.3560791016,33,568,600108,33020201206,CUGMS BROADWAY,3,2,3,2,Primary with Upper Primary,Co-education,33,603, ,Purasawalkam,7167,,TAMIL NADU,Chennai, ,Local Body,Urban
93254,8937399.977478027,1470902.185119629,33,568,600108,33020201309,GOVT MUSLIM GIRLS HS,1,7,2,2,Upper Pr. and Secondary,Girls,33,603, ,Purasawalkam,7167,,TAMIL NADU,Chennai, ,Department of Education,Urban
93258,8936555.063,1470906.6427001953,33,568,600079,33020301206,MANGI KANWAR ANRAJ CHORDIA JAIN N & P SCHOOL,5,1,3,2,Primary,Co-education,33,603, ,Purasawalkam,7167,,TAMIL NADU,Chennai, ,Pvt. Unaided (Recognized),Urban
93299,8937763.213,1470973.9611206057,33,568,600001,33020201314,SRI VENKATESWARA MAT SCHOOL,5,2,3,2,Primary with Upper Primary,Co-education,33,603, ,Purasawalkam,7167,,TAMIL NADU,Chennai, ,Pvt. Unaided (Recognized),Urban
93313,8937314.706726074,1471003.677307129,33,568,600001,33020201602,ST. AGNES AIDED MID SCHOOL,4,2,3,2,Primary with Upper Primary,Co-education,33,603, ,Purasawalkam,7167,,TAMIL NADU,Chennai, ,Government Aided,Urban
93320,8937260.828,1471024.4786987305,33,568,600001,33020201215,CSI ST MARKS NURSERY SCHOOL,5,12,3,2,Pre-Primary Only,Co-education,33,603, ,Purasawalkam,7167,,TAMIL NADU,Chennai, ,Pvt. Unaided (Recognized),Urban
93325,8937250.586730957,1471032.0220947266,33,568,600001,33020201212,SRI SARATHI VIDYALAYA NUR & PRY SCHOOL,5,1,3,2,Primary,Co-education,33,603, ,Purasawalkam,7167,,TAMIL NADU,Chennai, ,Pvt. Unaided (Recognized),Urban
93343,8937095.518676758,1471053.1663208008,33,568,600001,33020201605,ST ANTONY'S NUR & PRY SCHOOL,5,1,3,2,Primary,Co-education,33,603, ,Purasawalkam,7167,,TAMIL NADU,Chennai, ,Pvt. Unaided (Recognized),Urban
93344,8936529.570495605,1471053.623474121,33,568,600001,33020301201,C.M.S. 130 AMMAN KOIL STREET,3,2,3,2,Primary with Upper Primary,Co-education,33,603, ,Purasawalkam,7167,,TAMIL NADU,Chennai, ,Local Body,Urban
93347,8937068.913330078,1471057.9666748047,33,568,600005,33020201208,OUR LADYS CENTRE MAT SCHOOL,5,6,2,2,Pr. Up Pr. and Secondary Only,Girls,33,603, ,Purasawalkam,7167,,TAMIL NADU,Chennai, ,Pvt. Unaided (Recognized),Urban
93352,8936242.477478027,1471064.3671264648,33,568,600079,33020301205,DR GURUSWAMY MUDALIAR TTV HR SEC SCHOOL,4,5,3,2,Up. Pr. Secondary and Higher Sec,Co-education,33,603, ,Purasawalkam,7167,,TAMIL NADU,Chennai, ,Government Aided,Urban
93353,8936242.477478027,1471064.3671264648,33,568,600079,33020301210,Dr. G. M. Nursery & Primary School,5,1,3,2,Primary,Co-education,33,603, ,Purasawalkam,7167,,TAMIL NADU,Chennai, ,Pvt. Unaided (Recognized),Urban
93371,8937345.764892578,1471106.4271240234,33,568,600108,33020201204,ST FRANCIS XAVIER AI HSS,4,3,2,2,Pr. with Up.Pr. Sec. and H.Sec.,Girls,33,603, ,Purasawalkam,7167,,TAMIL NADU,Chennai, ,Government Aided,Urban
93376,8937339.197,1471115.9135131836,33,568,600108,33020201202,ST.FRANCIS XAVIER'S AIDED PRY SCHOOL,4,1,3,2,Primary,Co-education,33,603, ,Purasawalkam,7167,,TAMIL NADU,Chennai, ,Government Aided,Urban
93377,8937346.655517578,1471118.3137207031,33,568,600108,33020201201,ST ANNE'S GIRLS HSS,4,5,2,2,Up. Pr. Secondary and Higher Sec,Girls,33,603, ,Purasawalkam,7167,,TAMIL NADU,Chennai, ,Government Aided,Urban
93381,8938027.374084473,1471122.314086914,33,568,600001,33020201318,ALEEF NURSERY & PRIMARY SCHOOL,5,1,3,2,Primary,Co-education,33,603, ,Purasawalkam,7167,,TAMIL NADU,Chennai, ,Pvt. Unaided (Recognized),Urban
93418,8937207.84,1471170.7744750977,33,568,600001,33020201510,P.NAGAMMA AIDED MID SCHOOL,4,2,3,2,Primary with Upper Primary,Co-education,33,603, ,Purasawalkam,7167,,TAMIL NADU,Chennai, ,Government Aided,Urban
93422,8937094.739501953,1471188.4901123047,33,568,600104,33020201213,DOMINIC SAVIO MAT SCHOOL,5,6,3,2,Pr. Up Pr. and Secondary Only,Co-education,33,603, ,Purasawalkam,7167,,TAMIL NADU,Chennai, ,Pvt. Unaided (Recognized),Urban
93426,8936717.588928223,1471206.2056884766,33,568,600003,33020301710,ANNAI SATHYA GOVT.  CHILDREN HOME,90,1,2,2,Primary,Girls,33,603, ,Purasawalkam,7167,,TAMIL NADU,Chennai, ,Social Welfare Dept.,Urban
93429,8937396.303894043,1471209.520324707,33,568,600108,33020201211,DON BOSCO NUR &PRY SCHOOL,5,1,3,2,Primary,Co-education,33,603, ,Purasawalkam,7167,,TAMIL NADU,Chennai, ,Pvt. Unaided (Recognized),Urban
93474,8937424.801696777,1471280.2683105469,33,568,600108,33020201205,ST.GABRIEL'S HR.SEC.SCHOOL,4,5,1,2,Up. Pr. Secondary and Higher Sec,Boys,33,603, ,Purasawalkam,7167,,TAMIL NADU,Chennai, ,Government Aided,Urban
93482,8936761.003479004,1471287.354675293,33,568,600003,33020301810,SRI A.B. PAREKH  GUJARATI VIDYAMANDIR HSS,4,5,1,2,Up. Pr. Secondary and Higher Sec,Boys,33,603, ,Purasawalkam,7167,,TAMIL NADU,Chennai, ,Government Aided,Urban
93486,8937971.046508789,1471292.6123046875,33,568,600001,33020201315,DR RAJAMANICKANAR MEMO NUR & PRY SCHOOL,5,1,3,2,Primary,Co-education,33,603, ,Purasawalkam,7167,,TAMIL NADU,Chennai, ,Pvt. Unaided (Recognized),Urban
93492,8936968.280517578,1471303.4700927734,33,568,600079,33020201004,NOBLE NURSERY & PRIMARY SCHOOL,5,1,3,2,Primary,Co-education,33,603, ,Purasawalkam,7167,,TAMIL NADU,Chennai, ,Pvt. Unaided (Recognized),Urban
93499,8937954.237304688,1471321.071472168,33,568,600001,33020201317,KALANJIAM ISLAMIC SCHOOL,8,2,3,2,Primary with Upper Primary,Co-education,33,603, ,Purasawalkam,7167,,TAMIL NADU,Chennai, ,Unrecognized,Urban
93504,8938054.536071777,1471341.0731201172,33,568,600001,33020201401,CUGMS ANGAPPA STREET,3,2,3,2,Primary with Upper Primary,Co-education,33,603, ,Purasawalkam,7167,,TAMIL NADU,Chennai, ,Local Body,Urban
93505,8937937.651,1471341.5302734375,33,568,600001,33020201312,M.ELLAPPA CHETTIAR AIDED PRY SCHOOL,4,1,3,2,Primary,Co-education,33,603, ,Purasawalkam,7167,,TAMIL NADU,Chennai, ,Government Aided,Urban
93507,8937563.506,1471343.7019042969,33,568,600001,33020201313,MSB MATRICULATION HSS,5,3,3,2,Pr. with Up.Pr. Sec. and H.Sec.,Co-education,33,603, ,Purasawalkam,7167,,TAMIL NADU,Chennai, ,Pvt. Unaided (Recognized),Urban
93510,8936621.409118652,1471346.559326172,33,568,600079,33020201003,C.S.I. MIDDLE SCHOOL (MINT RAJAGOPAL),4,2,3,2,Primary with Upper Primary,Co-education,33,603, ,Purasawalkam,7167,,TAMIL NADU,Chennai, ,Government Aided,Urban
93514,8937588.553,1471355.702697754,33,568,600001,33020201304,C.M.S.SALAI VINAYAGAR KOIL ST,3,2,3,2,Primary with Upper Primary,Co-education,33,603, ,Purasawalkam,7167,,TAMIL NADU,Chennai, ,Local Body,Urban
93549,8937205.391113281,1471419.2506713867,33,568,600001,33020201105,ARIGANR ANNA NUR & PRY SCHOOL,5,1,3,2,Primary,Co-education,33,603, ,Purasawalkam,7167,,TAMIL NADU,Chennai, ,Pvt. Unaided (Recognized),Urban
93556,8936936.666,1471429.6514892578,33,568,600001,33020201104,GOVT MUSLIM HS,1,7,1,2,Upper Pr. and Secondary,Boys,33,603, ,Purasawalkam,7167,,TAMIL NADU,Chennai, ,Department of Education,Urban
93557,8937693.416,1471438.7951049805,33,568,600001,33020201310,K. RAMIAH CHETTY ARC GIRLS HIGHER SECONDARY SCHOOL,4,5,2,2,Up. Pr. Secondary and Higher Sec,Girls,33,603, ,Purasawalkam,7167,,TAMIL NADU,Chennai, ,Government Aided,Urban
93558,8937709.334472656,1471439.7094726562,33,568,600001,33020201307,A.R.C.AIDED PRY SCHOOL,4,1,3,2,Primary,Co-education,33,603, ,Purasawalkam,7167,,TAMIL NADU,Chennai, ,Government Aided,Urban
93564,8937406.768,1471449.4244995115,33,568,600001,33020201209,BISHOP CORRIE AI HSS,4,3,3,2,Pr. with Up.Pr. Sec. and H.Sec.,Co-education,33,603, ,Purasawalkam,7167,,TAMIL NADU,Chennai, ,Government Aided,Urban
93569,8937824.327514648,1471461.6541137695,33,568,600001,33020201306,DR DHARMAMBAL AIDED MID SCHOOL,4,2,3,2,Primary with Upper Primary,Co-education,33,603, ,Purasawalkam,7167,,TAMIL NADU,Chennai, ,Government Aided,Urban
93582,8937196.151489258,1471484.970275879,33,568,600001,33020201102,C.M.S.SEVEN WELLS,3,2,3,2,Primary with Upper Primary,Co-education,33,603, ,Purasawalkam,7167,,TAMIL NADU,Chennai, ,Local Body,Urban
93607,8937731.598327637,1471536.5175170898,33,568,600001,33020201301,MANAVAR MANRAM AIDED PRY SCHOOL,4,1,3,2,Primary,Co-education,33,603, ,Purasawalkam,7167,,TAMIL NADU,Chennai, ,Government Aided,Urban
93637,8936710.799,1471607.9522705078,33,568,600079,33020301204,SRI RAMAKRISHNA MATH VIVEKANANDHA CENTENARY GIRLS' HSS,4,5,2,2,Up. Pr. Secondary and Higher Sec,Girls,33,603, ,Purasawalkam,7167,,TAMIL NADU,Chennai, ,Government Aided,Urban
93650,8936226.225,1471633.897521973,33,568,600079,33020201803,C.M.S. PADAVETTAMMAN,3,2,3,2,Primary with Upper Primary,Co-education,33,603, ,Purasawalkam,7167,,TAMIL NADU,Chennai, ,Local Body,Urban
93662,8937737.720703125,1471661.5568847656,33,568,600013,33020200903,C T HS ANJANEYA NAGAR,3,7,3,2,Upper Pr. and Secondary,Co-education,33,603, ,Tondiarpet,7168,803339,TAMIL NADU,Chennai,Chennai (M Corp.),Local Body,Urban
93677,8937744.733886719,1471692.5311279297,33,568,600013,33020200904,CPS ANJANEYA NAGAR,3,1,3,2,Primary,Co-education,33,603, ,Tondiarpet,7168,803339,TAMIL NADU,Chennai,Chennai (M Corp.),Local Body,Urban
93702,8936008.817871094,1471732.4204711914,33,568,600021,33020201805,B.SUBBARAYAN MIDDLE SCHOOL,4,2,3,2,Primary with Upper Primary,Co-education,33,603, ,Tondiarpet,7168,803339,TAMIL NADU,Chennai,Chennai (M Corp.),Government Aided,Urban
93703,8936351.459,1471742.4786987305,33,568,600021,33020201807,NARAYANA E - TECHNO SCHOOL,5,6,3,2,Pr. Up Pr. and Secondary Only,Co-education,33,603, ,Tondiarpet,7168,803339,TAMIL NADU,Chennai,Chennai (M Corp.),Pvt. Unaided (Recognized),Urban
93753,8937630.408874512,1471846.2597045898,33,568,600021,33020200203,CHSS APPASAMY LANE,3,5,3,2,Up. Pr. Secondary and Higher Sec,Co-education,33,603, ,Tondiarpet,7168,803339,TAMIL NADU,Chennai,Chennai (M Corp.),Local Body,Urban
93754,8937630.408874512,1471846.2597045898,33,568,600021,33020200202,CPS KAPPAL POLU ST.,3,1,3,2,Primary,Co-education,33,603, ,Tondiarpet,7168,803339,TAMIL NADU,Chennai,Chennai (M Corp.),Local Body,Urban
93778,8938200.364685059,1471904.5510864258,33,568,600013,33020200508,ST. ANNE'S PRIMARY SCHOOL,4,1,3,2,Primary,Co-education,33,603, ,Tondiarpet,7168,803339,TAMIL NADU,Chennai,Chennai (M Corp.),Government Aided,Urban
93787,8936568.420898438,1471928.553527832,33,568,600021,33020201804,CUBPS KATHBADA,3,1,3,2,Primary,Co-education,33,603, ,Tondiarpet,7168,803339,TAMIL NADU,Chennai,Chennai (M Corp.),Local Body,Urban
93788,8938234.094482422,1471930.1536865234,33,568,600013,33020200515,"MONTFORT NURSERY & PRIMARY SCHOOL,CH-",5,1,3,2,Primary,Co-education,33,603, ,Tondiarpet,7168,803339,TAMIL NADU,Chennai,Chennai (M Corp.),Pvt. Unaided (Recognized),Urban
93791,8936673.061279297,1471931.9824829102,33,568,600079,33020300101,Shri RAMAKRISHNA MATH NATIONAL SCHOOL,4,1,3,2,Primary,Co-education,33,603, ,Tondiarpet,7168,803339,TAMIL NADU,Chennai,Chennai (M Corp.),Government Aided,Urban
93795,8937800.505126953,1471948.8983154297,33,568,600013,33020200901,KANNAPPA NAYANAR AIDED MID SCHOOL,4,2,3,2,Primary with Upper Primary,Co-education,33,603, ,Tondiarpet,7168,803339,TAMIL NADU,Chennai,Chennai (M Corp.),Government Aided,Urban
93818,8936550.943725586,1471967.0717163086,33,568,600021,33020201806,LITTLE ROSES NURSERY & PRIMARY SCHOOL,5,1,3,2,Primary,Co-education,33,603, ,Tondiarpet,7168,803339,TAMIL NADU,Chennai,Chennai (M Corp.),Pvt. Unaided (Recognized),Urban
89067,8930943.336,1461625.9901123047,33,568,600015,33020901008,ST ANTONYS MAT HSS,5,3,3,2,Pr. with Up.Pr. Sec. and H.Sec.,Co-education,33,603, ,Guindy,7169,,TAMIL NADU,Chennai, ,Pvt. Unaided (Recognized),Urban
89124,8930989.756,1461702.0841064453,33,568,600015,33020901009,OUR LADY OF HEALTH MATRICULATION SCHOOL,5,6,3,2,Pr. Up Pr. and Secondary Only,Co-education,33,603, ,Guindy,7169,,TAMIL NADU,Chennai, ,Pvt. Unaided (Recognized),Urban
89132,8930974.839111328,1461720.1364746094,33,568,600015,33020901014,"ST. FRANCIS XAVIER PRIMARY SCHOOL, LIITLE MOUNT, CHENNAI-15",4,1,3,2,Primary,Co-education,33,603, ,Guindy,7169,,TAMIL NADU,Chennai, ,Government Aided,Urban
89133,8930974.839111328,1461720.1364746094,33,568,600015,33020901015,"ST. FRANCIS XAVIER HIGH SCHOOL, LITTLEMOUNT,CHENNAI-15",4,7,3,2,Upper Pr. and Secondary,Co-education,33,603, ,Guindy,7169,,TAMIL NADU,Chennai, ,Government Aided,Urban
89393,8931096.177307129,1462163.680480957,33,568,600015,33020901004,"JAIGOPAL GARODIA GOVERNMENT GIRLS HIGHER SECONDARY SCHOOL, SAIDAPET",1,5,2,2,Up. Pr. Secondary and Higher Sec,Girls,33,603, ,Guindy,7169,,TAMIL NADU,Chennai, ,Department of Education,Urban
89482,8930928.084899902,1462328.4403076172,33,568,600015,33020901003,GHSS MODEL SAIDAPET,1,3,3,2,Pr. with Up.Pr. Sec. and H.Sec.,Co-education,33,603, ,Guindy,7169,,TAMIL NADU,Chennai, ,Department of Education,Urban
89715,8931117.105529785,1462807.185913086,33,568,600035,33020900703,ALPHA MATRICULATION  HSS,5,5,3,2,Up. Pr. Secondary and Higher Sec,Co-education,33,603, ,Guindy,7169,,TAMIL NADU,Chennai, ,Pvt. Unaided (Recognized),Urban
89739,8931091.057,1462830.037902832,33,568,600035,33020901303,ALPHA SCHOOL CIT NAGAR,5,3,3,2,Pr. with Up.Pr. Sec. and H.Sec.,Co-education,33,603, ,Guindy,7169,,TAMIL NADU,Chennai, ,Pvt. Unaided (Recognized),Urban
90116,8931021.370727539,1463511.7221069336,33,568,600017,33020800611,Sri Ramakrishna Mission Sarada Vidyalaya Matriculation Higher Secondary School,5,3,3,2,Pr. with Up.Pr. Sec. and H.Sec.,Co-education,33,603, ,Mambalam,7165,803351,TAMIL NADU,Chennai,Alandur (M),Pvt. Unaided (Recognized),Urban
90136,8930862.852,1463573.652709961,33,568,600017,33020801810,CSI St.Augustine Matric School,5,6,3,2,Pr. Up Pr. and Secondary Only,Co-education,33,603, ,Mambalam,7165,803351,TAMIL NADU,Chennai,Alandur (M),Pvt. Unaided (Recognized),Urban
90176,8931021.481872559,1463641.6392822266,33,568,600017,33020801614,SRI TARACHAND GALADA JAIN MAT,5,6,3,2,Pr. Up Pr. and Secondary Only,Co-education,33,603, ,Mambalam,7165,803351,TAMIL NADU,Chennai,Alandur (M),Pvt. Unaided (Recognized),Urban
90210,8930982.520080566,1463710.6544799805,33,568,600017,33020801611,SHRI M B JAIN HR SEC SCH,4,5,3,2,Up. Pr. Secondary and Higher Sec,Co-education,33,603, ,Mambalam,7165,803351,TAMIL NADU,Chennai,Alandur (M),Government Aided,Urban
90216,8931407.871887207,1463725.051696777,33,568,600017,33020801803,SRI RKM SARADA VIDYALAYA MODEL PRIMARY SCHOOL,4,1,3,2,Primary,Co-education,33,603, ,Mambalam,7165,803351,TAMIL NADU,Chennai,Alandur (M),Government Aided,Urban
90238,8931400.970092773,1463742.6483154297,33,568,600017,33020801806,SRI RKM MODEL HSS,4,5,2,2,Up. Pr. Secondary and Higher Sec,Girls,33,603, ,Guindy,7169,,TAMIL NADU,Chennai, ,Government Aided,Urban
90377,8931228.870300293,1464029.337890625,33,568,600017,33020801608,SRI RKM SV MIDDLE SCH,4,2,3,2,Primary with Upper Primary,Co-education,33,603, ,Guindy,7169,,TAMIL NADU,Chennai, ,Government Aided,Urban
90581,8930945.896118164,1464484.5731201172,33,568,600033,33020801008,SHRI B S MOOTHA SR SEC SCH,5,3,2,2,Pr. with Up.Pr. Sec. and H.Sec.,Girls,33,603,05925,Chennai,0,,TAMIL NADU,Chennai, ,Pvt. Unaided (Recognized),Urban
90612,8931393.178,1464561.9318847656,33,568,600017,33020801706,SRI R K M SARADA VIDYALAYA  GIRLS HR SEC SCHOOL T NAGAR,4,5,2,2,Up. Pr. Secondary and Higher Sec,Girls,33,603, ,Guindy,7169,,TAMIL NADU,Chennai, ,Government Aided,Urban
90630,8931325.495483398,1464627.6354980469,33,568,600017,33020801510,Ramakrishna mission N&P school,5,1,3,2,Primary,Co-education,33,603, ,Guindy,7169,,TAMIL NADU,Chennai, ,Pvt. Unaided (Recognized),Urban
90817,8931279.297912598,1465154.9846801758,33,568,600017,33020801509,RAMAKRISHNA MISSION MATRIC HSS,5,3,3,2,Pr. with Up.Pr. Sec. and H.Sec.,Co-education,33,603, ,Guindy,7169,,TAMIL NADU,Chennai, ,Pvt. Unaided (Recognized),Urban
90958,8931007.678527832,1465462.257080078,33,568,600024,33020801006,BABA MATRIC SCHOOL,5,6,3,2,Pr. Up Pr. and Secondary Only,Co-education,33,603,05925,Chennai,0,,TAMIL NADU,Chennai, ,Pvt. Unaided (Recognized),Urban
91016,8931169.759521484,1465569.2147216797,33,568,600024,33020801208,VIZUTHAMANGALAM RAJESWARI PRIMARY SCHOOL,4,1,3,2,Primary,Co-education,33,603,05925,Chennai,0,,TAMIL NADU,Chennai, ,Government Aided,Urban
91017,8931114.767700195,1465571.8430786133,33,568,600024,33020800806,Janaki Amma memorial sishya primary school,5,1,3,2,Primary,Co-education,33,603,05925,Chennai,0,,TAMIL NADU,Chennai, ,Pvt. Unaided (Recognized),Urban
91240,8931158.070922852,1466082.4114990234,33,568,600094,33020501907,SREE VIDYA MANDIR NURSERY AND PRIMARY SCHOOL,5,1,3,2,Primary,Co-education,33,603,05925,Chennai,0,,TAMIL NADU,Chennai, ,Pvt. Unaided (Recognized),Urban
91334,8931145.046691895,1466246.394104004,33,568,600094,33020801210,"SEVENTH DAY ADVENTIST MATRIC HIGH SCHOOL ,KODAMBAKKAM CHENNAI",5,6,3,2,Pr. Up Pr. and Secondary Only,Co-education,33,603,05925,Chennai,0,,TAMIL NADU,Chennai, ,Pvt. Unaided (Recognized),Urban
91447,8931270.393,1466506.254272461,33,568,600034,33020701107,CHILD JESUS NURSERY AND PRIMARY SCHOOL,5,1,3,2,Primary,Co-education,33,603,05925,Chennai,0,,TAMIL NADU,Chennai, ,Pvt. Unaided (Recognized),Urban
91493,8931073.134094238,1466596.7603149414,33,568,600094,33020501814,L M DHADHA SR.SEC.SCHOOL,5,3,3,2,Pr. with Up.Pr. Sec. and H.Sec.,Co-education,33,603,05925,Chennai,0,,TAMIL NADU,Chennai, ,Pvt. Unaided (Recognized),Urban
91540,8931212.951,1466725.5488891602,33,568,600008,33020800402,"JG GOVT GIRL'S HIGHER SECONDARY SCHOOL,CHOOLAIMEDU",1,5,2,2,Up. Pr. Secondary and Higher Sec,Girls,33,603,05925,Chennai,0,,TAMIL NADU,Chennai, ,Department of Education,Urban
91588,8931250.800109863,1466819.369506836,33,568,600094,33020501804,CHSS CHOOLAIMEDU,3,5,3,2,Up. Pr. Secondary and Higher Sec,Co-education,33,603,05925,Chennai,0,,TAMIL NADU,Chennai, ,Local Body,Urban
91604,8931167.756,1466881.993103027,33,568,600094,33020501802,CPS SANKARAPURAM,3,1,3,2,Primary,Co-education,33,603,05925,Chennai,0,,TAMIL NADU,Chennai, ,Local Body,Urban
91608,8931121.001525879,1466909.9907226562,33,568,600094,33020501819,MILTON N&P SCHOOL,5,1,3,2,Primary,Co-education,33,603,05925,Chennai,0,,TAMIL NADU,Chennai, ,Pvt. Unaided (Recognized),Urban
91637,8930942.445129395,1466955.9298706057,33,568,600094,33020501818,ANJUGAM PRIMARY SCHOOL,4,1,3,2,Primary,Co-education,33,603,05925,Chennai,0,,TAMIL NADU,Chennai, ,Government Aided,Urban
91652,8930921.962280273,1467011.354309082,33,568,600094,33020501803,CHS THIRUVALLUVARPURAM,3,7,3,2,Upper Pr. and Secondary,Co-education,33,603,05925,Chennai,0,,TAMIL NADU,Chennai, ,Local Body,Urban
91659,8930960.144897461,1467025.0675048828,33,568,600094,33020501801,C.P.S NAMACHIVAYAPURAM,3,1,3,2,Primary,Co-education,33,603,05925,Chennai,0,,TAMIL NADU,Chennai, ,Local Body,Urban
91660,8930960.144897461,1467025.0675048828,33,568,600094,33020501722,NATIONAL STAR N & P,5,1,3,2,Primary,Co-education,33,603,05925,Chennai,0,,TAMIL NADU,Chennai, ,Pvt. Unaided (Recognized),Urban
91684,8931370.691,1467065.4074707031,33,568,600094,33020501906,JOHN MILTON N&P SCHOOL,5,1,3,2,Primary,Co-education,33,603,05925,Chennai,0,,TAMIL NADU,Chennai, ,Pvt. Unaided (Recognized),Urban
91723,8931005.563293457,1467181.2849121094,33,568,600094,33020501812,T T A MATRIC HIGHER SECONDARY SCHOOL,5,3,3,2,Pr. with Up.Pr. Sec. and H.Sec.,Co-education,33,603,05925,Chennai,0,,TAMIL NADU,Chennai, ,Pvt. Unaided (Recognized),Urban
91749,8931411.211486816,1467249.508728027,33,568,600084,33020501905,C.S.I. EWART MATRICULATION HIGHER SECONDARY SCHOOL,5,3,3,2,Pr. with Up.Pr. Sec. and H.Sec.,Co-education,33,603,05925,Chennai,0,,TAMIL NADU,Chennai, ,Pvt. Unaided (Recognized),Urban
91778,8931338.074523926,1467307.447692871,33,568,600094,33020502203,MORNING STAR MATRIC. HR. SEC. SCHOOL,5,3,3,2,Pr. with Up.Pr. Sec. and H.Sec.,Co-education,33,603,05925,Chennai,0,,TAMIL NADU,Chennai, ,Pvt. Unaided (Recognized),Urban
91779,8931343.084,1467307.562072754,33,568,600094,33020502205,ARPUTHARAJ MATRICULATION HIGHER SECONDARY SCHOOL,5,3,3,2,Pr. with Up.Pr. Sec. and H.Sec.,Co-education,33,603,05925,Chennai,0,,TAMIL NADU,Chennai, ,Pvt. Unaided (Recognized),Urban
91967,8930933.428283691,1467811.876525879,33,568,600094,33020501113,ARUL SELVAN VENKATESH PRABU NURSERY AND PRIMARY SCHOOL,5,1,3,2,Primary,Co-education,33,603, ,Aminjikarai,7161,,TAMIL NADU,Chennai, ,Pvt. Unaided (Recognized),Urban
91971,8930933.205688477,1467831.761291504,33,568,600028,33020501117,ALAMEEN N&P SCHOOL,5,1,3,2,Primary,Co-education,33,603, ,Aminjikarai,7161,,TAMIL NADU,Chennai, ,Pvt. Unaided (Recognized),Urban
92229,8931302.341125488,1468423.8541259766,33,568,600030,33020501510,ST GEORGE'S AI HSS,4,3,3,2,Pr. with Up.Pr. Sec. and H.Sec.,Co-education,33,603,05925,Chennai,0,,TAMIL NADU,Chennai, ,Government Aided,Urban
92352,8931075.694519043,1468785.904296875,33,568,600030,33020501004,DR BMS MAT HSS,5,3,3,2,Pr. with Up.Pr. Sec. and H.Sec.,Co-education,33,603, ,Aminjikarai,7161,,TAMIL NADU,Chennai, ,Pvt. Unaided (Recognized),Urban
92446,8931308.574890137,1469081.559326172,33,568,600029,33020501119,APARNA N&P SCHOOL,5,1,3,2,Primary,Co-education,33,603,05925,Chennai,0,,TAMIL NADU,Chennai, ,Pvt. Unaided (Recognized),Urban
92597,8931277.962097168,1469433.3319091797,33,568,600010,33020501334,ST.JOSEPH'S NURSERY & PRIMARY  SCHOOL,5,1,3,2,Primary,Co-education,33,603,05925,Chennai,0,,TAMIL NADU,Chennai, ,Pvt. Unaided (Recognized),Urban
92853,8931117.105529785,1470027.8585205078,33,568,600023,33020401003,BETHEL MAT SCHOOL,5,3,3,2,Pr. with Up.Pr. Sec. and H.Sec.,Co-education,33,603, ,Ayanavaram,7163,,TAMIL NADU,Chennai, ,Pvt. Unaided (Recognized),Urban
92881,8930927.862304688,1470094.1463012695,33,568,600029,33020501102,CPS MANJAKOLLAI,3,1,3,2,Primary,Co-education,33,603, ,Ayanavaram,7163,,TAMIL NADU,Chennai, ,Local Body,Urban
92949,8931224.194885254,1470220.7794799805,33,568,600023,33020401001,cps solai st,3,1,3,2,Primary,Co-education,33,603, ,Ayanavaram,7163,,TAMIL NADU,Chennai, ,Local Body,Urban
92988,8931350.876281738,1470326.155090332,33,568,600023,33020500205,NIRMAL HIGH SCHOOL,4,7,3,2,Upper Pr. and Secondary,Co-education,33,603, ,Ayanavaram,7163,,TAMIL NADU,Chennai, ,Government Aided,Urban
92993,8931352.880126953,1470349.813293457,33,568,600023,33020500206,NIRMAL PRIMARY SCHOOL,4,1,3,2,Primary,Co-education,33,603, ,Ayanavaram,7163,,TAMIL NADU,Chennai, ,Government Aided,Urban
93247,8931078.588928223,1470887.3270874023,33,568,600023,33020401009,KAMARAJ MAT SCHOOL,5,3,3,2,Pr. with Up.Pr. Sec. and H.Sec.,Co-education,33,603, ,Ayanavaram,7163,,TAMIL NADU,Chennai, ,Pvt. Unaided (Recognized),Urban
93259,8930978.735290527,1470910.4143066406,33,568,600023,33020500201,W. P. A. SOUNDARAPANDIAN PRIMARY SCHOOL,4,1,3,2,Primary,Co-education,33,603, ,Ayanavaram,7163,,TAMIL NADU,Chennai, ,Government Aided,Urban
93260,8930978.735290527,1470910.4143066406,33,568,600023,33020500202,W. P. A. SOUNDARAPANDIAN HR. SEC. SCHOOL,4,5,3,2,Up. Pr. Secondary and Higher Sec,Co-education,33,603, ,Ayanavaram,7163,,TAMIL NADU,Chennai, ,Government Aided,Urban
93261,8931054.766479492,1470912.471496582,33,568,600023,33020400912,M.M. NURSERY & PRY SCHOOL,5,1,3,2,Primary,Co-education,33,603, ,Ayanavaram,7163,,TAMIL NADU,Chennai, ,Pvt. Unaided (Recognized),Urban
93296,8931115.992,1470966.1892700195,33,568,600023,33020400907,CSI ST.JAMES CHURCH NUR.SCHOOL,5,1,3,2,Primary,Co-education,33,603, ,Ayanavaram,7163,,TAMIL NADU,Chennai, ,Pvt. Unaided (Recognized),Urban
93348,8931264.269714355,1471061.9669189453,33,568,600023,33020400903,CHSS PALAVAYAL ROAD,3,5,3,2,Up. Pr. Secondary and Higher Sec,Co-education,33,603, ,Ayanavaram,7163,,TAMIL NADU,Chennai, ,Local Body,Urban
93349,8931264.269714355,1471061.9669189453,33,568,600023,33020400901,cps palavayal rd,3,1,3,2,Primary,Co-education,33,603, ,Ayanavaram,7163,,TAMIL NADU,Chennai, ,Local Body,Urban
93427,8931331.840698242,1471208.2631225586,33,568,600082,33020401420,DHANISH MATRIC. HIGHER SECONDARY SCHOOL,5,3,3,2,Pr. with Up.Pr. Sec. and H.Sec.,Co-education,33,603, ,Ayanavaram,7163,,TAMIL NADU,Chennai, ,Pvt. Unaided (Recognized),Urban
93440,8931243.675720215,1471233.064880371,33,568,600023,33020401004,DANISH MATRIC. HR. SEC. SCHOOL,5,3,3,2,Pr. with Up.Pr. Sec. and H.Sec.,Co-education,33,603, ,Ayanavaram,7163,,TAMIL NADU,Chennai, ,Pvt. Unaided (Recognized),Urban
93554,8931036.955322266,1471425.6513061523,33,568,600023,33020400706,RLY COLONY PRI SCH,4,1,3,2,Primary,Co-education,33,603, ,Ayanavaram,7163,,TAMIL NADU,Chennai, ,Government Aided,Urban
93566,8930924.522705078,1471455.367919922,33,568,600023,33020400715,RAILWAY COLONY HS,4,7,3,2,Upper Pr. and Secondary,Co-education,33,603, ,Ayanavaram,7163,,TAMIL NADU,Chennai, ,Government Aided,Urban
93978,8930906.822875977,1472350.769897461,33,568,600082,33020400406,PERIYAR MAT HSS,5,3,3,2,Pr. with Up.Pr. Sec. and H.Sec.,Co-education,33,603, ,Ayanavaram,7163,,TAMIL NADU,Chennai, ,Pvt. Unaided (Recognized),Urban
93987,8931318.593688965,1472365.171508789,33,568,600082,33020400710,JRET RAGHAVA MIDDLE SCHOOL,4,2,3,2,Primary with Upper Primary,Co-education,33,603, ,Ayanavaram,7163,,TAMIL NADU,Chennai, ,Government Aided,Urban
94059,8931414.328491211,1472486.328491211,33,568,600082,33020400817,VEERA SAVARAKAR NETAJI MATRICULATION SCHOOL,5,6,3,2,Pr. Up Pr. and Secondary Only,Co-education,33,603, ,Ayanavaram,7163,,TAMIL NADU,Chennai, ,Pvt. Unaided (Recognized),Urban
94063,8931010.238708496,1472493.1862792969,33,568,600082,33020400730,JNES N & P SCHOOL,5,1,3,2,Primary,Co-education,33,603, ,Ayanavaram,7163,,TAMIL NADU,Chennai, ,Pvt. Unaided (Recognized),Urban
94231,8931280.745117188,1472820.0842895508,33,568,600082,33020400807,SACRED HEARTS NURSERY AND PRIMARY SCHOOL,5,1,3,2,Primary,Co-education,33,603, ,Ayanavaram,7163,,TAMIL NADU,Chennai, ,Pvt. Unaided (Recognized),Urban
94234,8930895.579711914,1472844.087524414,33,568,600082,33020400403,MODEL MAT HSS,5,3,3,2,Pr. with Up.Pr. Sec. and H.Sec.,Co-education,33,603, ,Ayanavaram,7163,,TAMIL NADU,Chennai, ,Pvt. Unaided (Recognized),Urban
94330,8931362.564880371,1473025.7119140625,33,568,600011,33020400711,JRET GIRLS HS,4,7,2,2,Upper Pr. and Secondary,Girls,33,603, ,Ayanavaram,7163,,TAMIL NADU,Chennai, ,Government Aided,Urban
94338,8931414.662475586,1473052.2299194336,33,568,600011,33020400717,SRI CHAMPALAL JAIN HSS,4,5,3,2,Up. Pr. Secondary and Higher Sec,Co-education,33,603, ,Ayanavaram,7163,,TAMIL NADU,Chennai, ,Government Aided,Urban
94339,8931408.762512207,1473053.2584838867,33,568,600011,33020400213,CHANDABAI MAT HSS,5,3,3,2,Pr. with Up.Pr. Sec. and H.Sec.,Co-education,33,603, ,Ayanavaram,7163,,TAMIL NADU,Chennai, ,Pvt. Unaided (Recognized),Urban
94340,8931386.832519531,1473053.7156982422,33,568,600011,33020400738,J.R.KAMAAKSHI NURSERY & PRIMARY SCHOOL,5,1,3,2,Primary,Co-education,33,603, ,Ayanavaram,7163,,TAMIL NADU,Chennai, ,Pvt. Unaided (Recognized),Urban
94351,8931370.913879395,1473087.5488891602,33,568,600082,33020401421,SRI BALA MURUGAN N & P SCHOOL,5,1,3,2,Primary,Co-education,33,603, ,Ayanavaram,7163,,TAMIL NADU,Chennai, ,Pvt. Unaided (Recognized),Urban
94452,8931283.862121582,1473277.0618896484,33,568,600082,33020400401,CMS KC GARDEN,3,2,3,2,Primary with Upper Primary,Co-education,33,603, ,Ayanavaram,7163,,TAMIL NADU,Chennai, ,Local Body,Urban
94464,8930989.979,1473295.6932983398,33,568,600082,33020401425,RAASHIDH N & P SCHOOL,5,1,3,2,Primary,Co-education,33,603, ,Ayanavaram,7163,,TAMIL NADU,Chennai, ,Pvt. Unaided (Recognized),Urban
94661,8931422.120910645,1473598.4822998047,33,568,600082,33020400504,CMS GOPALAPURAM,3,2,3,2,Primary with Upper Primary,Co-education,33,603, ,Ayanavaram,7163,,TAMIL NADU,Chennai, ,Local Body,Urban
94698,8931264.937683105,1473664.6643066406,33,568,600082,33020400722,ST MOSES MAT SCHOOL,5,6,3,2,Pr. Up Pr. and Secondary Only,Co-education,33,603, ,Ayanavaram,7163,,TAMIL NADU,Chennai, ,Pvt. Unaided (Recognized),Urban
96205,8931331.172912598,1477398.197692871,33,589,600060,33011003701,"J.G.CARODIA GOVT HSS, MADHAVARAM",1,5,3,1,Up. Pr. Secondary and Higher Sec,Co-education,33,603,05701,Mathavaram,5701,803337,TAMIL NADU,Chennai,Madavaram (M),Department of Education,Rural
97035,8931421.118896484,1479634.028930664,33,589,600060,33011000802,OLIVE TREE GLOBAL SCHOOL,5,2,3,2,Primary with Upper Primary,Co-education,33,603,05701,Mathavaram,5701,,TAMIL NADU,Chennai, ,Pvt. Unaided (Recognized),Urban
88999,8929079.290893555,1461478.8295288086,33,568,600034,33020901103,INFANT JESUS MAT SCHOOL,5,6,3,2,Pr. Up Pr. and Secondary Only,Co-education,33,603, ,Guindy,7169,,TAMIL NADU,Chennai, ,Pvt. Unaided (Recognized),Urban
89061,8929019.512329102,1461594.6840820312,33,568,600032,33020901112,LIONS CLUB OF GUINDY LABOUR COLONY HIGH SCHOOL,4,7,3,2,Upper Pr. and Secondary,Co-education,33,603, ,Guindy,7169,,TAMIL NADU,Chennai, ,Government Aided,Urban
89064,8929024.076293945,1461603.5958862305,33,568,600032,33020901111,"Lions club of Guindy Labour colony primary school,ch-32",4,1,3,2,Primary,Co-education,33,603, ,Guindy,7169,,TAMIL NADU,Chennai, ,Government Aided,Urban
89148,8928451.560302734,1461758.4122924805,33,568,600032,33020901109,CHRISTIAN MAT HSS,5,5,3,2,Up. Pr. Secondary and Higher Sec,Co-education,33,603, ,Guindy,7169,,TAMIL NADU,Chennai, ,Pvt. Unaided (Recognized),Urban
89357,8928388.776123047,1462118.32,33,568,600032,33020901101,CPS EKKATTUTHANGAL,3,1,3,2,Primary,Co-education,33,603, ,Guindy,7169,,TAMIL NADU,Chennai, ,Local Body,Urban
89396,8928498.76,1462172.5927124023,33,568,600032,33020901110,ECI MAT HSS,5,3,3,2,Pr. with Up.Pr. Sec. and H.Sec.,Co-education,33,603, ,Guindy,7169,,TAMIL NADU,Chennai, ,Pvt. Unaided (Recognized),Urban
89639,8929078.734313965,1462650.1931152344,33,568,600083,33020900306,DANIEL N&P SCHOOL,5,1,3,2,Primary,Co-education,33,603, ,Mambalam,7165,803351,TAMIL NADU,Chennai,Alandur (M),Pvt. Unaided (Recognized),Urban
89690,8929092.092529297,1462719.8912963867,33,568,600083,33020900510,MANIMEGALAI VID N&P SCHOOL,5,1,3,2,Primary,Co-education,33,603, ,Mambalam,7165,803351,TAMIL NADU,Chennai,Alandur (M),Pvt. Unaided (Recognized),Urban
89932,8929075.283325195,1463173.5059204102,33,568,600083,33020900311,CPS R.V NAGAR,3,3,3,2,Pr. with Up.Pr. Sec. and H.Sec.,Co-education,33,603, ,Mambalam,7165,803351,TAMIL NADU,Chennai,Alandur (M),Local Body,Urban
89950,8928472.710876465,1463211.4409179688,33,568,600083,33020900212,SRI CHAITANYA TECHNO SCHOOL,5,3,3,2,Pr. with Up.Pr. Sec. and H.Sec.,Co-education,33,603, ,Mambalam,7165,803351,TAMIL NADU,Chennai,Alandur (M),Pvt. Unaided (Recognized),Urban
90062,8928398.461,1463444.6499023438,33,568,600078,33020900206,ALL ANGELS MATRIC HSS,5,3,3,2,Pr. with Up.Pr. Sec. and H.Sec.,Co-education,33,603, ,Mambalam,7165,803351,TAMIL NADU,Chennai,Alandur (M),Pvt. Unaided (Recognized),Urban
90333,8928931.235900879,1463953.1231079102,33,568,600083,33020801218,KENDRIYA VIDYALAYA K.K. NAGAR ASHOK NAGAR (Code-1768),92,3,3,2,Pr. with Up.Pr. Sec. and H.Sec.,Co-education,33,603, ,Mambalam,7165,803351,TAMIL NADU,Chennai,Alandur (M),Kendriya Vidyalaya(KV),Urban
90371,8928775.388671875,1464012.3123168943,33,568,600083,33020801223,SHANGRI LA NURSERY,5,12,3,2,Pre-Primary Only,Co-education,33,603, ,Mambalam,7165,803351,TAMIL NADU,Chennai,Alandur (M),Pvt. Unaided (Recognized),Urban
90427,8928788.301696777,1464142.4603271484,33,568,600083,33020801220,VELANKANNI MATRIC HSS ASHOK NAGAR,5,3,3,2,Pr. with Up.Pr. Sec. and H.Sec.,Co-education,33,603, ,Mambalam,7165,803351,TAMIL NADU,Chennai,Alandur (M),Pvt. Unaided (Recognized),Urban
90442,8928857.319702148,1464183.7100830078,33,568,600083,33020801214,CHENNAI HIGH SCHOOL KANNIYAPPA NAGAR,3,7,3,2,Upper Pr. and Secondary,Co-education,33,603, ,Mambalam,7165,803351,TAMIL NADU,Chennai,Alandur (M),Local Body,Urban
90453,8928791.641296387,1464188.2807006836,33,568,600083,33020801406,DR. K.K. NIRMALA GIRLS HSS,4,5,2,2,Up. Pr. Secondary and Higher Sec,Girls,33,603, ,Mambalam,7165,803351,TAMIL NADU,Chennai,Alandur (M),Government Aided,Urban
90475,8928870.678100586,1464253.4122924805,33,568,600083,33020801402,CPS ASHOK NAGAR,3,1,3,2,Primary,Co-education,33,603, ,Mambalam,7165,803351,TAMIL NADU,Chennai,Alandur (M),Local Body,Urban
90570,8928682.548278809,1464449.9503173828,33,568,600078,33020900103,SRI KANAGAMBIGAI N&P SCHOOL,5,1,3,2,Primary,Co-education,33,603, ,Mambalam,7165,803351,TAMIL NADU,Chennai,Alandur (M),Pvt. Unaided (Recognized),Urban
90571,8928900.4,1464457.3776855469,33,568,600083,33020801405,STELLA MATRIC SCHOOL,5,6,3,2,Pr. Up Pr. and Secondary Only,Co-education,33,603, ,Mambalam,7165,803351,TAMIL NADU,Chennai,Alandur (M),Pvt. Unaided (Recognized),Urban
90622,8928815.240905762,1464601.5827026367,33,568,600078,33020801123,RESERVE BANK QUARTER'S N & P,5,1,3,2,Primary,Co-education,33,603, ,Mambalam,7165,803351,TAMIL NADU,Chennai,Alandur (M),Pvt. Unaided (Recognized),Urban
90623,8928546.293,1464601.9254760742,33,568,600078,33020900104,ST.ANTONY`S N&P SCHOOL,5,1,3,2,Primary,Co-education,33,603, ,Mambalam,7165,803351,TAMIL NADU,Chennai,Alandur (M),Pvt. Unaided (Recognized),Urban
90708,8928971.978881836,1464861.313293457,33,568,600078,33020801122,Kalaivani N&P school,5,1,3,2,Primary,Co-education,33,603, ,Mambalam,7165,803351,TAMIL NADU,Chennai,Alandur (M),Pvt. Unaided (Recognized),Urban
90784,8928353.042480469,1465039.5725097656,33,568,600026,33020801823,RAMALINGA MISSION MIDDLE SCH,4,2,3,2,Primary with Upper Primary,Co-education,33,603, ,Mambalam,7165,803351,TAMIL NADU,Chennai,Alandur (M),Government Aided,Urban
90791,8929077.287109375,1465065.168884277,33,568,600026,33020801108,SHAKESPEARE MATRIC SCHOOL,5,6,3,2,Pr. Up Pr. and Secondary Only,Co-education,33,603, ,Mambalam,7165,803351,TAMIL NADU,Chennai,Alandur (M),Pvt. Unaided (Recognized),Urban
90887,8928400.465,1465299.1931152344,33,568,600026,33020801813,KARTHIKEYAN MATRIC HR SEC SCHOOL,5,3,3,2,Pr. with Up.Pr. Sec. and H.Sec.,Co-education,33,603, ,Mambalam,7165,803351,TAMIL NADU,Chennai,Alandur (M),Pvt. Unaided (Recognized),Urban
90910,8929107.566101074,1465340.4447021484,33,568,600026,33020801107,MGR PRIMARY SCH,4,1,3,2,Primary,Co-education,33,603, ,Mambalam,7165,803351,TAMIL NADU,Chennai,Alandur (M),Government Aided,Urban
91078,8928600.171691895,1465748.0496826172,33,568,600026,33020802604,GURUJI SRI MURALIDHARA SWAMIGAL MATRICULATION SCHOOL,5,6,3,2,Pr. Up Pr. and Secondary Only,Co-education,33,603, ,Mambalam,7165,803351,TAMIL NADU,Chennai,Alandur (M),Pvt. Unaided (Recognized),Urban
91117,8928622.436,1465800.5006713867,33,568,600093,33020801824,SRI CHILD FRUIT MATRIC,5,6,3,2,Pr. Up Pr. and Secondary Only,Co-education,33,603, ,Mambalam,7165,803351,TAMIL NADU,Chennai,Alandur (M),Pvt. Unaided (Recognized),Urban
91126,8928746.223,1465821.5266723633,33,568,600026,33020801832,Sri Child fruit N&P school,5,1,3,2,Primary,Co-education,33,603, ,Mambalam,7165,803351,TAMIL NADU,Chennai,Alandur (M),Pvt. Unaided (Recognized),Urban
92093,8928505.216125488,1468144.0913085938,33,568,600106,33020501702,GOOD HOPE MAT HSS,5,3,3,2,Pr. with Up.Pr. Sec. and H.Sec.,Co-education,33,603, ,Aminjikarai,7161,,TAMIL NADU,Chennai, ,Pvt. Unaided (Recognized),Urban
92096,8928587.592712402,1468151.063,33,568,600106,33020500803,CMS ARUMBAKKAM,3,2,3,2,Primary with Upper Primary,Co-education,33,603, ,Aminjikarai,7161,,TAMIL NADU,Chennai, ,Local Body,Urban
92185,8928713.717712402,1468327.171081543,33,568,600106,33020501720,BHARATHI VIDHYA MANDHIR NURSERY AND PRIMARY SCHOOL,8,1,3,2,Primary,Co-education,33,603, ,Aminjikarai,7161,,TAMIL NADU,Chennai, ,Unrecognized,Urban
92191,8928713.383728027,1468334.713684082,33,568,600106,33020501707,AMBAL MATRICULATION SCHOOL,5,6,3,2,Pr. Up Pr. and Secondary Only,Co-education,33,603, ,Aminjikarai,7161,,TAMIL NADU,Chennai, ,Pvt. Unaided (Recognized),Urban
92193,8928838.729492188,1468336.1992797852,33,568,600106,33020501701,CMS MMDA I,3,2,3,2,Primary with Upper Primary,Co-education,33,603, ,Aminjikarai,7161,,TAMIL NADU,Chennai, ,Local Body,Urban
92370,8928926.337890625,1468865.5604858398,33,568,600040,33020500903,ANNA ADARSH MATRIC HR. SEC. SCHOOL,5,3,3,2,Pr. with Up.Pr. Sec. and H.Sec.,Co-education,33,603, ,Aminjikarai,7161,,TAMIL NADU,Chennai, ,Pvt. Unaided (Recognized),Urban
92384,8928922.998291016,1468883.846130371,33,568,600106,33020500901,CPS NSK NAGAR,3,1,3,2,Primary,Co-education,33,603, ,Aminjikarai,7161,,TAMIL NADU,Chennai, ,Local Body,Urban
92731,8928869.564880371,1469755.8513183594,33,568,600040,33020500716,CSI JESSIE MOSES MAT. HR. SEC.SCHOOL,5,3,3,2,Pr. with Up.Pr. Sec. and H.Sec.,Co-education,33,603, ,Aminjikarai,7161,,TAMIL NADU,Chennai, ,Pvt. Unaided (Recognized),Urban
92802,8928894.500488281,1469927.6270751953,33,568,600040,33020500706,GRACE MAT HSS,5,6,3,2,Pr. Up Pr. and Secondary Only,Co-education,33,603, ,Aminjikarai,7161,,TAMIL NADU,Chennai, ,Pvt. Unaided (Recognized),Urban
92933,8928666.406921387,1470197.921508789,33,568,600040,33020500720,CHINMAYA VIDYALAYA ANNA NAGAR,5,3,3,2,Pr. with Up.Pr. Sec. and H.Sec.,Co-education,33,603, ,Aminjikarai,7161,,TAMIL NADU,Chennai, ,Pvt. Unaided (Recognized),Urban
93602,8928851.419921875,1471530.3455200195,33,568,600049,33020401518,JOHN WILLIAMS MATRICULATION SCHOOL,5,6,3,2,Pr. Up Pr. and Secondary Only,Co-education,33,603, ,Aminjikarai,7161,,TAMIL NADU,Chennai, ,Pvt. Unaided (Recognized),Urban
93660,8928502.211,1471647.3842773438,33,568,600049,33020401536,SABARE N & P SCHOOL,5,1,3,2,Primary,Co-education,33,603, ,Aminjikarai,7161,,TAMIL NADU,Chennai, ,Pvt. Unaided (Recognized),Urban
93712,8928641.693908691,1471778.3676757812,33,568,600049,33020401501,CMS VILLIVAKKAM,3,2,3,2,Primary with Upper Primary,Co-education,33,603, ,Ayanavaram,7163,,TAMIL NADU,Chennai, ,Local Body,Urban
93723,8928760.471923828,1471803.9700927734,33,568,600049,33020401512,SKDT HSS,4,5,3,2,Up. Pr. Secondary and Higher Sec,Co-education,33,603, ,Ayanavaram,7163,,TAMIL NADU,Chennai, ,Government Aided,Urban
93793,8928732.641906738,1471936.554321289,33,568,600049,33020401504,SKDT PRI.SCHOOL,4,1,3,2,Primary,Co-education,33,603, ,Ayanavaram,7163,,TAMIL NADU,Chennai, ,Government Aided,Urban
93816,8929020.291503906,1471963.6427001953,33,568,600082,33020401531,SRI SABHARI VIDYA MANDIR N & P SCHOOL,5,1,3,2,Primary,Co-education,33,603, ,Ayanavaram,7163,,TAMIL NADU,Chennai, ,Pvt. Unaided (Recognized),Urban
93837,8928552.638305664,1472030.8494873047,33,568,600049,33020401522,OUR  LADY OF VELANGANNI MAT HSS,5,3,3,2,Pr. with Up.Pr. Sec. and H.Sec.,Co-education,33,603, ,Ayanavaram,7163,,TAMIL NADU,Chennai, ,Pvt. Unaided (Recognized),Urban
93860,8928422.061,1472101.1425170898,33,568,600049,33020401539,S. P . NURSERY&PRIMARY SCHOOL,5,1,3,2,Primary,Co-education,33,603, ,Ayanavaram,7163,,TAMIL NADU,Chennai, ,Pvt. Unaided (Recognized),Urban
93861,8928422.172,1472101.5996704102,33,568,600049,33020401508,SINGARAM PILLAI PRI SCH,4,1,3,2,Primary,Co-education,33,603, ,Ayanavaram,7163,,TAMIL NADU,Chennai, ,Government Aided,Urban
93874,8928580.802124023,1472123.6593017578,33,568,600049,33020401523,SINGARAM PILLAI MAT HSS,5,3,3,2,Pr. with Up.Pr. Sec. and H.Sec.,Co-education,33,603, ,Ayanavaram,7163,,TAMIL NADU,Chennai, ,Pvt. Unaided (Recognized),Urban
93965,8928785.296081543,1472321.3950805664,33,568,600049,33020401520,SINGARAM PILLAI GIRLS HSS,4,5,2,2,Up. Pr. Secondary and Higher Sec,Girls,33,603, ,Ayanavaram,7163,,TAMIL NADU,Chennai, ,Government Aided,Urban
94106,8928794.980895996,1472589.1978759766,33,568,600049,33020401525,BALAR VIDYALAYA N & P  SCHOOL,5,1,3,2,Primary,Co-education,33,603, ,Ayanavaram,7163,,TAMIL NADU,Chennai, ,Pvt. Unaided (Recognized),Urban
94161,8928427.960510254,1472697.439880371,33,568,600049,33020401503,"GAWPS RAJAMANGALAM, SIDCO NGR",2,1,3,2,Primary,Co-education,33,603, ,Ayanavaram,7163,,TAMIL NADU,Chennai, ,Tribal Welfare Department,Urban
94479,8928361.948120117,1473319.5825195312,33,568,600099,33020401409,DOON NURSERY & PRIMARY SCHOOL,5,1,3,2,Primary,Co-education,33,603, ,Ayanavaram,7163,,TAMIL NADU,Chennai, ,Pvt. Unaided (Recognized),Urban
94509,8928498.203,1473341.3001098633,33,568,600099,33020401401,CPS SRINIVASA NAGAR,3,1,3,2,Primary,Co-education,33,603, ,Ayanavaram,7163,,TAMIL NADU,Chennai, ,Local Body,Urban
94518,8928626.221,1473355.8165283203,33,568,600099,33020401412,DON BOSCO MAT HSS,5,3,3,2,Pr. with Up.Pr. Sec. and H.Sec.,Co-education,33,603, ,Ayanavaram,7163,,TAMIL NADU,Chennai, ,Pvt. Unaided (Recognized),Urban
94857,8928446.551,1474027.1248779297,33,568,600099,33020401433,THE TEMPLE-SCHOOL OF ENLIGHTENMENT,5,2,3,2,Primary with Upper Primary,Co-education,33,603, ,Ayanavaram,7163,,TAMIL NADU,Chennai, ,Pvt. Unaided (Recognized),Urban
95068,8928478.054321289,1474535.7891235352,33,589,600099,33011004309,"PADMA SEENIVASAN MEM VMS, MADHAVARAM",5,6,3,1,Pr. Up Pr. and Secondary Only,Co-education,33,603,05701,Mathavaram,5701,803337,TAMIL NADU,Chennai,Madavaram (M),Pvt. Unaided (Recognized),Rural
95299,8928772.716918945,1474982.735290527,33,589,600099,33011004206,"SRI SAKTHI NUR&PRI, NEW LAKSHMIPURAM",5,1,3,1,Primary,Co-education,33,603,05701,Mathavaram,5701,803337,TAMIL NADU,Chennai,Madavaram (M),Pvt. Unaided (Recognized),Rural
95314,8928802.773,1475038.7470703125,33,589,600099,33011004301,"MUN PS, LAKSHMIPURAM",3,1,3,1,Primary,Co-education,33,603,05701,Mathavaram,5701,803337,TAMIL NADU,Chennai,Madavaram (M),Local Body,Rural
95315,8928724.849487305,1475042.176513672,33,589,600099,33011004302,"MUN HSS, LAKSHMIPURAM",3,5,3,1,Up. Pr. Secondary and Higher Sec,Co-education,33,603,05701,Mathavaram,5701,803337,TAMIL NADU,Chennai,Madavaram (M),Local Body,Rural
95437,8928466.588317871,1475293.6586914062,33,589,600099,33011004306,"KINGS MATRIC SCHOOL, LAKSHMIPURAM",5,3,3,1,Pr. with Up.Pr. Sec. and H.Sec.,Co-education,33,603,05701,Mathavaram,5701,803337,TAMIL NADU,Chennai,Madavaram (M),Pvt. Unaided (Recognized),Rural
95566,8928412.041687012,1475597.726928711,33,589,600099,33011000901,"Panchyath union primary school, PUTHAGARAM",1,1,3,1,Primary,Co-education,33,603,05701,Mathavaram,5701,803337,TAMIL NADU,Chennai,Madavaram (M),Department of Education,Rural
95805,8928548.297,1476239.0241088867,33,589,600066,33011000606,ST.CHARLES MATRIC,5,6,3,1,Pr. Up Pr. and Secondary Only,Co-education,33,603,05701,Mathavaram,5701,803337,TAMIL NADU,Chennai,Madavaram (M),Pvt. Unaided (Recognized),Rural
96352,8928413.711486816,1477828.0413208008,33,589,600066,33011004504,ST. PAUL'S MATRIC HR.SEC SCHOOL,5,3,3,1,Pr. with Up.Pr. Sec. and H.Sec.,Co-education,33,603,05701,Mathavaram,5701,629187,TAMIL NADU,Chennai,Villakkupattu,Pvt. Unaided (Recognized),Rural
96485,8928620.431884766,1478148.1420898438,33,589,600066,33011004507,"ST JOHNS N&P, PUZHAL",5,1,3,1,Primary,Co-education,33,603,05701,Mathavaram,5701,629187,TAMIL NADU,Chennai,Villakkupattu,Pvt. Unaided (Recognized),Rural
96489,8928336.233276367,1478156.1447143557,33,589,600066,33011004505,ST ANTONY NUR&PRI,5,1,3,1,Primary,Co-education,33,603,05701,Mathavaram,5701,629187,TAMIL NADU,Chennai,Villakkupattu,Pvt. Unaided (Recognized),Rural
96603,8928836.837097168,1478459.1005249023,33,589,600066,33011004602,"JAIN VIDYAASHRAM, PUZHAL",5,3,3,1,Pr. with Up.Pr. Sec. and H.Sec.,Co-education,33,603,05701,Mathavaram,5701,629187,TAMIL NADU,Chennai,Villakkupattu,Pvt. Unaided (Recognized),Rural
89535,8925774.103881836,1462422.8176879885,33,574,600089,33030507803,DR.MGR HOME AND HIGHER SECONDARY SCHOOL FOR THE SPEECH AND HEARING IMPAIRED MANAPAKKAM,4,3,3,2,Pr. with Up.Pr. Sec. and H.Sec.,Co-education,33,603, ,Maduravoyal,5981,629176,TAMIL NADU,Chennai,Ramapuram (CT),Government Aided,Urban
89713,8925838.223876953,1462789.7041015625,33,589,600089,33010911504,"SIVANTHI MAT HSS,RAMAPURAM",5,3,3,2,Pr. with Up.Pr. Sec. and H.Sec.,Co-education,33,603, ,Maduravoyal,5981,629176,TAMIL NADU,Chennai,Ramapuram (CT),Pvt. Unaided (Recognized),Urban
90128,8925804.494,1463541.5446777344,33,589,600089,33010911505,"PRS MATRICULATION SCHOOL , RAMAPURAM",5,6,3,2,Pr. Up Pr. and Secondary Only,Co-education,33,603, ,Maduravoyal,5981,629176,TAMIL NADU,Chennai,Ramapuram (CT),Pvt. Unaided (Recognized),Urban
90368,8925706.310302734,1463998.6005249023,33,589,600087,33010911403,"OUR ANGEL MAT HSS,VALASARAVAKKAM",5,3,3,2,Pr. with Up.Pr. Sec. and H.Sec.,Co-education,33,603, ,Maduravoyal,5981,629176,TAMIL NADU,Chennai,Ramapuram (CT),Pvt. Unaided (Recognized),Urban
90577,8925798.928100586,1464472.8037109375,33,589,600087,33010911420,"KINDER LOUNGE N&P SCHOOL, VALASARAVAKKAM",5,1,3,2,Primary,Co-education,33,603, ,Maduravoyal,5981,803330,TAMIL NADU,Chennai,Valasaravakkam (M),Pvt. Unaided (Recognized),Urban
90594,8925958.337524414,1464516.2250976562,33,589,600089,33010911421,"ACHARIYA BALA SIKSHA MANDIR, JANAKI NAGAR",5,1,3,2,Primary,Co-education,33,603, ,Maduravoyal,5981,803330,TAMIL NADU,Chennai,Valasaravakkam (M),Pvt. Unaided (Recognized),Urban
90652,8925792.026306152,1464684.1981201172,33,589,600087,33010911402,"LAMECH HSS,VALASARAVAKKAM",4,3,3,2,Pr. with Up.Pr. Sec. and H.Sec.,Co-education,33,603, ,Maduravoyal,5981,803330,TAMIL NADU,Chennai,Valasaravakkam (M),Government Aided,Urban
90790,8925939.747314453,1465064.7119140625,33,589,600087,33010911109,"ACHARIYA BALA SIKSHA MANDIR, RK NAGAR",5,1,3,2,Primary,Co-education,33,603, ,Maduravoyal,5981,803330,TAMIL NADU,Chennai,Valasaravakkam (M),Pvt. Unaided (Recognized),Urban
91189,8925917.371887207,1465976.594482422,33,589,600087,33010901103,JAYA NURSERY AND PRIMARY SCHOOL ALWARTHIRU NAGAR,5,1,3,2,Primary,Co-education,33,603, ,Maduravoyal,5981,629173,TAMIL NADU,Chennai,Nerkunram (CT),Pvt. Unaided (Recognized),Urban
91343,8925884.198913574,1466266.8491210938,33,589,600107,33010901011,"SRI SASTHA MS, NERKUNDRAM",5,3,3,2,Pr. with Up.Pr. Sec. and H.Sec.,Co-education,33,603, ,Maduravoyal,5981,629173,TAMIL NADU,Chennai,Nerkunram (CT),Pvt. Unaided (Recognized),Urban
91349,8925750.17,1466279.4193115234,33,589,600107,33010901015,"MR MAT HSS, NERKUNDRAM",5,3,3,2,Pr. with Up.Pr. Sec. and H.Sec.,Co-education,33,603, ,Maduravoyal,5981,629173,TAMIL NADU,Chennai,Nerkunram (CT),Pvt. Unaided (Recognized),Urban
91599,8925800.931884766,1466864.508728027,33,589,600107,33010901018,"RAMACHANDRA MS, SAKTHI NAGAR",5,1,3,1,Primary,Co-education,33,603, ,Maduravoyal,5981,629173,TAMIL NADU,Chennai,Nerkunram (CT),Pvt. Unaided (Recognized),Rural
91780,8925881.972473145,1467311.3333129885,33,589,600107,33010910004,"GRD VIDHYALAYA NURSERY AND PRIMARY SCHOOL, NERKUNDRAM",5,3,3,2,Pr. with Up.Pr. Sec. and H.Sec.,Co-education,33,603, ,Maduravoyal,5981,629173,TAMIL NADU,Chennai,Nerkunram (CT),Pvt. Unaided (Recognized),Urban
91903,8925842.231323242,1467661.026916504,33,589,600107,33010901010,"GOVT H.S, NERKUNDRAM",1,7,3,2,Upper Pr. and Secondary,Co-education,33,603, ,Maduravoyal,5981,629173,TAMIL NADU,Chennai,Nerkunram (CT),Department of Education,Urban
91908,8925839.225708008,1467672.4548950195,33,589,600107,33010901001,"PUPS, NERKUNDRAM",1,1,3,2,Primary,Co-education,33,603, ,Maduravoyal,5981,629173,TAMIL NADU,Chennai,Nerkunram (CT),Department of Education,Urban
92103,8925707.534729004,1468170.7188720703,33,589,600037,33010910124,SCOPE GLOBAL SCHOOL,5,3,3,2,Pr. with Up.Pr. Sec. and H.Sec.,Co-education,33,603,05700,Ambattur,5700,803328,TAMIL NADU,Chennai,Ambattur (M),Pvt. Unaided (Recognized),Urban
92355,8925892.881713867,1468800.4185180664,33,589,600037,33010910122,NARAYANA OLYMPIAD SCHOOL,5,3,3,2,Pr. with Up.Pr. Sec. and H.Sec.,Co-education,33,603,05700,Ambattur,5700,803328,TAMIL NADU,Chennai,Ambattur (M),Pvt. Unaided (Recognized),Urban
92367,8925826.312683105,1468847.2750854492,33,589,600037,33010910116,VASANTHAM SPL SCH,5,2,3,2,Primary with Upper Primary,Co-education,33,603,05700,Ambattur,5700,803328,TAMIL NADU,Chennai,Ambattur (M),Pvt. Unaided (Recognized),Urban
92434,8925825.199523926,1469023.2736816406,33,589,600037,33010907502,SHAMROCK MAT HSS MUGAPAIR,5,3,3,2,Pr. with Up.Pr. Sec. and H.Sec.,Co-education,33,603,05700,Ambattur,5700,803328,TAMIL NADU,Chennai,Ambattur (M),Pvt. Unaided (Recognized),Urban
92504,8925797.147094727,1469201.5590820312,33,589,600037,33010910201,"MGR ADARSH MAT, MUGAPAIR",5,3,3,2,Pr. with Up.Pr. Sec. and H.Sec.,Co-education,33,603,05700,Ambattur,5700,803328,TAMIL NADU,Chennai,Ambattur (M),Pvt. Unaided (Recognized),Urban
92561,8925810.060119629,1469335.2741088867,33,589,600037,33010910203,"DAV MAT SCHOOL, GOLDEN FLATS",5,3,3,2,Pr. with Up.Pr. Sec. and H.Sec.,Co-education,33,603,05700,Ambattur,5700,803328,TAMIL NADU,Chennai,Ambattur (M),Pvt. Unaided (Recognized),Urban
92671,8925892.547729492,1469606.1342773438,33,589,600037,33010903303,"VELAMMAL MAT HR SEC, MOGA-EAST",5,3,3,2,Pr. with Up.Pr. Sec. and H.Sec.,Co-education,33,603,05700,Ambattur,5700,803328,TAMIL NADU,Chennai,Ambattur (M),Pvt. Unaided (Recognized),Urban
92776,8925835.774902344,1469862.1395263672,33,589,600050,33010909102,"DAV B SS, MUGAPPAIR",5,3,1,2,Pr. with Up.Pr. Sec. and H.Sec.,Boys,33,603,05700,Ambattur,5700,803328,TAMIL NADU,Chennai,Ambattur (M),Pvt. Unaided (Recognized),Urban
93066,8925814.067504883,1470496.448486328,33,589,600050,33010909202,"CHRIST MAT, PADI",5,3,3,2,Pr. with Up.Pr. Sec. and H.Sec.,Co-education,33,603,05700,Ambattur,5700,803328,TAMIL NADU,Chennai,Ambattur (M),Pvt. Unaided (Recognized),Urban
93233,8925794.475280762,1470854.1821289062,33,589,600050,33010909401,"SRI BHUVANESWARI MAT, PADI",5,6,3,2,Pr. Up Pr. and Secondary Only,Co-education,33,603,05700,Ambattur,5700,803328,TAMIL NADU,Chennai,Ambattur (M),Pvt. Unaided (Recognized),Urban
93244,8925790.913085938,1470882.755493164,33,589,600050,33010909502,"BRITTANIA HS, PADI",4,7,3,2,Upper Pr. and Secondary,Co-education,33,603,05700,Ambattur,5700,803328,TAMIL NADU,Chennai,Ambattur (M),Government Aided,Urban
93246,8925769.762329102,1470883.8983154297,33,589,600050,33010909501,BRITANNIA PRIMARY SCHOOL,4,1,3,2,Primary,Co-education,33,603,05700,Ambattur,5700,803328,TAMIL NADU,Chennai,Ambattur (M),Government Aided,Urban
93568,8925795.031921387,1471457.653930664,33,589,600080,33010908102,MUN.HSS KORATTUR,3,5,3,2,Up. Pr. Secondary and Higher Sec,Co-education,33,603,05700,Ambattur,5700,803328,TAMIL NADU,Chennai,Ambattur (M),Local Body,Urban
93581,8925796.590270996,1471478.226928711,33,589,600080,33010908101,MUN.PRI.SCH.KORATTUR,3,1,3,2,Primary,Co-education,33,603,05700,Ambattur,5700,803328,TAMIL NADU,Chennai,Ambattur (M),Local Body,Urban
93722,8925944.867919922,1471802.8270874023,33,589,600080,33010907901,NALLI KUPPUSWAMY V V KORATTUR,5,3,3,2,Pr. with Up.Pr. Sec. and H.Sec.,Co-education,33,603,05700,Ambattur,5700,803328,TAMIL NADU,Chennai,Ambattur (M),Pvt. Unaided (Recognized),Urban
93908,8925932.066,1472192.580871582,33,589,600080,33010911703,"BHAKTAVATSALAM VID,KORATTUR",5,3,3,2,Pr. with Up.Pr. Sec. and H.Sec.,Co-education,33,603,05700,Ambattur,5700,803328,TAMIL NADU,Chennai,Ambattur (M),Pvt. Unaided (Recognized),Urban
93915,8925971.807312012,1472214.2974853516,33,589,600080,33010911711,BHAKTAATSALAM SCHOOL,5,11,3,1,Higher Secondary only/Jr. College,Co-education,33,603,05700,Ambattur,5700,803328,TAMIL NADU,Chennai,Ambattur (M),Pvt. Unaided (Recognized),Rural
94102,8925731.58,1472586.9119262695,33,589,600080,33010911701,"SINTHEA MODEL MAT SCHOOL,KORATTUR",5,6,3,2,Pr. Up Pr. and Secondary Only,Co-education,33,603,05700,Ambattur,5700,803328,TAMIL NADU,Chennai,Ambattur (M),Pvt. Unaided (Recognized),Urban
94210,8925958.115,1472772.078,33,589,600076,33010911710,SRI VENKATESA NURSERY & PRIMARY SCHOOL,5,1,3,1,Primary,Co-education,33,603,05700,Ambattur,5700,803328,TAMIL NADU,Chennai,Ambattur (M),Pvt. Unaided (Recognized),Rural
94971,8925967.020507812,1474327.7501220703,33,589,600053,33010906507,GODSON UDAYA MATRICULATION SCHOOL,5,3,3,2,Pr. with Up.Pr. Sec. and H.Sec.,Co-education,33,603,05700,Ambattur,5700,803328,TAMIL NADU,Chennai,Ambattur (M),Pvt. Unaided (Recognized),Urban
95286,8925956.334,1474963.3029174805,33,589,600099,33011001109,ICI NUR AND PRI,5,2,3,1,Primary with Upper Primary,Co-education,33,603,05700,Ambattur,5700,803328,TAMIL NADU,Chennai,Ambattur (M),Pvt. Unaided (Recognized),Rural
88433,8930216.308105469,1460540.814086914,33,568,600032,33020901301,A.C MIDDLE SCHOOL GUINDY,4,2,3,2,Primary with Upper Primary,Co-education,33,603, ,Guindy,7169,,TAMIL NADU,Chennai, ,Government Aided,Urban
88513,8930181.465,1460708.3065185547,33,568,600042,33020901211,ARSHA VIDYA MANDIR,5,3,3,2,Pr. with Up.Pr. Sec. and H.Sec.,Co-education,33,603, ,Guindy,7169,,TAMIL NADU,Chennai, ,Pvt. Unaided (Recognized),Urban
88582,8930243.915283203,1460766.460510254,33,568,600032,33020901106,THE ASHRAM MAT HSS,5,3,3,2,Pr. with Up.Pr. Sec. and H.Sec.,Co-education,33,603, ,Guindy,7169,,TAMIL NADU,Chennai, ,Pvt. Unaided (Recognized),Urban
89280,8930322.840881348,1461989.095703125,33,568,600015,33020900702,CMS THIDEER NAGAR,3,2,3,2,Primary with Upper Primary,Co-education,33,603, ,Mambalam,7165,803351,TAMIL NADU,Chennai,Alandur (M),Local Body,Urban
89288,8930106.324523926,1462016.7459106443,33,568,600015,33020900608,CSI M SCHOOL,4,2,3,2,Primary with Upper Primary,Co-education,33,603, ,Mambalam,7165,803351,TAMIL NADU,Chennai,Alandur (M),Government Aided,Urban
89323,8930107.214904785,1462017.7741088867,33,568,600033,33020900506,V.SUNDARI N & P SCHOOL,5,1,3,2,Primary,Co-education,33,603, ,Mambalam,7165,803351,TAMIL NADU,Chennai,Alandur (M),Pvt. Unaided (Recognized),Urban
89324,8930274.528076172,1462020.7448730469,33,568,600015,33020900612,FATHIMA CENTRAL SENIOR SEC. SCHOOL,5,3,3,2,Pr. with Up.Pr. Sec. and H.Sec.,Co-education,33,603, ,Mambalam,7165,803351,TAMIL NADU,Chennai,Alandur (M),Pvt. Unaided (Recognized),Urban
89424,8929892.368286133,1462231.0925292969,33,568,600015,33020900310,"ALNOOR N.S.K.S NURSERY AND PRIMARY SCHOOL, SAIDAPET, CH-15.",5,1,3,2,Primary,Co-education,33,603, ,Mambalam,7165,803351,TAMIL NADU,Chennai,Alandur (M),Pvt. Unaided (Recognized),Urban
89425,8930021.833129883,1462233.8347167969,33,568,600015,33020900508,JAI GANESH N&P SCHOOL,5,1,3,2,Primary,Co-education,33,603, ,Mambalam,7165,803351,TAMIL NADU,Chennai,Alandur (M),Pvt. Unaided (Recognized),Urban
89455,8930131.483,1462263.4274902344,33,568,600015,33020900601,"GANAPATHY NATIONAL MIDDLE SCHOOL, SAIDAPET, CH-15.",4,2,3,2,Primary with Upper Primary,Co-education,33,603, ,Mambalam,7165,803351,TAMIL NADU,Chennai,Alandur (M),Government Aided,Urban
89533,8930245.919128418,1462406.4786987305,33,568,600015,33020900615,NANDHINI VIDHYALAYA,5,1,3,2,Primary,Co-education,33,603, ,Mambalam,7165,803351,TAMIL NADU,Chennai,Alandur (M),Pvt. Unaided (Recognized),Urban
89546,8930621.733703613,1462444.6411132812,33,568,600015,33020900704,GEETHA MAT HSS,5,3,3,2,Pr. with Up.Pr. Sec. and H.Sec.,Co-education,33,603, ,Mambalam,7165,803351,TAMIL NADU,Chennai,Alandur (M),Pvt. Unaided (Recognized),Urban
89602,8930380.059082031,1462580.2662963867,33,568,600015,33020900413,ST.JOSEPH N&P SCHOOL,5,1,3,2,Primary,Co-education,33,603, ,Mambalam,7165,803351,TAMIL NADU,Chennai,Alandur (M),Pvt. Unaided (Recognized),Urban
89634,8930000.459716797,1462629.6262817385,33,568,600015,33020900502,CHSS BOYS SAIDAPET,3,5,1,2,Up. Pr. Secondary and Higher Sec,Boys,33,603, ,Mambalam,7165,803351,TAMIL NADU,Chennai,Alandur (M),Local Body,Urban
89806,8930222.653320312,1462967.7216796875,33,568,600033,33020900501,C.ANNAPOORANI AMMAL M S,4,2,3,2,Primary with Upper Primary,Co-education,33,603, ,Mambalam,7165,803351,TAMIL NADU,Chennai,Alandur (M),Government Aided,Urban
89827,8930574.979492188,1463018.7963256836,33,568,600033,33020900406,OXFORD MAT HSS,5,3,3,2,Pr. with Up.Pr. Sec. and H.Sec.,Co-education,33,603, ,Mambalam,7165,803351,TAMIL NADU,Chennai,Alandur (M),Pvt. Unaided (Recognized),Urban
89869,8930491.49,1463052.5032958984,33,568,600033,33020900503,CMS CART MAN STREET,3,2,3,2,Primary with Upper Primary,Co-education,33,603, ,Mambalam,7165,803351,TAMIL NADU,Chennai,Alandur (M),Local Body,Urban
89996,8930498.503112793,1463306.0496826172,33,568,600033,33020900415,ECI N&P SCHOOL,5,1,3,2,Primary,Co-education,33,603, ,Mambalam,7165,803351,TAMIL NADU,Chennai,Alandur (M),Pvt. Unaided (Recognized),Urban
90135,8930295.790100098,1463568.7393188477,33,568,600033,33020900411,PERINBA CHRIST N&P SCHOOL,5,1,3,2,Primary,Co-education,33,603, ,Mambalam,7165,803351,TAMIL NADU,Chennai,Alandur (M),Pvt. Unaided (Recognized),Urban
90274,8930130.592,1463833.7169189453,33,568,600033,33020801412,SRI SITARAM VIDYALAYA MHSS,5,3,3,2,Pr. with Up.Pr. Sec. and H.Sec.,Co-education,33,603, ,Mambalam,7165,803351,TAMIL NADU,Chennai,Alandur (M),Pvt. Unaided (Recognized),Urban
90280,8930562.067,1463839.2014770508,33,568,600033,33020801411,CPS ESWARAN KOIL STREET,3,1,3,2,Primary,Co-education,33,603, ,Mambalam,7165,803351,TAMIL NADU,Chennai,Alandur (M),Local Body,Urban
90386,8930421.692504883,1464051.7337036133,33,568,600033,33020801301,SRI VENKATANIVASAM PRY SCH,4,1,3,2,Primary,Co-education,33,603, ,Mambalam,7165,803351,TAMIL NADU,Chennai,Alandur (M),Government Aided,Urban
90580,8930572.530517578,1464481.487915039,33,568,600033,33020801407,SRM NIGHTINGALE MATRIC HSS,5,3,3,2,Pr. with Up.Pr. Sec. and H.Sec.,Co-education,33,603,05925,Chennai,0,,TAMIL NADU,Chennai, ,Pvt. Unaided (Recognized),Urban
90584,8930320.614501953,1464492.0004882812,33,568,600033,33020801408,Cambridge N&P school,5,1,3,2,Primary,Co-education,33,603,05925,Chennai,0,,TAMIL NADU,Chennai, ,Pvt. Unaided (Recognized),Urban
90592,8930343.323730469,1464508.4548950195,33,568,600033,33020801410,ANJUHAM HSS,4,5,3,2,Up. Pr. Secondary and Higher Sec,Co-education,33,603,05925,Chennai,0,,TAMIL NADU,Chennai, ,Government Aided,Urban
90826,8930392.081481934,1465179.0955200195,33,568,600024,33020801209,CPS RANGARAJAPURAM,3,1,3,2,Primary,Co-education,33,603,05925,Chennai,0,,TAMIL NADU,Chennai, ,Local Body,Urban
90827,8930381.394897461,1465179.6668701172,33,568,600024,33020801009,CHS RANGARAJAPURAM,3,7,3,2,Upper Pr. and Secondary,Co-education,33,603,05925,Chennai,0,,TAMIL NADU,Chennai, ,Local Body,Urban
91037,8930188.812316895,1465625.2077026367,33,568,600078,33020801001,CMS KAMARAJAR COLONY,3,2,3,2,Primary with Upper Primary,Co-education,33,603,05925,Chennai,0,,TAMIL NADU,Chennai, ,Local Body,Urban
91038,8930258.498291016,1465633.778076172,33,568,600005,33020801303,Sakthi vidyashram N&P school,5,1,3,2,Primary,Co-education,33,603,05925,Chennai,0,,TAMIL NADU,Chennai, ,Pvt. Unaided (Recognized),Urban
91084,8930403.102294922,1465762.5623168943,33,568,600024,33020801206,PCKG GOVT HSS KODAMBAKKAM,1,5,3,2,Up. Pr. Secondary and Higher Sec,Co-education,33,603,05925,Chennai,0,,TAMIL NADU,Chennai, ,Department of Education,Urban
91090,8930609.043273926,1465771.5899047852,33,568,600024,33020801205,CHATRAPATHI SHIVAJI DAV SEC SH,5,6,3,2,Pr. Up Pr. and Secondary Only,Co-education,33,603,05925,Chennai,0,,TAMIL NADU,Chennai, ,Pvt. Unaided (Recognized),Urban
91114,8929949.697875977,1465793.8729248047,33,568,600008,33020800808,Metro English medium school,5,6,3,2,Pr. Up Pr. and Secondary Only,Co-education,33,603,05925,Chennai,0,,TAMIL NADU,Chennai, ,Pvt. Unaided (Recognized),Urban
91128,8929973.408874512,1465824.0407104492,33,568,600024,33020800809,Annai thersa N&P school,5,1,3,2,Primary,Co-education,33,603,05925,Chennai,0,,TAMIL NADU,Chennai, ,Pvt. Unaided (Recognized),Urban
91150,8930364.363098145,1465861.2935180664,33,568,600024,33020800804,CMS TRUSTPURAM,3,2,3,2,Primary with Upper Primary,Co-education,33,603,05925,Chennai,0,,TAMIL NADU,Chennai, ,Local Body,Urban
91223,8930236.568,1466038.1876831057,33,568,600024,33020801225,Aditi N&P school,5,1,3,2,Primary,Co-education,33,603,05925,Chennai,0,,TAMIL NADU,Chennai, ,Pvt. Unaided (Recognized),Urban
91364,8930280.873291016,1466302.9597167969,33,568,600024,33020801211,DURGA MATRIC HR SEC SCHOOL,5,3,3,2,Pr. with Up.Pr. Sec. and H.Sec.,Co-education,33,603,05925,Chennai,0,,TAMIL NADU,Chennai, ,Pvt. Unaided (Recognized),Urban
91544,8930385.402526855,1466737.3192749023,33,568,600094,33020501622,RADHA VIDHYALAYA N&P SCHOOL,5,1,3,2,Primary,Co-education,33,603,05925,Chennai,0,,TAMIL NADU,Chennai, ,Pvt. Unaided (Recognized),Urban
91563,8930057.121276855,1466800.0568847656,33,568,600094,33020501805,ALLWYN MATRIC HIGH SCHOOL,5,6,3,2,Pr. Up Pr. and Secondary Only,Co-education,33,603,05925,Chennai,0,,TAMIL NADU,Chennai, ,Pvt. Unaided (Recognized),Urban
91598,8930082.502075195,1466861.1947021484,33,568,600106,33020501628,STEPPING STONE SCHOOL FOR HANDICAPPED CHILDREN,5,1,3,2,Primary,Co-education,33,603,05925,Chennai,0,,TAMIL NADU,Chennai, ,Pvt. Unaided (Recognized),Urban
91733,8930597.911315918,1467209.6256713867,33,568,600094,33020501815,RANGA N&P SCHOOL,5,1,3,2,Primary,Co-education,33,603,05925,Chennai,0,,TAMIL NADU,Chennai, ,Pvt. Unaided (Recognized),Urban
91739,8930322.618286133,1467220.596496582,33,568,600094,33020501816,KENDRIYA VIDYALAYA GILL NAGAR CHENNAI (Code-1774),92,3,3,2,Pr. with Up.Pr. Sec. and H.Sec.,Co-education,33,603,05925,Chennai,0,,TAMIL NADU,Chennai, ,Kendriya Vidyalaya(KV),Urban
91792,8929982.759887695,1467346.1881103516,33,568,600094,33020501619,VICTORIA  NURSERY & PRIMARY SCHOOL,5,1,3,2,Primary,Co-education,33,603,05925,Chennai,0,,TAMIL NADU,Chennai, ,Pvt. Unaided (Recognized),Urban
91848,8930330.967,1467517.1491088867,33,568,600012,33020300708,INDIRA VIVEKANANDA VIDHYALAYA,5,2,3,2,Primary with Upper Primary,Co-education,33,603,05925,Chennai,0,,TAMIL NADU,Chennai, ,Pvt. Unaided (Recognized),Urban
91871,8930380.949707031,1467577.145690918,33,568,600029,33020501617,ST. VINCENT'S MATRICULATION HR. SEC. SCHOOL,5,3,3,2,Pr. with Up.Pr. Sec. and H.Sec.,Co-education,33,603, ,Aminjikarai,7161,,TAMIL NADU,Chennai, ,Pvt. Unaided (Recognized),Urban
91873,8929909.289123535,1467586.9736938477,33,568,600029,33020502304,MAHALASHMI VIDHYA MANDHIR,5,6,3,2,Pr. Up Pr. and Secondary Only,Co-education,33,603, ,Aminjikarai,7161,,TAMIL NADU,Chennai, ,Pvt. Unaided (Recognized),Urban
91896,8930403.881530762,1467638.1708984375,33,568,600094,33020501616,DAV MAT HSS GILL NAGAR,5,3,3,2,Pr. with Up.Pr. Sec. and H.Sec.,Co-education,33,603, ,Aminjikarai,7161,,TAMIL NADU,Chennai, ,Pvt. Unaided (Recognized),Urban
92042,8930003.910522461,1467974.155090332,33,568,600029,33020502305,MAHARISHI VIDYA MANDIR BALABHAVAN N & P SCHOOL,5,12,3,2,Pre-Primary Only,Co-education,33,603, ,Aminjikarai,7161,,TAMIL NADU,Chennai, ,Pvt. Unaided (Recognized),Urban
92107,8930532.121520996,1468185.2327270508,33,568,600092,33020500833,CHINMAYA VIDYALAYA HR.SEC SCHOOL,5,11,3,2,Higher Secondary only/Jr. College,Co-education,33,603, ,Aminjikarai,7161,,TAMIL NADU,Chennai, ,Pvt. Unaided (Recognized),Urban
92248,8930469.671325684,1468471.9671020508,33,568,600030,33020501005,GEM NUR & PRI SCHOOL,5,1,3,2,Primary,Co-education,33,603, ,Aminjikarai,7161,,TAMIL NADU,Chennai, ,Pvt. Unaided (Recognized),Urban
92354,8930405.773925781,1468794.7041015625,33,568,600030,33020501103,CPS TAMILAR NAGAR,3,1,3,2,Primary,Co-education,33,603, ,Aminjikarai,7161,,TAMIL NADU,Chennai, ,Local Body,Urban
92360,8930297.460083008,1468813.6752929688,33,568,600040,33020500904,FAITH INTERNATIONAL ACADEMY,8,2,3,2,Primary with Upper Primary,Co-education,33,603, ,Aminjikarai,7161,,TAMIL NADU,Chennai, ,Unrecognized,Urban
92400,8930425.254882812,1468914.0172729492,33,568,600040,33020501001,CPS NADUVAKKARAI,3,1,3,2,Primary,Co-education,33,603, ,Aminjikarai,7161,,TAMIL NADU,Chennai, ,Local Body,Urban
92616,8930410.449279785,1469487.6182861328,33,568,600102,33020501106,VALLIAMMAL MAT HSS,5,3,3,2,Pr. with Up.Pr. Sec. and H.Sec.,Co-education,33,603, ,Aminjikarai,7161,,TAMIL NADU,Chennai, ,Pvt. Unaided (Recognized),Urban
92632,8930390.078,1469525.7901000977,33,568,600102,33020501104,C.M.S GUJJI STREET,3,2,3,2,Primary with Upper Primary,Co-education,33,603, ,Aminjikarai,7161,,TAMIL NADU,Chennai, ,Local Body,Urban
92981,8929891.255310059,1470300.439880371,33,568,600102,33020500905,CHILDREN'S WORLD INTERNATIONAL MONTESSORI SCHOOL,5,12,3,2,Pre-Primary Only,Co-education,33,603, ,Ayanavaram,7163,,TAMIL NADU,Chennai, ,Pvt. Unaided (Recognized),Urban
93173,8930325.735290527,1470758.9766845703,33,568,600023,33020400902,cps tagur nagar,3,1,3,2,Primary,Co-education,33,603, ,Ayanavaram,7163,,TAMIL NADU,Chennai, ,Local Body,Urban
93253,8930427.926513672,1470899.4420776367,33,568,600023,33020401020,DON BOSCO MATRIC . HR. SEC.  SCHOOL,5,3,3,2,Pr. with Up.Pr. Sec. and H.Sec.,Co-education,33,603, ,Ayanavaram,7163,,TAMIL NADU,Chennai, ,Pvt. Unaided (Recognized),Urban
93433,8929959.383,1471222.2069091797,33,568,600038,33020400909,ICF SILVER JUBLIEE N & P SCHOOL,5,1,3,2,Primary,Co-education,33,603, ,Ayanavaram,7163,,TAMIL NADU,Chennai, ,Pvt. Unaided (Recognized),Urban
93439,8929929.326,1471230.2075195312,33,568,600038,33020400911,ICF SILVER JUBILEE MAT HSS,5,5,3,2,Up. Pr. Secondary and Higher Sec,Co-education,33,603, ,Ayanavaram,7163,,TAMIL NADU,Chennai, ,Pvt. Unaided (Recognized),Urban
93473,8930007.25,1471279.3541259766,33,568,600038,33020400917,ICF VIDYANIKETAN,5,6,3,2,Pr. Up Pr. and Secondary Only,Co-education,33,603, ,Ayanavaram,7163,,TAMIL NADU,Chennai, ,Pvt. Unaided (Recognized),Urban
93597,8930152.410705566,1471517.6588745115,33,568,600038,33020500102,I.C.F. HIGHER SECONDARY SCHOOL,4,5,3,2,Up. Pr. Secondary and Higher Sec,Co-education,33,603, ,Ayanavaram,7163,,TAMIL NADU,Chennai, ,Government Aided,Urban
93599,8930456.869506836,1471520.9733276367,33,568,600023,33020401005,RAILWAY COLONY MAT HSS,5,3,3,2,Pr. with Up.Pr. Sec. and H.Sec.,Co-education,33,603, ,Ayanavaram,7163,,TAMIL NADU,Chennai, ,Pvt. Unaided (Recognized),Urban
93618,8930182.912,1471548.1757202148,33,568,600038,33020500101,I.C.F. PRIMARY SCHOOL,4,1,3,2,Primary,Co-education,33,603, ,Ayanavaram,7163,,TAMIL NADU,Chennai, ,Government Aided,Urban
94025,8930592.901916504,1472427.235900879,33,568,600082,33020400801,CPS PRI SCH KM COLONY I,3,1,3,2,Primary,Co-education,33,603, ,Ayanavaram,7163,,TAMIL NADU,Chennai, ,Local Body,Urban
94028,8930542.474,1472428.3787231443,33,568,600082,33020400811,G.E.C. N & P SCHOOL,5,1,3,2,Primary,Co-education,33,603, ,Ayanavaram,7163,,TAMIL NADU,Chennai, ,Pvt. Unaided (Recognized),Urban
94397,8929922.647277832,1473154.987121582,33,568,600099,33020401402,CPS KOLATHUR I,3,1,3,2,Primary,Co-education,33,603, ,Ayanavaram,7163,,TAMIL NADU,Chennai, ,Local Body,Urban
94421,8930371.264892578,1473215.567321777,33,568,600099,33020401411,SRI BALAJI MAT SCHOOL,5,6,3,2,Pr. Up Pr. and Secondary Only,Co-education,33,603, ,Ayanavaram,7163,,TAMIL NADU,Chennai, ,Pvt. Unaided (Recognized),Urban
94520,8930093.077514648,1473356.845275879,33,568,600082,33020400402,ST MOSES N & P SCHOOL,5,1,3,2,Primary,Co-education,33,603, ,Ayanavaram,7163,,TAMIL NADU,Chennai, ,Pvt. Unaided (Recognized),Urban
94595,8930617.280883789,1473465.8903198242,33,568,600082,33020400407,DONBOSCO MAT HSS,5,3,3,2,Pr. with Up.Pr. Sec. and H.Sec.,Co-education,33,603, ,Ayanavaram,7163,,TAMIL NADU,Chennai, ,Pvt. Unaided (Recognized),Urban
94708,8930450.301696777,1473688.7824707031,33,568,600082,33020400719,GRACE MATRICULATION HIGHER SECONDARY SCHOOL,5,3,3,2,Pr. with Up.Pr. Sec. and H.Sec.,Co-education,33,603, ,Ayanavaram,7163,,TAMIL NADU,Chennai, ,Pvt. Unaided (Recognized),Urban
94759,8930586.445495605,1473788.9130859375,33,568,600082,33020400727,SDC VIVEKANANDA VIDYALAYA,5,3,3,2,Pr. with Up.Pr. Sec. and H.Sec.,Co-education,33,603, ,Ayanavaram,7163,,TAMIL NADU,Chennai, ,Pvt. Unaided (Recognized),Urban
95118,8930255.047302246,1474620.3768920898,33,589,600110,33011004203,"MANIYAMMAI MATRIC SCHOOL, P.MEDU",5,6,3,1,Pr. Up Pr. and Secondary Only,Co-education,33,603,05701,Mathavaram,5701,803337,TAMIL NADU,Chennai,Madavaram (M),Pvt. Unaided (Recognized),Rural
95231,8929928.547302246,1474858.4813232422,33,589,600099,33010908107,BETHEL NURSERY & pRIMARY SCH,5,1,3,2,Primary,Co-education,33,603,05701,Mathavaram,5701,803337,TAMIL NADU,Chennai,Madavaram (M),Pvt. Unaided (Recognized),Urban
95296,8930105.1,1474970.161315918,33,589,600110,33011000603,"GK N&P, PONNIAMMANMEDU",5,3,3,1,Pr. with Up.Pr. Sec. and H.Sec.,Co-education,33,603,05701,Mathavaram,5701,803337,TAMIL NADU,Chennai,Madavaram (M),Pvt. Unaided (Recognized),Rural
88133,8934696.472290039,1460100.9514770508,33,568,600020,33021001711,LEARNING TREE MONTESSORI NURSERY AND PRIMARY,5,1,3,2,Primary,Co-education,33,603, ,Velachery,7171,,TAMIL NADU,Chennai, ,Pvt. Unaided (Recognized),Urban
88461,8934750.351074219,1460641.2409057615,33,568,600020,33020901402,AVVAI ILLAM T.V.R GIRLS' HR SEC SCHOOL,4,5,2,2,Up. Pr. Secondary and Higher Sec,Girls,33,603, ,Velachery,7171,,TAMIL NADU,Chennai, ,Government Aided,Urban
88501,8934606.860107422,1460661.006286621,33,568,600020,33020901501,AVVAI ILLAM PRIMARY  SCHOOL,4,1,3,2,Primary,Co-education,33,603, ,Velachery,7171,,TAMIL NADU,Chennai, ,Government Aided,Urban
88606,8934603.631896973,1460792.5098876953,33,568,600020,33020901514,SANKARA SR SEC SCHOOL,5,3,3,2,Pr. with Up.Pr. Sec. and H.Sec.,Co-education,33,603, ,Velachery,7171,,TAMIL NADU,Chennai, ,Pvt. Unaided (Recognized),Urban
89284,8934713.949523926,1462008.9763183594,33,568,600028,33021001507,KANMANIRAJ NURSERY AND PRI. SCHOOL,5,1,3,2,Primary,Co-education,33,603, ,Mylapore,7170,,TAMIL NADU,Chennai, ,Pvt. Unaided (Recognized),Urban
89397,8934694.58,1462174.0778808594,33,568,600028,33021001510,SILVER N SPRINGS NURSERY AND PRIMARY SCHOOL,5,1,3,2,Primary,Co-education,33,603, ,Mylapore,7170,,TAMIL NADU,Chennai, ,Pvt. Unaided (Recognized),Urban
89476,8934671.759521484,1462311.530090332,33,568,600028,33021001506,RAJAH MUTHIAH HIGHER SECONDARY SCHOOL,4,5,3,2,Up. Pr. Secondary and Higher Sec,Co-education,33,603, ,Mylapore,7170,,TAMIL NADU,Chennai, ,Government Aided,Urban
89479,8934705.600524902,1462317.928527832,33,568,600028,33021001501,SIGAPI RAMASWAMY PRIMARY SCHOOL,4,1,3,2,Primary,Co-education,33,603, ,Mylapore,7170,,TAMIL NADU,Chennai, ,Government Aided,Urban
89480,8934572.462280273,1462320.8991088867,33,568,600028,33021001511,CHETTINAD HARI SHREE VIDYALAYAM,5,3,3,2,Pr. with Up.Pr. Sec. and H.Sec.,Co-education,33,603, ,Mylapore,7170,,TAMIL NADU,Chennai, ,Pvt. Unaided (Recognized),Urban
89766,8934611.535522461,1462929.330078125,33,568,600028,33021001406,SRI VENUGOPAL VIDYALAYA MHSS,5,3,3,2,Pr. with Up.Pr. Sec. and H.Sec.,Co-education,33,603, ,Mylapore,7170,,TAMIL NADU,Chennai, ,Pvt. Unaided (Recognized),Urban
90273,8934661.518,1463832.8026733398,33,568,600004,33021000809,SPROUTS MONTESSORY NURSERY & PRIMARY SCHOOL,5,1,3,2,Primary,Co-education,33,603, ,Mylapore,7170,,TAMIL NADU,Chennai, ,Pvt. Unaided (Recognized),Urban
90410,8934600.626281738,1464084.4135131836,33,568,600004,33021000917,MP ANAND MAT HSS,5,3,3,2,Pr. with Up.Pr. Sec. and H.Sec.,Co-education,33,603, ,Mylapore,7170,,TAMIL NADU,Chennai, ,Pvt. Unaided (Recognized),Urban
90676,8934753.133911133,1464762.0145263672,33,568,600004,33021002301,CSI ST.EBBAS GIRLS HR.SEC.SCHOOL,4,3,3,2,Pr. with Up.Pr. Sec. and H.Sec.,Co-education,33,603, ,Mylapore,7170,,TAMIL NADU,Chennai, ,Government Aided,Urban
90836,8934792.763671875,1465202.2922973633,33,568,600086,33020701606,NATIONAL PUBLIC SCHOOL,5,3,3,2,Pr. with Up.Pr. Sec. and H.Sec.,Co-education,33,603, ,Mylapore,7170,,TAMIL NADU,Chennai, ,Pvt. Unaided (Recognized),Urban
91186,8934682.000915527,1465966.7670898438,33,568,600014,33021000404,CSI MONAHAN GIRLS HSS,4,3,3,2,Pr. with Up.Pr. Sec. and H.Sec.,Co-education,33,603, ,Mylapore,7170,,TAMIL NADU,Chennai, ,Government Aided,Urban
91344,8934707.047729492,1466267.077697754,33,568,600014,33020701403,GOVT HOBART MUSLIM GIRLS HIGHER SECONDARY SCHOOL,1,3,2,2,Pr. with Up.Pr. Sec. and H.Sec.,Girls,33,603, ,Mylapore,7170,,TAMIL NADU,Chennai, ,Department of Education,Urban
91689,8934778.403503418,1467086.205871582,33,568,600002,33020600206,GOVT. MADARASA HSS,1,5,1,2,Up. Pr. Secondary and Higher Sec,Boys,33,603,05925,Chennai,0,,TAMIL NADU,Chennai, ,Department of Education,Urban
91801,8934645.933288574,1467369.6152954102,33,568,600008,33020700902,CMS EGMORE,3,2,3,2,Primary with Upper Primary,Co-education,33,603,05925,Chennai,0,,TAMIL NADU,Chennai, ,Local Body,Urban
91950,8934642.593688965,1467737.594482422,33,568,600008,33020700906,KALAIPOONGA MATRICULATION SCHOOL,5,6,3,2,Pr. Up Pr. and Secondary Only,Co-education,33,603,05925,Chennai,0,,TAMIL NADU,Chennai, ,Pvt. Unaided (Recognized),Urban
92048,8934697.140319824,1467984.4403076172,33,568,600002,33020701008,ASIANA NURSERY AND PRIMARY SCHOOL,8,1,3,2,Primary,Co-education,33,603,05925,Chennai,0,,TAMIL NADU,Chennai, ,Unrecognized,Urban
92331,8934801.780517578,1468746.7048950195,33,568,600008,33020700805,BETHANY  NURSERY AND PRIMARY SCHOOL,5,1,3,2,Primary,Co-education,33,603,05925,Chennai,0,,TAMIL NADU,Chennai, ,Pvt. Unaided (Recognized),Urban
92613,8934789.535522461,1469476.9895019531,33,568,600007,33020701801,AGARWAL VIDYALAYA MAT HSS,5,10,3,2,Secondary with Higher Secondary,Co-education,33,603, ,Purasawalkam,7167,,TAMIL NADU,Chennai, ,Pvt. Unaided (Recognized),Urban
92614,8934789.535522461,1469476.9895019531,33,568,600007,33020701809,AGARWAL VIDYALAYA AND JUNIOR COLLEGE,5,3,3,2,Pr. with Up.Pr. Sec. and H.Sec.,Co-education,33,603, ,Purasawalkam,7167,,TAMIL NADU,Chennai, ,Pvt. Unaided (Recognized),Urban
92666,8934556.098510742,1469585.6768798828,33,568,600007,33020501409,BENTINCK HR.SEC.SCHOOL FOR GIRLS,4,3,2,2,Pr. with Up.Pr. Sec. and H.Sec.,Girls,33,603, ,Purasawalkam,7167,,TAMIL NADU,Chennai, ,Government Aided,Urban
92667,8934552.981506348,1469593.1055297852,33,568,600007,33020501407,CSI MS SUNDRAM ST,4,2,3,2,Primary with Upper Primary,Co-education,33,603, ,Purasawalkam,7167,,TAMIL NADU,Chennai, ,Government Aided,Urban
92719,8934647.380493164,1469712.536315918,33,568,600007,33020301620,ST MATHIS'S AI HSS,4,3,3,2,Pr. with Up.Pr. Sec. and H.Sec.,Co-education,33,603, ,Purasawalkam,7167,,TAMIL NADU,Chennai, ,Government Aided,Urban
92769,8934782.856323242,1469842.710510254,33,568,600112,33020700508,AROMA NURSERY & PRIMARY SCHOOL,5,1,3,2,Primary,Co-education,33,603, ,Purasawalkam,7167,,TAMIL NADU,Chennai, ,Pvt. Unaided (Recognized),Urban
92986,8934702.706298828,1470320.440673828,33,568,600112,33020700715,CSI ST. PAUL NURSERY AND PRIMARY SCHOOL,5,1,3,2,Primary,Co-education,33,603, ,Purasawalkam,7167,,TAMIL NADU,Chennai, ,Pvt. Unaided (Recognized),Urban
93070,8934787.309082031,1470506.7346801758,33,568,600112,33020700503,C.M.S. 118 ANGALAMMAN KOIL ST,3,2,3,2,Primary with Upper Primary,Co-education,33,603, ,Purasawalkam,7167,,TAMIL NADU,Chennai, ,Local Body,Urban
93190,8934734.988891602,1470809.6080932615,33,568,600012,33020700501,C.M.S. 127 ANGALAMMAN KOIL ST,3,2,3,2,Primary with Upper Primary,Co-education,33,603, ,Purasawalkam,7167,,TAMIL NADU,Chennai, ,Local Body,Urban
93295,8934551.423095703,1470962.0747070312,33,568,600012,33020300913,D.GEORGE NURSERY & PRY SCHOOL,5,1,3,2,Primary,Co-education,33,603, ,Purasawalkam,7167,,TAMIL NADU,Chennai, ,Pvt. Unaided (Recognized),Urban
93387,8934672.094,1471132.8291015625,33,568,600012,33020301106,PRINCESS MAT HSS,5,3,3,2,Pr. with Up.Pr. Sec. and H.Sec.,Co-education,33,603, ,Purasawalkam,7167,,TAMIL NADU,Chennai, ,Pvt. Unaided (Recognized),Urban
93450,8934668.197,1471261.0668945312,33,568,600012,33020301007,CUMS PERAMBUR BARRACKS,3,2,3,2,Primary with Upper Primary,Co-education,33,603, ,Perambur,7166,,TAMIL NADU,Chennai, ,Local Body,Urban
93488,8934602.518676758,1471293.069519043,33,568,600007,33020301017,CPS THIRUVENGADASAMY,3,1,3,2,Primary,Co-education,33,603, ,Perambur,7166,,TAMIL NADU,Chennai, ,Local Body,Urban
93490,8934603.631896973,1471297.6411132812,33,568,600012,33020301018,CHS THIRUVENGADA SAMY STREET,3,7,3,2,Upper Pr. and Secondary,Co-education,33,603, ,Perambur,7166,,TAMIL NADU,Chennai, ,Local Body,Urban
93496,8934605.524291992,1471317.2999267578,33,568,600012,33020301012,SARASWATHI VID N&PS,5,1,3,2,Primary,Co-education,33,603, ,Perambur,7166,,TAMIL NADU,Chennai, ,Pvt. Unaided (Recognized),Urban
93803,8934779.516723633,1471957.1279296875,33,568,600012,33020300905,ADW GHSS KANNIGAPURAM,2,5,2,2,Up. Pr. Secondary and Higher Sec,Girls,33,603, ,Perambur,7166,,TAMIL NADU,Chennai, ,Tribal Welfare Department,Urban
93843,8934788.422302246,1472055.4235229492,33,568,600012,33020300904,ADW BHSS KANNIGAPURAM,2,5,1,2,Up. Pr. Secondary and Higher Sec,Boys,33,603, ,Perambur,7166,,TAMIL NADU,Chennai, ,Tribal Welfare Department,Urban
93947,8934589.828308105,1472296.5922851562,33,568,600039,33020300502,CHS GANESAPURAM,3,7,3,2,Upper Pr. and Secondary,Co-education,33,603, ,Perambur,7166,,TAMIL NADU,Chennai, ,Local Body,Urban
93992,8934610.311096191,1472372.029296875,33,568,600039,33020300501,CPS GANESAPURAM,3,1,3,2,Primary,Co-education,33,603, ,Perambur,7166,,TAMIL NADU,Chennai, ,Local Body,Urban
94109,8934575.356689453,1472598.6848754885,33,568,600039,33020300210,DON BOSCO HSS VYASARPADI,4,5,3,2,Up. Pr. Secondary and Higher Sec,Co-education,33,603, ,Perambur,7166,,TAMIL NADU,Chennai, ,Government Aided,Urban
94167,8934690.461120605,1472709.212890625,33,568,600039,33020400303,DON BOSCO PRY SCHOOL,4,1,3,2,Primary,Co-education,33,603, ,Perambur,7166,,TAMIL NADU,Chennai, ,Government Aided,Urban
94180,8934559.104125977,1472743.503112793,33,568,600039,33020300203,CMS MOORTHINGAR ST,3,2,3,2,Primary with Upper Primary,Co-education,33,603, ,Perambur,7166,,TAMIL NADU,Chennai, ,Local Body,Urban
94192,8934553.204101562,1472757.5618896484,33,568,600039,33020300206,BHARATHA MADHA NURSERY & PRIMARY SCHOOL,5,1,3,2,Primary,Co-education,33,603, ,Perambur,7166,,TAMIL NADU,Chennai, ,Pvt. Unaided (Recognized),Urban
94424,8934554.651306152,1473218.9962768557,33,568,600039,33020400304,M.P.DEVADAS PRY SCHOOL,4,1,3,2,Primary,Co-education,33,603, ,Perambur,7166,,TAMIL NADU,Chennai, ,Government Aided,Urban
94450,8934574.466308594,1473269.860900879,33,568,600039,33020300307,DON BOSCO MAT SCHOOL MKB NAGAR,5,6,3,2,Pr. Up Pr. and Secondary Only,Co-education,33,603, ,Perambur,7166,,TAMIL NADU,Chennai, ,Pvt. Unaided (Recognized),Urban
94678,8934703.819519043,1473622.4860839844,33,568,600039,33020300311,GHSS MKB NAGAR,1,5,3,2,Up. Pr. Secondary and Higher Sec,Co-education,33,603, ,Perambur,7166,,TAMIL NADU,Chennai, ,Department of Education,Urban
94918,8934761.371520996,1474158.5764770508,33,568,600039,33020300520,SRI LAKSHMI NARAYANA NURSERY & PRIMARY SCHOOL,5,1,3,2,Primary,Co-education,33,603, ,Perambur,7166,,TAMIL NADU,Chennai, ,Pvt. Unaided (Recognized),Urban
94919,8934761.705505371,1474158.5764770508,33,568,600039,33020300521,M P DEVADAS HIGH SCHOOL,4,7,3,2,Upper Pr. and Secondary,Co-education,33,603, ,Perambur,7166,,TAMIL NADU,Chennai, ,Government Aided,Urban
95232,8934645.933288574,1474859.2814941406,33,568,600118,33020100201,CPS KANNADASAN NAGAR,3,1,3,2,Primary,Co-education,33,603, ,Perambur,7166,,TAMIL NADU,Chennai, ,Local Body,Urban
88886,8930682.180297852,1461280.4841308594,33,568,600015,33020901001,CPS VENKATAPURAM,3,1,3,2,Primary,Co-education,33,603, ,Guindy,7169,,TAMIL NADU,Chennai, ,Local Body,Urban
89484,8930756.318908691,1462335.7529296875,33,568,600015,33020901012,CUGPS BAZAAR STREET,3,1,3,2,Primary,Co-education,33,603, ,Guindy,7169,,TAMIL NADU,Chennai, ,Local Body,Urban
89485,8930756.318908691,1462335.7529296875,33,568,600015,33020901002,CPS BAZAAR ST,3,1,3,2,Primary,Co-education,33,603, ,Guindy,7169,,TAMIL NADU,Chennai, ,Local Body,Urban
89553,8930728.600524902,1462462.0083007812,33,568,600015,33020900706,VIDYA SAGAR B.M.SCHOOL,4,2,3,2,Primary with Upper Primary,Co-education,33,603, ,Mambalam,7165,803351,TAMIL NADU,Chennai,Alandur (M),Government Aided,Urban
89959,8930753.424682617,1463245.9478759766,33,568,600017,33020801618,CHS KANNAMMAPET,3,7,3,2,Upper Pr. and Secondary,Co-education,33,603, ,Mambalam,7165,803351,TAMIL NADU,Chennai,Alandur (M),Local Body,Urban
89964,8930727.487304688,1463250.4041137695,33,568,600017,33020801603,CPS KANNAMMAPET,3,1,3,2,Primary,Co-education,33,603, ,Mambalam,7165,803351,TAMIL NADU,Chennai,Alandur (M),Local Body,Urban
90194,8930721.809875488,1463681.288696289,33,568,600033,33020900418,TRINITY N&P SCHOOL,5,1,3,2,Primary,Co-education,33,603, ,Mambalam,7165,803351,TAMIL NADU,Chennai,Alandur (M),Pvt. Unaided (Recognized),Urban
90235,8930710.678,1463736.935119629,33,568,600033,33020900414,SRI AHOBILA MATH ORIENTAL HIGHER SECONDARY SCHOOL,4,5,3,2,Up. Pr. Secondary and Higher Sec,Co-education,33,603, ,Mambalam,7165,803351,TAMIL NADU,Chennai,Alandur (M),Government Aided,Urban
90236,8930710.678,1463736.935119629,33,568,600033,33020900416,MAHARSI VASUDEVA VID N&P Sch,5,1,3,2,Primary,Co-education,33,603, ,Mambalam,7165,803351,TAMIL NADU,Chennai,Alandur (M),Pvt. Unaided (Recognized),Urban
90251,8930718.025,1463762.3018798828,33,568,600033,33020900403,CHSS WEST MAMBALAM,3,5,3,2,Up. Pr. Secondary and Higher Sec,Co-education,33,603, ,Mambalam,7165,803351,TAMIL NADU,Chennai,Alandur (M),Local Body,Urban
90259,8930739.732299805,1463786.297302246,33,568,600033,33020900410,SRI SARADA MIDDLE SCHOOL WEST MAMBALAM,4,2,3,2,Primary with Upper Primary,Co-education,33,603, ,Mambalam,7165,803351,TAMIL NADU,Chennai,Alandur (M),Government Aided,Urban
90261,8930774.686706543,1463792.353088379,33,568,600033,33020801615,SREE NARAYANA MISSION SS SCH,5,3,3,2,Pr. with Up.Pr. Sec. and H.Sec.,Co-education,33,603, ,Mambalam,7165,803351,TAMIL NADU,Chennai,Alandur (M),Pvt. Unaided (Recognized),Urban
90680,8930828.120117188,1464774.926696777,33,568,600033,33020801409,BALA VIDHYA MATRIC SCH,5,6,3,2,Pr. Up Pr. and Secondary Only,Co-education,33,603,05925,Chennai,0,,TAMIL NADU,Chennai, ,Pvt. Unaided (Recognized),Urban
90924,8930817.322,1465376.3255004885,33,568,600024,33020801005,FATIMA MATRICULATION HSS,5,3,2,2,Pr. with Up.Pr. Sec. and H.Sec.,Girls,33,603,05925,Chennai,0,,TAMIL NADU,Chennai, ,Pvt. Unaided (Recognized),Urban
90994,8930667.152,1465550.245727539,33,568,600024,33020801207,LOYOLA MATRIC HSS,5,3,1,2,Pr. with Up.Pr. Sec. and H.Sec.,Boys,33,603,05925,Chennai,0,,TAMIL NADU,Chennai, ,Pvt. Unaided (Recognized),Urban
91291,8930834.576,1466179.772521973,33,568,600024,33020800802,CPS VARADARAJAN PET,3,1,3,2,Primary,Co-education,33,603,05925,Chennai,0,,TAMIL NADU,Chennai, ,Local Body,Urban
91902,8930778.360290527,1467655.8842773438,33,568,600094,33020501609,ECI MISSION NURSERY & PRIMARY SCHOOL,5,1,3,2,Primary,Co-education,33,603, ,Aminjikarai,7161,,TAMIL NADU,Chennai, ,Pvt. Unaided (Recognized),Urban
92186,8930809.195678711,1468328.1997070312,33,568,600030,33020501110,Valli N&P school,5,1,3,2,Primary,Co-education,33,603, ,Aminjikarai,7161,,TAMIL NADU,Chennai, ,Pvt. Unaided (Recognized),Urban
92195,8930794.612915039,1468345.227722168,33,568,600029,33020501105,CHENNAI GIRLS HIGHER SECONDARY SCHOOL PULLA AVENUE,3,5,2,2,Up. Pr. Secondary and Higher Sec,Girls,33,603, ,Aminjikarai,7161,,TAMIL NADU,Chennai, ,Local Body,Urban
92483,8930798.731689453,1469142.130493164,33,568,600030,33020501006,SSV BALAMANDIR N&P SCHOOL,5,2,3,2,Primary with Upper Primary,Co-education,33,603, ,Aminjikarai,7161,,TAMIL NADU,Chennai, ,Pvt. Unaided (Recognized),Urban
93168,8930678.506713867,1470731.8892822266,33,568,600023,33020401013,BHARATHA VIDYALA MAT HSS,5,3,3,2,Pr. with Up.Pr. Sec. and H.Sec.,Co-education,33,603, ,Ayanavaram,7163,,TAMIL NADU,Chennai, ,Pvt. Unaided (Recognized),Urban
93961,8930717.469,1472302.3073120115,33,568,600082,33020400806,GHSS GKM COLONY,1,3,3,2,Pr. with Up.Pr. Sec. and H.Sec.,Co-education,33,603, ,Ayanavaram,7163,,TAMIL NADU,Chennai, ,Department of Education,Urban
94089,8930826.561523438,1472530.905090332,33,568,600039,33020400204,ST.THOMUS PRY.SCHOOL,4,1,3,2,Primary,Co-education,33,603, ,Ayanavaram,7163,,TAMIL NADU,Chennai, ,Government Aided,Urban
94543,8930810.197692871,1473396.9655151367,33,568,600082,33020400405,VATSALYA MATRICULATION HIGHER SECONDARY SCHOOL,5,3,3,2,Pr. with Up.Pr. Sec. and H.Sec.,Co-education,33,603, ,Ayanavaram,7163,,TAMIL NADU,Chennai, ,Pvt. Unaided (Recognized),Urban
94808,8930828.787902832,1473916.2487182615,33,568,600082,33020400409,PONNUSWAMY N & P SCHOOL,5,3,3,2,Pr. with Up.Pr. Sec. and H.Sec.,Co-education,33,603, ,Ayanavaram,7163,,TAMIL NADU,Chennai, ,Pvt. Unaided (Recognized),Urban
95024,8930733.053100586,1474435.198486328,33,568,600110,33020401021,NARAYANA E-TECHNO SCHOOL,5,3,3,2,Pr. with Up.Pr. Sec. and H.Sec.,Co-education,33,603,05701,Mathavaram,5701,803337,TAMIL NADU,Chennai,Madavaram (M),Pvt. Unaided (Recognized),Urban
95337,8930770.901916504,1475059.3228759766,33,589,600110,33011004205,"ALLWIN VID NUR&PRI, PONNIAMMAN",5,1,3,1,Primary,Co-education,33,603,05701,Mathavaram,5701,803337,TAMIL NADU,Chennai,Madavaram (M),Pvt. Unaided (Recognized),Rural
96321,8930812.424072266,1477745.7302856443,33,589,600060,33011003906,St.JOSEPH ACA MAT SCH,5,6,3,1,Pr. Up Pr. and Secondary Only,Co-education,33,603,05701,Mathavaram,5701,803337,TAMIL NADU,Chennai,Madavaram (M),Pvt. Unaided (Recognized),Rural
88526,8922408.581726074,1460747.9517211914,33,574,600128,33030501301,"Panchayath union primary school, KOLAPPAKKAM",1,1,3,1,Primary,Co-education,33,787, ,Pallavaram,6629,629359,TAMIL NADU,Chengalpattu,Kolapakkam (OG),Department of Education,Rural
88749,8922739.200500488,1461049.5778808594,33,574,600122,33030501306,ST FRANCIS INTERNATIONAL SCHOOL KOLAPPAKKAM,5,6,3,1,Pr. Up Pr. and Secondary Only,Co-education,33,787, ,Pallavaram,6629,629359,TAMIL NADU,Chengalpattu,Kolapakkam (OG),Pvt. Unaided (Recognized),Rural
88838,8922749.330688477,1461215.9307250977,33,574,600128,33030501309,VELAMMAL BODHI CAMPUS SCHOOL  KOLAPPAKKAM,5,3,3,1,Pr. with Up.Pr. Sec. and H.Sec.,Co-education,33,787, ,Pallavaram,6629,629359,TAMIL NADU,Chengalpattu,Kolapakkam (OG),Pvt. Unaided (Recognized),Rural
88959,8922538.825500488,1461427.7576904297,33,574,600128,33030501307,PON VIDHYASHRAM KOLAPPAKKAM,5,3,3,1,Pr. with Up.Pr. Sec. and H.Sec.,Co-education,33,787, ,Pallavaram,6629,629359,TAMIL NADU,Chengalpattu,Kolapakkam (OG),Pvt. Unaided (Recognized),Rural
89710,8922857.199279785,1462785.133728027,33,589,600116,33010911311,"SUN BEAMS NUR & PRI,PORUR",5,1,3,1,Primary,Co-education,33,603, ,Maduravoyal,5981,803331,TAMIL NADU,Chennai,Porur (TP),Pvt. Unaided (Recognized),Rural
89787,8922560.198913574,1462934.8146972656,33,589,600116,33010902808,ST MARYS MAT SC - KARAMBAKKAM,5,3,3,2,Pr. with Up.Pr. Sec. and H.Sec.,Co-education,33,603, ,Maduravoyal,5981,803331,TAMIL NADU,Chennai,Porur (TP),Pvt. Unaided (Recognized),Urban
90192,8922760.351,1463672.9475097656,33,589,600116,33010911308,"CHILDREN'S ACADEMY MATRIC HIGH SCHOOL  ,PORUR CHENNAI 600116",5,6,3,2,Pr. Up Pr. and Secondary Only,Co-education,33,603, ,Maduravoyal,5981,629175,TAMIL NADU,Chennai,Karambakkam (CT),Pvt. Unaided (Recognized),Urban
90480,8922574.559082031,1464261.410888672,33,589,600116,33010902803,VASANTHA VIDHYA. KARAMPAKKAM,5,6,3,2,Pr. Up Pr. and Secondary Only,Co-education,33,603, ,Maduravoyal,5981,629175,TAMIL NADU,Chennai,Karambakkam (CT),Pvt. Unaided (Recognized),Urban
90521,8922872.783874512,1464345.9678955078,33,589,600116,33010902806,"GRACE MATRICULATION HIGHER SECONDARY SCHOOL , KARAMPAKKAM",5,3,3,2,Pr. with Up.Pr. Sec. and H.Sec.,Co-education,33,603, ,Maduravoyal,5981,629175,TAMIL NADU,Chennai,Karambakkam (CT),Pvt. Unaided (Recognized),Urban
90523,8922774.266113281,1464349.3958740234,33,589,600116,33010902811,"GRACE NP, KARAPAKKAM",5,1,3,2,Primary,Co-education,33,603, ,Maduravoyal,5981,629175,TAMIL NADU,Chennai,Karambakkam (CT),Pvt. Unaided (Recognized),Urban
90533,8923021.618103027,1464384.8182983398,33,589,600116,33010902805,"ST PAULS HSS, KARAMPAKKAM",5,3,3,2,Pr. with Up.Pr. Sec. and H.Sec.,Co-education,33,603, ,Maduravoyal,5981,629175,TAMIL NADU,Chennai,Karambakkam (CT),Pvt. Unaided (Recognized),Urban
91373,8922581.349487305,1466344.5557250977,33,589,600095,33010911010,ST THOMAS VIDYALAYAM MATRIC HSS  VANAGARAM,5,3,3,1,Pr. with Up.Pr. Sec. and H.Sec.,Co-education,33,603, ,Maduravoyal,5981,,TAMIL NADU,Chennai, ,Pvt. Unaided (Recognized),Rural
92967,8922241.602478027,1470256.4381103516,33,589,600058,33010908601,SRI VENKATESWARA MATRIC HSS,5,3,3,2,Pr. with Up.Pr. Sec. and H.Sec.,Co-education,33,603,05700,Ambattur,5700,803328,TAMIL NADU,Chennai,Ambattur (M),Pvt. Unaided (Recognized),Urban
93069,8922293.588684082,1470506.7346801758,33,589,600058,33010908803,"ST.MARYS MATRICULATION HIGHER SECONDARY SCHOOL, ATHIPET",5,3,3,2,Pr. with Up.Pr. Sec. and H.Sec.,Co-education,33,603,05700,Ambattur,5700,803328,TAMIL NADU,Chennai,Ambattur (M),Pvt. Unaided (Recognized),Urban
93707,8922755.898498535,1471760.537475586,33,589,600053,33010908501,MUN.PRI.SCH KAMARAJAPURAM,3,1,3,2,Primary,Co-education,33,603,05700,Ambattur,5700,803328,TAMIL NADU,Chennai,Ambattur (M),Local Body,Urban
93710,8922615.747314453,1471766.252319336,33,589,600053,33010908502,AMBATTUR MUNICIPAL HIGH SCHOOL KAMARAJAPURAM,3,7,3,2,Upper Pr. and Secondary,Co-education,33,603,05700,Ambattur,5700,803328,TAMIL NADU,Chennai,Ambattur (M),Local Body,Urban
93794,8922880.576293945,1471937.6973266602,33,589,600053,33010911803,"SDA NUR&PRI SCHOOL,ATHIPET",5,1,3,2,Primary,Co-education,33,603,05700,Ambattur,5700,803328,TAMIL NADU,Chennai,Ambattur (M),Pvt. Unaided (Recognized),Urban
93895,8922529.252,1472183.437072754,33,589,600053,33010907703,BAHARATH MAT AMBATTUR,5,3,3,1,Pr. with Up.Pr. Sec. and H.Sec.,Co-education,33,603,05700,Ambattur,5700,803328,TAMIL NADU,Chennai,Ambattur (M),Pvt. Unaided (Recognized),Rural
93910,8922715.823486328,1472198.295715332,33,589,600053,33010907701,MUN.PRI.SCH RAMAPURAM,3,1,3,2,Primary,Co-education,33,603,05700,Ambattur,5700,803328,TAMIL NADU,Chennai,Ambattur (M),Local Body,Urban
94071,8922597.045471191,1472510.331298828,33,589,600053,33010907601,MUN.PRI.SCH VARADARAJAPURAM,3,1,3,2,Primary,Co-education,33,603,05700,Ambattur,5700,803328,TAMIL NADU,Chennai,Ambattur (M),Local Body,Urban
94090,8922531.367126465,1472545.764099121,33,589,600053,33010907604,SARASWATHI PRI VARADARAJAPURAM,5,1,3,2,Primary,Co-education,33,603,05700,Ambattur,5700,803328,TAMIL NADU,Chennai,Ambattur (M),Pvt. Unaided (Recognized),Urban
94335,8922662.946716309,1473037.256286621,33,589,600053,33010907102,PJ GUPTA HS AMBATTUR,4,7,3,2,Upper Pr. and Secondary,Co-education,33,603,05700,Ambattur,5700,803328,TAMIL NADU,Chennai,Ambattur (M),Government Aided,Urban
94347,8922652.816711426,1473072.689880371,33,589,600053,33010907101,PJ GUPTA AP SCH AMBATTUR,4,1,3,2,Primary,Co-education,33,603,05700,Ambattur,5700,803328,TAMIL NADU,Chennai,Ambattur (M),Government Aided,Urban
94372,8922232.696899414,1473108.1232910156,33,589,600053,33010907103,SRM HSS AMBATTUR,4,5,3,2,Up. Pr. Secondary and Higher Sec,Co-education,33,603,05700,Ambattur,5700,803328,TAMIL NADU,Chennai,Ambattur (M),Government Aided,Urban
94451,8922792.633911133,1473276.147521973,33,589,600053,33010907202,GOVT (G) HSS AMBATTUR,1,5,2,2,Up. Pr. Secondary and Higher Sec,Girls,33,603,05700,Ambattur,5700,803328,TAMIL NADU,Chennai,Ambattur (M),Department of Education,Urban
94694,8922600.496520996,1473654.491271973,33,589,600053,33010907115,"NARAYANA e-TECHNO SCHOOL, AMBATTUR",5,2,3,2,Primary with Upper Primary,Co-education,33,603,05700,Ambattur,5700,803328,TAMIL NADU,Chennai,Ambattur (M),Pvt. Unaided (Recognized),Urban
94696,8922546.506530762,1473657.9204711914,33,589,600053,33010907111,PASUMPON AACINI MAT HSS AMBATTUR,5,3,3,2,Pr. with Up.Pr. Sec. and H.Sec.,Co-education,33,603,05700,Ambattur,5700,803328,TAMIL NADU,Chennai,Ambattur (M),Pvt. Unaided (Recognized),Urban
95020,8922208.095275879,1474422.6248779297,33,589,600053,33010906707,VELAMMAL VIDHYASHRAM AMBATTUR,5,6,3,2,Pr. Up Pr. and Secondary Only,Co-education,33,603,05700,Ambattur,5700,803328,TAMIL NADU,Chennai,Ambattur (M),Pvt. Unaided (Recognized),Urban
95030,8922524.353881836,1474451.2017211914,33,589,600053,33010906905,SHREE BALAKRISHNA NURSERY AND PRIMARY SCHOOL ORAGADAM,5,1,3,2,Primary,Co-education,33,603,05700,Ambattur,5700,803328,TAMIL NADU,Chennai,Ambattur (M),Pvt. Unaided (Recognized),Urban
95132,8923009.262,1474654.6693115234,33,589,600053,33010907109,SETHU BHASKARA MATRIC HR SEC SCH KALLIKUPPAM,5,3,3,2,Pr. with Up.Pr. Sec. and H.Sec.,Co-education,33,603,05700,Ambattur,5700,803328,TAMIL NADU,Chennai,Ambattur (M),Pvt. Unaided (Recognized),Urban
95217,8922708.588,1474819.2734985352,33,589,600053,33010906904,HIMALAYAN N&P ORAKADAM,5,3,3,2,Pr. with Up.Pr. Sec. and H.Sec.,Co-education,33,603,05700,Ambattur,5700,803328,TAMIL NADU,Chennai,Ambattur (M),Pvt. Unaided (Recognized),Urban
95298,8922668.735290527,1474980.4490966797,33,589,600053,33010906901,MUN.MID.SCH ORAKADAM,3,2,3,2,Primary with Upper Primary,Co-education,33,603,05700,Ambattur,5700,803328,TAMIL NADU,Chennai,Ambattur (M),Local Body,Urban
90142,8923367.933105469,1463598.6763305664,33,589,600116,33010911304,"GOVT BOYS HSS,PORUR",1,5,1,2,Up. Pr. Secondary and Higher Sec,Boys,33,603, ,Maduravoyal,5981,803331,TAMIL NADU,Chennai,Porur (TP),Department of Education,Urban
90171,8923482.703491211,1463620.386291504,33,589,600116,33010911312,AIYEESHA RAZZAC MATRIC HIGHER SECONDARY SCHOOL,5,3,3,2,Pr. with Up.Pr. Sec. and H.Sec.,Co-education,33,603, ,Maduravoyal,5981,803331,TAMIL NADU,Chennai,Porur (TP),Pvt. Unaided (Recognized),Urban
90250,8923461.107,1463760.930480957,33,589,600116,33010911315,"ST JOHNS HSS,PORUR",5,3,3,2,Pr. with Up.Pr. Sec. and H.Sec.,Co-education,33,603, ,Maduravoyal,5981,803331,TAMIL NADU,Chennai,Porur (TP),Pvt. Unaided (Recognized),Urban
90321,8923407.117492676,1463900.3328857422,33,589,600116,33010911305,"FAITH HOME MID SCH,PORUR",4,2,3,2,Primary with Upper Primary,Co-education,33,603, ,Maduravoyal,5981,803331,TAMIL NADU,Chennai,Porur (TP),Government Aided,Urban
90328,8924338.639099121,1463928.8991088867,33,589,600116,33010911415,PON VIDYASHRAM,5,3,3,2,Pr. with Up.Pr. Sec. and H.Sec.,Co-education,33,603, ,Maduravoyal,5981,803331,TAMIL NADU,Chennai,Porur (TP),Pvt. Unaided (Recognized),Urban
90590,8923917.74,1464496.7996826172,33,589,600116,33010911101,"PUPS, ALAPAKKAM",1,1,3,2,Primary,Co-education,33,603, ,Maduravoyal,5981,803329,TAMIL NADU,Chennai,Maduravoyal (M),Department of Education,Urban
90729,8923846.272888184,1464909.3060913086,33,589,600116,33010911414,AG-SRM VIDYODAYA NP SCHOOL VALASARAVAKKAM,5,1,3,2,Primary,Co-education,33,603, ,Maduravoyal,5981,803329,TAMIL NADU,Chennai,Maduravoyal (M),Pvt. Unaided (Recognized),Urban
90733,8924017.26,1464926.446472168,33,589,600116,33010911102,"GOVT HIGHER SECONDARY SCHOOL, ALAPAKKAM",1,5,3,2,Up. Pr. Secondary and Higher Sec,Co-education,33,603, ,Maduravoyal,5981,803329,TAMIL NADU,Chennai,Maduravoyal (M),Department of Education,Urban
90736,8923950.913330078,1464929.8745117188,33,589,600116,33010911103,ARULMIGU MEENAKSHI AMMAN HR SEC SCHOOL,5,11,3,2,Higher Secondary only/Jr. College,Co-education,33,603, ,Maduravoyal,5981,803329,TAMIL NADU,Chennai,Maduravoyal (M),Pvt. Unaided (Recognized),Urban
90739,8923961.711120605,1464949.3002929688,33,589,600116,33010911107,ARULMIGU MEENAKSHIAMMAN PUBLIC SCHOOL,5,6,3,2,Pr. Up Pr. and Secondary Only,Co-education,33,603, ,Maduravoyal,5981,803329,TAMIL NADU,Chennai,Maduravoyal (M),Pvt. Unaided (Recognized),Urban
90764,8924478.233703613,1464996.1505126953,33,589,600087,33010911406,VAILANKANNI MATRICULATION HIGHER SECONDARY SCHOOL,5,3,3,2,Pr. with Up.Pr. Sec. and H.Sec.,Co-education,33,603, ,Maduravoyal,5981,803329,TAMIL NADU,Chennai,Maduravoyal (M),Pvt. Unaided (Recognized),Urban
90911,8924339.529,1465346.9581298828,33,589,600116,33010911108,"ACHARIYA SIKSHA MANDIR , ALAPAKKAM",5,3,3,2,Pr. with Up.Pr. Sec. and H.Sec.,Co-education,33,603, ,Maduravoyal,5981,803329,TAMIL NADU,Chennai,Maduravoyal (M),Pvt. Unaided (Recognized),Urban
91033,8923514.986083984,1465617.780090332,33,589,600095,33010911106,"VELAMMAL VIDHYODHAYA N&P SCHOOL, MADURAVOYAL",5,1,3,2,Primary,Co-education,33,603, ,Maduravoyal,5981,803329,TAMIL NADU,Chennai,Maduravoyal (M),Pvt. Unaided (Recognized),Urban
91034,8923871.208496094,1465617.780090332,33,589,600095,33010911219,VELAMMAL VIDHIYASHRAM MATRICULATION SCHOOL,5,6,3,2,Pr. Up Pr. and Secondary Only,Co-education,33,603, ,Maduravoyal,5981,803329,TAMIL NADU,Chennai,Maduravoyal (M),Pvt. Unaided (Recognized),Urban
91176,8923531.350097656,1465933.1708984375,33,589,600095,33010911212,"SRI IYAPPA NUR&PRI ,ALAPAKKAM",5,1,3,2,Primary,Co-education,33,603, ,Maduravoyal,5981,803329,TAMIL NADU,Chennai,Maduravoyal (M),Pvt. Unaided (Recognized),Urban
91284,8923859.742492676,1466145.7188720703,33,589,600095,33010911221,V.N.R. VIVEKANANDA VIDYALAYA,5,6,3,2,Pr. Up Pr. and Secondary Only,Co-education,33,603, ,Maduravoyal,5981,803329,TAMIL NADU,Chennai,Maduravoyal (M),Pvt. Unaided (Recognized),Urban
91302,8923512.425720215,1466208.569519043,33,589,600077,33010911216,"JANET NUR&PRI SCHOOL,EARIKARAI",5,1,3,2,Primary,Co-education,33,603, ,Maduravoyal,5981,803329,TAMIL NADU,Chennai,Maduravoyal (M),Pvt. Unaided (Recognized),Urban
91404,8924311.365722656,1466392.5509033203,33,589,600095,33010911225,"VELAMMAL VIDYALAYA, ALAPAKKAM",5,6,3,2,Pr. Up Pr. and Secondary Only,Co-education,33,603, ,Maduravoyal,5981,803329,TAMIL NADU,Chennai,Maduravoyal (M),Pvt. Unaided (Recognized),Urban
91446,8923986.424072266,1466505.6829223633,33,589,600095,33010911207,Velammals Memorial Mat Hr Sec School,5,3,3,2,Pr. with Up.Pr. Sec. and H.Sec.,Co-education,33,603, ,Maduravoyal,5981,803329,TAMIL NADU,Chennai,Maduravoyal (M),Pvt. Unaided (Recognized),Urban
91496,8923733.728881836,1466609.6732788086,33,589,600095,33010911213,"BAKIALAKSHMI MAT SCHOOL,MADHURAVOYAL",5,6,3,2,Pr. Up Pr. and Secondary Only,Co-education,33,603, ,Maduravoyal,5981,803329,TAMIL NADU,Chennai,Maduravoyal (M),Pvt. Unaided (Recognized),Urban
91639,8924122.901916504,1466966.2149047852,33,589,600095,33010911201,"PUPS,MADHURAVOYAL",1,1,3,2,Primary,Co-education,33,603, ,Maduravoyal,5981,803329,TAMIL NADU,Chennai,Maduravoyal (M),Department of Education,Urban
91657,8924042.752,1467018.7822875977,33,589,600095,33010911203,"GOVT HSS,MADHURAVOYAL",1,5,3,2,Up. Pr. Secondary and Higher Sec,Co-education,33,603, ,Maduravoyal,5981,803329,TAMIL NADU,Chennai,Maduravoyal (M),Department of Education,Urban
91969,8924056.110107422,1467815.3048706057,33,589,600095,33010901201,"PANCHAYAT UNION MIDDLE SCHOOL, NOLAMBUR",1,2,3,2,Primary with Upper Primary,Co-education,33,603, ,Maduravoyal,5981,629172,TAMIL NADU,Chennai,Nolambur (CT),Department of Education,Urban
92198,8923692.763305664,1468362.712890625,33,589,600095,33010901202,"DAWN CBSE SCH, NOLAMBUR",5,3,3,2,Pr. with Up.Pr. Sec. and H.Sec.,Co-education,33,603, ,Maduravoyal,5981,629172,TAMIL NADU,Chennai,Nolambur (CT),Pvt. Unaided (Recognized),Urban
92259,8923751.094726562,1468529.5659179688,33,589,600095,33010901205,"SRI CHITHANYA SCHOOL, NOLAMBUR",5,3,3,2,Pr. with Up.Pr. Sec. and H.Sec.,Co-education,33,603, ,Maduravoyal,5981,629172,TAMIL NADU,Chennai,Nolambur (CT),Pvt. Unaided (Recognized),Urban
92364,8924442.388671875,1468824.4180908203,33,589,600037,33010908909,"PUPS, MUGAPPAIR SECTOR 8",1,1,3,2,Primary,Co-education,33,603, ,Maduravoyal,5981,629172,TAMIL NADU,Chennai,Nolambur (CT),Department of Education,Urban
92368,8923960.375305176,1468862.131896973,33,589,602001,33010908916,MKP NUR&PRI SCHOOL,5,1,3,2,Primary,Co-education,33,603, ,Maduravoyal,5981,629172,TAMIL NADU,Chennai,Nolambur (CT),Pvt. Unaided (Recognized),Urban
92369,8924249.026916504,1468862.131896973,33,589,600037,33010908913,"TRINITY N, MUGAPPAIR",5,1,3,2,Primary,Co-education,33,603, ,Maduravoyal,5981,629172,TAMIL NADU,Chennai,Nolambur (CT),Pvt. Unaided (Recognized),Urban
92426,8924295.892,1468990.1311035156,33,589,600037,33010908908,PRIYA MAT MUGAPAIR WEST,5,3,3,2,Pr. with Up.Pr. Sec. and H.Sec.,Co-education,33,603, ,Maduravoyal,5981,629172,TAMIL NADU,Chennai,Nolambur (CT),Pvt. Unaided (Recognized),Urban
92429,8924160.750488281,1468999.2739257812,33,589,600037,33010908915,PRETTY DOLLS NUR & PRI,5,1,3,2,Primary,Co-education,33,603, ,Maduravoyal,5981,629172,TAMIL NADU,Chennai,Nolambur (CT),Pvt. Unaided (Recognized),Urban
92471,8924024.161499023,1469119.2734985352,33,589,600037,33010908901,PUPS MUGAPAIR SECTOR - 5,1,1,3,2,Primary,Co-education,33,603, ,Maduravoyal,5981,629172,TAMIL NADU,Chennai,Nolambur (CT),Department of Education,Urban
92474,8924428.028503418,1469122.7019042969,33,589,600037,33010908910,AMUTHA MAT HSS,5,3,3,2,Pr. with Up.Pr. Sec. and H.Sec.,Co-education,33,603, ,Maduravoyal,5981,629172,TAMIL NADU,Chennai,Nolambur (CT),Pvt. Unaided (Recognized),Urban
92503,8924245.799,1469198.130493164,33,589,600037,33010908902,PUPS MUGAPAIR SECTOR - 6,1,1,3,2,Primary,Co-education,33,603, ,Maduravoyal,5981,629172,TAMIL NADU,Chennai,Nolambur (CT),Department of Education,Urban
92534,8923818.776916504,1469264.4165039062,33,589,600037,33010908906,GREEN VALLEY MAT MUGAPAIR WEST,5,3,3,2,Pr. with Up.Pr. Sec. and H.Sec.,Co-education,33,603, ,Maduravoyal,5981,629172,TAMIL NADU,Chennai,Nolambur (CT),Pvt. Unaided (Recognized),Urban
92598,8924216.076293945,1469433.5604858398,33,589,600037,33010910205,BETHANY NUR &PRI MUGAPAIR,5,3,3,2,Pr. with Up.Pr. Sec. and H.Sec.,Co-education,33,603,05700,Ambattur,5700,803328,TAMIL NADU,Chennai,Ambattur (M),Pvt. Unaided (Recognized),Urban
92619,8924194.146,1469490.7041015625,33,589,600037,33010910204,"BETHANY HSS, MUGAPAIR",5,5,3,2,Up. Pr. Secondary and Higher Sec,Co-education,33,603,05700,Ambattur,5700,803328,TAMIL NADU,Chennai,Ambattur (M),Pvt. Unaided (Recognized),Urban
93487,8924223.089294434,1471293.069519043,33,589,600058,33010908401,MUN.MID.SCH MANGALAPURAM,3,2,3,2,Primary with Upper Primary,Co-education,33,603,05700,Ambattur,5700,803328,TAMIL NADU,Chennai,Ambattur (M),Local Body,Urban
93604,8924413.668273926,1471535.3746948242,33,589,600098,33010908106,ST GEORGE NURSERY & PRIMARY SCH,5,1,3,2,Primary,Co-education,33,603,05700,Ambattur,5700,803328,TAMIL NADU,Chennai,Ambattur (M),Pvt. Unaided (Recognized),Urban
93757,8924409.660888672,1471849.6887207031,33,589,600098,33010907801,MUN.MID.SCH PATTARAVAKKAM,3,2,3,2,Primary with Upper Primary,Co-education,33,603,05700,Ambattur,5700,803328,TAMIL NADU,Chennai,Ambattur (M),Local Body,Urban
89824,8934185.070678711,1463009.0841064453,33,568,600028,33021001404,KUMARA RAJAH MUTHIAH MIDDLE SCHOOL,4,2,3,2,Primary with Upper Primary,Co-education,33,603, ,Mylapore,7170,,TAMIL NADU,Chennai, ,Government Aided,Urban
90134,8934023.768676758,1463565.4257202148,33,568,600018,33021000801,CPS ALWARPET,3,1,3,2,Primary,Co-education,33,603, ,Mylapore,7170,,TAMIL NADU,Chennai, ,Local Body,Urban
90138,8934024.993286133,1463578.1088867188,33,568,600018,33021000805,CHSS ALWARPET,3,5,3,2,Up. Pr. Secondary and Higher Sec,Co-education,33,603, ,Mylapore,7170,,TAMIL NADU,Chennai, ,Local Body,Urban
90413,8933970.669311523,1464088.5270996094,33,568,600018,33020800608,THE GROVE SCHOOL,5,3,3,2,Pr. with Up.Pr. Sec. and H.Sec.,Co-education,33,603, ,Mylapore,7170,,TAMIL NADU,Chennai, ,Pvt. Unaided (Recognized),Urban
90465,8934086.330078125,1464218.2185058594,33,568,600018,33020800613,PEACE ACADEMY,5,3,3,2,Pr. with Up.Pr. Sec. and H.Sec.,Co-education,33,603, ,Mylapore,7170,,TAMIL NADU,Chennai, ,Pvt. Unaided (Recognized),Urban
90883,8934092.675476074,1465281.8240966797,33,568,600086,33020701605,SRI SARADHA SENIOR SECONDARY SCHOOL,5,6,3,2,Pr. Up Pr. and Secondary Only,Co-education,33,603, ,Mylapore,7170,,TAMIL NADU,Chennai, ,Pvt. Unaided (Recognized),Urban
91139,8933805.471130371,1465839.4675292969,33,568,600006,33021000302,SACRED HEART GIRLS HIGH SCHOOL,4,6,2,2,Pr. Up Pr. and Secondary Only,Girls,33,603, ,Mylapore,7170,,TAMIL NADU,Chennai, ,Government Aided,Urban
91170,8933812.039123535,1465912.030517578,33,568,600006,33020701408,NANO NAGLE NURSERY SCHOOL,5,12,2,2,Pre-Primary Only,Girls,33,603, ,Mylapore,7170,,TAMIL NADU,Chennai, ,Pvt. Unaided (Recognized),Urban
91172,8933828.180297852,1465919.5725097656,33,568,600006,33020701405,ST URSULA'S ANGLO-INDIAN  HR.SEC.SCHOOL,4,3,2,2,Pr. with Up.Pr. Sec. and H.Sec.,Girls,33,603, ,Mylapore,7170,,TAMIL NADU,Chennai, ,Government Aided,Urban
91173,8933830.072692871,1465926.6572875977,33,568,600006,33020701314,SACRED HEART MAT HR.SEC.SCHOOL,5,3,2,2,Pr. with Up.Pr. Sec. and H.Sec.,Girls,33,603, ,Mylapore,7170,,TAMIL NADU,Chennai, ,Pvt. Unaided (Recognized),Urban
91295,8933941.280883789,1466197.1420898438,33,568,600006,33020701506,CHENNAI MIDDLE SCHOOL - SPECIAL SCHOOL FOR MUSCULAR DISTROPHY,3,2,3,2,Primary with Upper Primary,Co-education,33,603,05925,Chennai,0,,TAMIL NADU,Chennai, ,Local Body,Urban
91438,8933836.641,1466477.114074707,33,568,600006,33020701325,Mc DOUGALL MEMORIAL NURSERY SCHOOL,4,12,3,2,Pre-Primary Only,Co-education,33,603,05925,Chennai,0,,TAMIL NADU,Chennai, ,Government Aided,Urban
91517,8933900.092712402,1466691.9517211914,33,568,600006,33020701301,CPS COCHIN HOUSE,3,1,3,2,Primary,Co-education,33,603,05925,Chennai,0,,TAMIL NADU,Chennai, ,Local Body,Urban
91590,8933921.354675293,1466835.5966796875,33,568,600006,33021000401,ST ANTONY'S PRIMARY SCHOOL,4,1,3,2,Primary,Co-education,33,603,05925,Chennai,0,,TAMIL NADU,Chennai, ,Government Aided,Urban
91597,8933896.419128418,1466859.9376831057,33,568,600006,33021000301,CSI PRIMARY SCHOOL,4,1,3,2,Primary,Co-education,33,603,05925,Chennai,0,,TAMIL NADU,Chennai, ,Government Aided,Urban
91955,8933988.480285645,1467778.278076172,33,568,600008,33020700909,DON BOSCO MATRIC  HR.SEC.SCHOOL,5,3,1,2,Pr. with Up.Pr. Sec. and H.Sec.,Boys,33,603,05925,Chennai,0,,TAMIL NADU,Chennai, ,Pvt. Unaided (Recognized),Urban
92172,8933707.509887695,1468303.286071777,33,568,600008,33020700907,PRESIDENCY GIRLS HSS -MODEL,1,3,3,2,Pr. with Up.Pr. Sec. and H.Sec.,Co-education,33,603,05925,Chennai,0,,TAMIL NADU,Chennai, ,Department of Education,Urban
92177,8933845.546081543,1468309.0001220703,33,568,600101,33020500732,MARY CLUBWALA JADHAV SPECIAL HIGHER SECONDARY SCHOOL FOR THE HEARING IMPAIRED,90,3,3,2,Pr. with Up.Pr. Sec. and H.Sec.,Co-education,33,603,05925,Chennai,0,,TAMIL NADU,Chennai, ,Social Welfare Dept.,Urban
92200,8933924.583129883,1468366.1414794922,33,568,600007,33020701805,ANITA METHODIST MAT HSS,5,3,3,2,Pr. with Up.Pr. Sec. and H.Sec.,Co-education,33,603,05925,Chennai,0,,TAMIL NADU,Chennai, ,Pvt. Unaided (Recognized),Urban
92302,8933972.450317383,1468644.9923095703,33,568,600008,33020700913,THE SANA NURSERY AND PRIMARY SCHOOL,5,1,3,2,Primary,Co-education,33,603,05925,Chennai,0,,TAMIL NADU,Chennai, ,Pvt. Unaided (Recognized),Urban
92453,8933831.631286621,1469097.1021118164,33,568,600007,33020501410,ST. PAULS HSS,4,3,1,2,Pr. with Up.Pr. Sec. and H.Sec.,Boys,33,603, ,Purasawalkam,7167,,TAMIL NADU,Chennai, ,Government Aided,Urban
92477,8934104.475280762,1469127.5018920898,33,568,600084,33020501909,CSI EWART GLOBAL SCHOOL,5,3,3,2,Pr. with Up.Pr. Sec. and H.Sec.,Co-education,33,603, ,Purasawalkam,7167,,TAMIL NADU,Chennai, ,Pvt. Unaided (Recognized),Urban
92502,8933953.414672852,1469194.930480957,33,568,600006,33020501413,E.L.M.FABRICIUS HR.SEC.SCHOOL,4,5,1,2,Up. Pr. Secondary and Higher Sec,Boys,33,603, ,Purasawalkam,7167,,TAMIL NADU,Chennai, ,Government Aided,Urban
92573,8934052.711730957,1469354.4741210938,33,568,600084,33020501425,ALAGAPPA MATRICULATION HIGHER SECONDARY SCHOOL,5,3,3,2,Pr. with Up.Pr. Sec. and H.Sec.,Co-education,33,603, ,Purasawalkam,7167,,TAMIL NADU,Chennai, ,Pvt. Unaided (Recognized),Urban
92585,8933928.479125977,1469384.8745117188,33,568,600010,33020501338,DR GUPTHA MAT SCHOOL,8,1,3,2,Primary,Co-education,33,603, ,Purasawalkam,7167,,TAMIL NADU,Chennai, ,Unrecognized,Urban
92617,8934101.580871582,1469489.5612792969,33,568,600010,33020501332,CHINMAYA VIDYALAYA KILPAUK,5,3,3,2,Pr. with Up.Pr. Sec. and H.Sec.,Co-education,33,603, ,Purasawalkam,7167,,TAMIL NADU,Chennai, ,Pvt. Unaided (Recognized),Urban
92622,8933770.628112793,1469495.6185302734,33,568,600084,33020501411,SIR MCTM HSS,4,5,1,2,Up. Pr. Secondary and Higher Sec,Boys,33,603, ,Purasawalkam,7167,,TAMIL NADU,Chennai, ,Government Aided,Urban
92730,8934025.215881348,1469754.3657226562,33,568,600010,33020501429,RESERVE BANK STAFF QUARTERS NURSERY & PRIMARY SCHOOL,5,1,3,2,Primary,Co-education,33,603, ,Purasawalkam,7167,,TAMIL NADU,Chennai, ,Pvt. Unaided (Recognized),Urban
92735,8933982.358,1469760.4229125977,33,568,600084,33020501401,C.M.S VELLALA STREET,3,2,3,2,Primary with Upper Primary,Co-education,33,603, ,Purasawalkam,7167,,TAMIL NADU,Chennai, ,Local Body,Urban
92761,8933953.303527832,1469816.4240722656,33,568,600007,33020501408,CSI MS TANA ST,4,2,3,2,Primary with Upper Primary,Co-education,33,603, ,Purasawalkam,7167,,TAMIL NADU,Chennai, ,Government Aided,Urban
92763,8933989.370910645,1469823.9672851562,33,568,600084,33020501412,LADY M.CT.M GIRLS HSS,4,5,2,2,Up. Pr. Secondary and Higher Sec,Girls,33,603, ,Purasawalkam,7167,,TAMIL NADU,Chennai, ,Government Aided,Urban
92775,8933713.966,1469861.911071777,33,568,600007,33020401301,CMS SUNDARAM,3,2,3,2,Primary with Upper Primary,Co-education,33,603, ,Purasawalkam,7167,,TAMIL NADU,Chennai, ,Local Body,Urban
92782,8934060.392700195,1469887.2830810547,33,568,600007,33020700310,TULSI ADARSH VIDYA MANDIR NURSERY AND PRIMARY SCHOOL,5,1,3,2,Primary,Co-education,33,603, ,Purasawalkam,7167,,TAMIL NADU,Chennai, ,Pvt. Unaided (Recognized),Urban
92833,8933842.206481934,1469998.1433105469,33,568,600007,33020700602,CMS 88 TANA ST,3,2,3,2,Primary with Upper Primary,Co-education,33,603, ,Purasawalkam,7167,,TAMIL NADU,Chennai, ,Local Body,Urban
92850,8933907.885,1470023.2869262695,33,568,600007,33020700509,SATYA MAT HR.SEC.SCHOOL,5,5,3,2,Up. Pr. Secondary and Higher Sec,Co-education,33,603, ,Purasawalkam,7167,,TAMIL NADU,Chennai, ,Pvt. Unaided (Recognized),Urban
92856,8933935.381,1470037.801696777,33,568,600007,33020501431,SATHYA N & P SCHOOL,5,1,3,2,Primary,Co-education,33,603, ,Purasawalkam,7167,,TAMIL NADU,Chennai, ,Pvt. Unaided (Recognized),Urban
92934,8933786.547,1470199.2929077148,33,568,600007,33020700303,CMS VENKATAMMAL SAMATHI,3,2,3,2,Primary with Upper Primary,Co-education,33,603, ,Purasawalkam,7167,,TAMIL NADU,Chennai, ,Local Body,Urban
92951,8933931.262084961,1470223.293884277,33,568,600012,33020502103,MALAYALA VIDYALAYAM HS,4,7,3,2,Upper Pr. and Secondary,Co-education,33,603, ,Purasawalkam,7167,,TAMIL NADU,Chennai, ,Government Aided,Urban
92956,8933915.344,1470235.180114746,33,568,600012,33020502102,MALAYALA VIDYALAYAM PRIMARY SCHOOL,4,1,3,2,Primary,Co-education,33,603, ,Purasawalkam,7167,,TAMIL NADU,Chennai, ,Government Aided,Urban
92968,8933999.167114258,1470258.7238769531,33,568,600007,33020700601,CMS V.V .ROAD,3,2,3,2,Primary with Upper Primary,Co-education,33,603, ,Purasawalkam,7167,,TAMIL NADU,Chennai, ,Local Body,Urban
93054,8933898.979492188,1470478.1619262695,33,568,600012,33020700402,MINERVA MATRICULATION SCHOOL,5,6,3,2,Pr. Up Pr. and Secondary Only,Co-education,33,603, ,Purasawalkam,7167,,TAMIL NADU,Chennai, ,Pvt. Unaided (Recognized),Urban
93089,8933737.566,1470560.4517211914,33,568,600012,33020700306,SRI VATSA NURSERY AND PRIMARY SCHOOL,5,1,3,2,Primary,Co-education,33,603, ,Purasawalkam,7167,,TAMIL NADU,Chennai, ,Pvt. Unaided (Recognized),Urban
93090,8933921.243286133,1470561.5947265625,33,568,600012,33020700603,KALAIVANI NURSERY AND PRIMARY  SCHOOL,5,1,3,2,Primary,Co-education,33,603, ,Purasawalkam,7167,,TAMIL NADU,Chennai, ,Pvt. Unaided (Recognized),Urban
93129,8933738.679504395,1470657.5996704102,33,568,600012,33020700305,CHS PADAVATTAMMAN KOIL ST,3,7,3,2,Upper Pr. and Secondary,Co-education,33,603, ,Purasawalkam,7167,,TAMIL NADU,Chennai, ,Local Body,Urban
93133,8934077.090698242,1470677.029296875,33,568,600012,33020700404,SATYA AMMAIYAR MEM.ORPANAGE-II,90,1,3,2,Primary,Co-education,33,603, ,Purasawalkam,7167,,TAMIL NADU,Chennai, ,Social Welfare Dept.,Urban
93138,8933705.283691406,1470694.1729125977,33,568,600012,33020700301,CPS CHELLAPA STREET,3,1,3,2,Primary,Co-education,33,603, ,Purasawalkam,7167,,TAMIL NADU,Chennai, ,Local Body,Urban
93139,8933965.771,1470694.1729125977,33,568,600012,33020700302,CUGPS DADASHA MACKAN,3,1,3,2,Primary,Co-education,33,603, ,Purasawalkam,7167,,TAMIL NADU,Chennai, ,Local Body,Urban
93224,8934009.185913086,1470848.4675292969,33,568,600012,33020300802,CPS STRAHANS ROAD (TAMIL),3,1,3,2,Primary,Co-education,33,603, ,Purasawalkam,7167,,TAMIL NADU,Chennai, ,Local Body,Urban
93329,8934072.637878418,1471038.1939086914,33,568,600012,33020700512,ANANDHA BHAVANI NURSERY AND PRIMARY SCHOOL,5,1,3,2,Primary,Co-education,33,603, ,Purasawalkam,7167,,TAMIL NADU,Chennai, ,Pvt. Unaided (Recognized),Urban
93354,8934181.730895996,1471064.7100830078,33,568,600012,33020300801,CPS VOC  PLAY GROUND,3,1,3,2,Primary,Co-education,33,603, ,Perambur,7166,,TAMIL NADU,Chennai, ,Local Body,Urban
93909,8933705.840270996,1472192.580871582,33,568,600039,33020300508,VEERA SAVARKAR NETHAJI MAT HSS,5,3,3,2,Pr. with Up.Pr. Sec. and H.Sec.,Co-education,33,603, ,Perambur,7166,,TAMIL NADU,Chennai, ,Pvt. Unaided (Recognized),Urban
93999,8934143.214477539,1472391.6889038086,33,568,600039,33020300211,SARASWATHI VIDYALAYA NURSERY & PRIMARY SCHOOL,5,1,3,2,Primary,Co-education,33,603, ,Perambur,7166,,TAMIL NADU,Chennai, ,Pvt. Unaided (Recognized),Urban
94001,8933755.377319336,1472393.7462768557,33,568,600039,33020301626,DEVI ANNAI NANJIL GANESH NURSERY & PRIMARY SCHOOL,5,1,3,2,Primary,Co-education,33,603, ,Perambur,7166,,TAMIL NADU,Chennai, ,Pvt. Unaided (Recognized),Urban
94011,8933932.375305176,1472410.8911132812,33,568,600039,33020301907,P.K NURSERY & PRIMARY SCHOOL,5,1,3,2,Primary,Co-education,33,603, ,Perambur,7166,,TAMIL NADU,Chennai, ,Pvt. Unaided (Recognized),Urban
94043,8934132.750488281,1472450.895690918,33,568,600039,33020301908,VALLAMAI NURSERY & PRIMARY,8,1,3,2,Primary,Co-education,33,603, ,Perambur,7166,,TAMIL NADU,Chennai, ,Unrecognized,Urban
94293,8934078.537902832,1472963.7604980469,33,568,600039,33020300506,SRI GANESH VIDHYALAYA NURSERY & PRIMARY SCHOOL,5,1,3,2,Primary,Co-education,33,603, ,Perambur,7166,,TAMIL NADU,Chennai, ,Pvt. Unaided (Recognized),Urban
94337,8933970.223876953,1473046.4005126953,33,568,600039,33020300514,JEGA JOTHI VIDHYALAYA NURSERY & PRIMARY SCHOOL,5,1,3,2,Primary,Co-education,33,603, ,Perambur,7166,,TAMIL NADU,Chennai, ,Pvt. Unaided (Recognized),Urban
94354,8933990.261,1473090.978088379,33,568,600039,33020400102,ARYA SAMAJ HIGH SCHOOL,5,7,3,2,Upper Pr. and Secondary,Co-education,33,603, ,Perambur,7166,,TAMIL NADU,Chennai, ,Pvt. Unaided (Recognized),Urban
97166,8938985.167114258,1480045.9570922852,33,589,600019,33011007102,"VENUS HIGH SCHOOL , THIRUVOTRIYUR",5,7,3,1,Upper Pr. and Secondary,Co-education,33,603, ,Tiruvottiyur,5982,803333,TAMIL NADU,Chennai,Tiruvottiyur (M),Pvt. Unaided (Recognized),Rural
97169,8939019.453491211,1480056.246887207,33,589,600019,33011006003,"B.V.VICTORY NUR & PRI, THIRUVOTRIYUR",5,1,3,1,Primary,Co-education,33,603, ,Tiruvottiyur,5982,803333,TAMIL NADU,Chennai,Tiruvottiyur (M),Pvt. Unaided (Recognized),Rural
97195,8939899.545288086,1480135.1347045898,33,589,600019,33011005901,"WIMCO PS, WIMCO NAGAR",4,1,3,1,Primary,Co-education,33,603, ,Tiruvottiyur,5982,803333,TAMIL NADU,Chennai,Tiruvottiyur (M),Government Aided,Rural
97207,8939111.069519043,1480176.293701172,33,589,600019,33011007709,"SMT MOHINI S.VIV VID, JOTHI NAGAR",5,3,3,1,Pr. with Up.Pr. Sec. and H.Sec.,Co-education,33,603, ,Tiruvottiyur,5982,803333,TAMIL NADU,Chennai,Tiruvottiyur (M),Pvt. Unaided (Recognized),Rural
97255,8939205.356872559,1480316.920715332,33,589,600019,33011007701,"MUNICIPAL MIDDLE SCHOOL,RAMANATHAPURAM",3,2,3,1,Primary with Upper Primary,Co-education,33,603, ,Tiruvottiyur,5982,803333,TAMIL NADU,Chennai,Tiruvottiyur (M),Local Body,Rural
97286,8939076.338,1480424.3920898438,33,589,600019,33011006106,"ST.ANTONY'S MATRIC HSS, THIRUVOTRIYUR",5,3,3,1,Pr. with Up.Pr. Sec. and H.Sec.,Co-education,33,603, ,Tiruvottiyur,5982,803333,TAMIL NADU,Chennai,Tiruvottiyur (M),Pvt. Unaided (Recognized),Rural
97404,8938082.366088867,1480768.5324707031,33,589,600103,33011001001,"PUMS, SADAYANKUPPAM",1,2,3,1,Primary with Upper Primary,Co-education,33,603, ,Tiruvottiyur,5982,629182,TAMIL NADU,Chennai,Sadayankuppam,Department of Education,Rural
97440,8939973.461486816,1480880.5791015625,33,589,600057,33011007704,"CARMEL NURSERY & PRIMARY SCHOOL, ERNAVOOR",5,1,3,1,Primary,Co-education,33,603, ,Tiruvottiyur,5982,803333,TAMIL NADU,Chennai,Tiruvottiyur (M),Pvt. Unaided (Recognized),Rural
97475,8939517.274291992,1480989.196105957,33,589,600057,33011008002,NAVA JYOTHI  VIDYALAYA MATRIC.HR.SEC.SCHOOL.,5,3,3,1,Pr. with Up.Pr. Sec. and H.Sec.,Co-education,33,603, ,Tiruvottiyur,5982,803333,TAMIL NADU,Chennai,Tiruvottiyur (M),Pvt. Unaided (Recognized),Rural
97548,8939765.405273438,1481197.284729004,33,589,600057,33011007707,"MADHAN VID N&P, ERNAVUR",5,1,3,1,Primary,Co-education,33,603, ,Tiruvottiyur,5982,803333,TAMIL NADU,Chennai,Tiruvottiyur (M),Pvt. Unaided (Recognized),Rural
97569,8939839.878112793,1481221.2951049805,33,589,602001,33011007211,"LITTLE FLOWER N & P, THIRUVOTRIYUR WARD 47",5,1,3,1,Primary,Co-education,33,603, ,Tiruvottiyur,5982,803333,TAMIL NADU,Chennai,Tiruvottiyur (M),Pvt. Unaided (Recognized),Rural
97671,8939933.163879395,1481566.5885009766,33,589,600057,33011007705,"VENKATESWARA MATRIC, ERNAVUR",5,6,3,1,Pr. Up Pr. and Secondary Only,Co-education,33,603, ,Tiruvottiyur,5982,803333,TAMIL NADU,Chennai,Tiruvottiyur (M),Pvt. Unaided (Recognized),Rural
97337,8931708.434509277,1480590.1735229492,33,589,600060,33011001701,"PUMS, KOSAPUR",1,2,3,1,Primary with Upper Primary,Co-education,33,603,05701,Mathavaram,5701,629184,TAMIL NADU,Chennai,Kosapur,Department of Education,Rural
97718,8931888.549499512,1481831.8499145508,33,589,300060,33011001502,VIVEKANANDHA VIDYALAYA,5,1,3,1,Primary,Co-education,33,603, ,Tiruvottiyur,5982,629180,TAMIL NADU,Chennai,Ariyalur,Pvt. Unaided (Recognized),Rural
97813,8931547.912,1481988.4926757812,33,589,600060,33011001501,"PANCHAYAT UNION PRIMARY SCHOOL , THEEYAMBAKKAM",1,1,3,1,Primary,Co-education,33,603, ,Tiruvottiyur,5982,629180,TAMIL NADU,Chennai,Ariyalur,Department of Education,Rural
97767,8933991.041,1481849.0006713867,33,589,600103,33011000401,"PUPS, KANNIAMAN PETTAI",1,1,3,1,Primary,Co-education,33,603, ,Tiruvottiyur,5982,629181,TAMIL NADU,Chennai,Kadapakkam,Department of Education,Rural
97702,8933549.436279297,1481656.9143066406,33,589,600103,33011001601,PANCHAT UNION PRIMARY SCHOOLO ARIYALUR,1,1,3,1,Primary,Co-education,33,603, ,Tiruvottiyur,5982,629180,TAMIL NADU,Chennai,Ariyalur,Department of Education,Rural
98843,8936054.681518555,1484690.4309082031,33,589,600103,33010602201,"PUPS,PUDU NAPALAYAM",1,1,3,1,Primary,Co-education,33,603, ,Tiruvottiyur,5982,628773,TAMIL NADU,Chennai,Edayanchavadi (CT),Department of Education,Rural
99014,8936021.619506836,1485219.8723144531,33,589,600103,33010602101,"PUPS,OLD NAPALAYAM",1,1,3,1,Primary,Co-education,33,603, ,Tiruvottiyur,5982,628773,TAMIL NADU,Chennai,Edayanchavadi (CT),Department of Education,Rural
99066,8935921.654724121,1485416.5571289062,33,589,600103,33010602102,GHS - PAZAYANAPPALAYAM,1,7,3,1,Upper Pr. and Secondary,Co-education,33,603, ,Tiruvottiyur,5982,628773,TAMIL NADU,Chennai,Edayanchavadi (CT),Department of Education,Rural
97708,8939983.035,1481690.0720825195,33,589,600057,33011007702,"MUN.PS, ERNAVOOR",3,1,3,1,Primary,Co-education,33,603, ,Tiruvottiyur,5982,803333,TAMIL NADU,Chennai,Tiruvottiyur (M),Local Body,Rural
97710,8939977.024,1481698.0755004885,33,589,600057,33011007710,"MHS, ERNAVUR",3,7,3,1,Upper Pr. and Secondary,Co-education,33,603, ,Tiruvottiyur,5982,803333,TAMIL NADU,Chennai,Tiruvottiyur (M),Local Body,Rural
97737,8934830.278503418,1481772.3947143557,33,589,600103,33011000301,"PUMS, ANDARKUPPAM",1,2,3,1,Primary with Upper Primary,Co-education,33,603, ,Tiruvottiyur,5982,629181,TAMIL NADU,Chennai,Kadapakkam,Department of Education,Rural
97764,8935796.977,1481831.8499145508,33,589,600103,33011003001,"PUPS, MANALI SECTOR",1,1,3,1,Primary,Co-education,33,603, ,Tiruvottiyur,5982,629181,TAMIL NADU,Chennai,Kadapakkam,Department of Education,Rural
97853,8935943.695922852,1482076.5330810547,33,589,600103,33010602302,"GOVT HS,MANALI NEW TOWN PHASE 1",1,7,3,1,Upper Pr. and Secondary,Co-education,33,603, ,Tiruvottiyur,5982,629181,TAMIL NADU,Chennai,Kadapakkam,Department of Education,Rural
97973,8930373.491271973,1482369.2409057615,33,589,600052,33011002005,"PONMARI N & P, VADAKARAI",5,3,3,1,Pr. with Up.Pr. Sec. and H.Sec.,Co-education,33,603, ,Tiruvottiyur,5982,629180,TAMIL NADU,Chennai,Ariyalur,Pvt. Unaided (Recognized),Rural
98088,8936484.820129395,1482655.0913085938,33,589,600103,33010602307,"G.R.T.M VIVEK VIDHAYALAYA, MALALI NEWTOWN",5,3,3,1,Pr. with Up.Pr. Sec. and H.Sec.,Co-education,33,603, ,Tiruvottiyur,5982,629182,TAMIL NADU,Chennai,Sadayankuppam,Pvt. Unaided (Recognized),Rural
98185,8935324.982299805,1482927.2236938477,33,589,600103,33011000501,"PUPS, KULAKKARAI",1,1,3,1,Primary,Co-education,33,603, ,Tiruvottiyur,5982,629181,TAMIL NADU,Chennai,Kadapakkam,Department of Education,Rural
98304,8936634.322,1483213.079711914,33,589,600103,33010602308,"VIJAY NEW SCHOOL, MANALI NEW TOWN",5,1,3,1,Primary,Co-education,33,603, ,Tiruvottiyur,5982,628773,TAMIL NADU,Chennai,Edayanchavadi (CT),Pvt. Unaided (Recognized),Rural
98360,8936131.491882324,1483384.594909668,33,589,600103,33010602301,"PUPS,MANALI NEW TOWN",1,1,3,1,Primary,Co-education,33,603, ,Tiruvottiyur,5982,628773,TAMIL NADU,Chennai,Edayanchavadi (CT),Department of Education,Rural
98361,8936131.491882324,1483384.594909668,33,589,600103,33010602309,"GHS, MANALI NEW TOWN",1,7,3,1,Upper Pr. and Secondary,Co-education,33,603, ,Tiruvottiyur,5982,628773,TAMIL NADU,Chennai,Edayanchavadi (CT),Department of Education,Rural
98446,8935967.740905762,1483633.8652954102,33,589,600103,33010602306,"BALA VID MAT SCH,MANALI NEW TOWN",5,3,3,1,Pr. with Up.Pr. Sec. and H.Sec.,Co-education,33,603, ,Tiruvottiyur,5982,628773,TAMIL NADU,Chennai,Edayanchavadi (CT),Pvt. Unaided (Recognized),Rural
98457,8935903.955,1483667.0253295898,33,589,600103,33010602303,"GOVT HSS,MANALI NEW TOWN",1,5,3,1,Up. Pr. Secondary and Higher Sec,Co-education,33,603, ,Tiruvottiyur,5982,628773,TAMIL NADU,Chennai,Edayanchavadi (CT),Department of Education,Rural
97186,8940005.966918945,1480098.5490722656,33,589,600019,33011005905,"HOLY TRINITY N&P, WIMCO NAGAR",5,3,3,1,Pr. with Up.Pr. Sec. and H.Sec.,Co-education,33,603, ,Tiruvottiyur,5982,803333,TAMIL NADU,Chennai,Tiruvottiyur (M),Pvt. Unaided (Recognized),Rural
97296,8940319.887695312,1480456.405090332,33,589,600057,33011005001,"MUN PS, SATHYAVANI MUTHU NAGAR",3,1,3,1,Primary,Co-education,33,603, ,Tiruvottiyur,5982,803333,TAMIL NADU,Chennai,Tiruvottiyur (M),Local Body,Rural
97441,8940797.003112793,1480893.1557006836,33,589,600057,33011008001,"SAGAYA MATHA MATRIC, R.K.NAGAR",5,3,3,1,Pr. with Up.Pr. Sec. and H.Sec.,Co-education,33,603, ,Tiruvottiyur,5982,803333,TAMIL NADU,Chennai,Tiruvottiyur (M),Pvt. Unaided (Recognized),Rural
97528,8940456.031,1481132.1138916016,33,589,600057,33011005803,"MUNICIPAL MIDDLE SCHOOL,  ALL INDIA RADIO NAGAR, ENNORE",3,2,3,1,Primary with Upper Primary,Co-education,33,603, ,Tiruvottiyur,5982,803333,TAMIL NADU,Chennai,Tiruvottiyur (M),Local Body,Rural
97535,8940369.981506348,1481165.2708740234,33,589,600057,33011008004,"JMJ N&P,R.K.NAGAR",5,12,3,1,Pre-Primary Only,Co-education,33,603, ,Tiruvottiyur,5982,803333,TAMIL NADU,Chennai,Tiruvottiyur (M),Pvt. Unaided (Recognized),Rural
97543,8940609.986328125,1481184.7078857422,33,589,600057,33011007708,"MPS ALL INDIA RADIO NAGAR PS,KASI KOIL",3,1,3,1,Primary,Co-education,33,603, ,Tiruvottiyur,5982,803333,TAMIL NADU,Chennai,Tiruvottiyur (M),Local Body,Rural
97649,8940844.647705078,1481521.9973144531,33,589,600057,33011005801,"MUN PS, KASI KOIL KUPPAM",3,1,3,1,Primary,Co-education,33,603, ,Tiruvottiyur,5982,803333,TAMIL NADU,Chennai,Tiruvottiyur (M),Local Body,Rural
97692,8940044.372070312,1481632.903503418,33,589,600057,33011007706,"ST ANTONYS N&P, ERNAVUR",5,1,3,1,Primary,Co-education,33,603, ,Tiruvottiyur,5982,803333,TAMIL NADU,Chennai,Tiruvottiyur (M),Pvt. Unaided (Recognized),Rural
98532,8941572.565917969,1483878.564086914,33,589,600057,33011005501,"MU PS, PERIA KUPPAM",3,1,3,1,Primary,Co-education,33,603, ,Tiruvottiyur,5982,803332,TAMIL NADU,Chennai,Kattivakkam (M),Local Body,Rural
98536,8940629.355895996,1483892.2857055664,33,589,600057,33011004804,"SR PARTHASARATHY N & P, WARD 6 KATHIVAKKAM",5,2,3,1,Primary with Upper Primary,Co-education,33,603, ,Tiruvottiyur,5982,803332,TAMIL NADU,Chennai,Kattivakkam (M),Pvt. Unaided (Recognized),Rural
98673,8941007.842,1484293.6422729492,33,589,600057,33011004701,"MUN MIDDLE SCHOOL, NEHRU NAGAR",3,2,3,1,Primary with Upper Primary,Co-education,33,603, ,Tiruvottiyur,5982,803332,TAMIL NADU,Chennai,Kattivakkam (M),Local Body,Rural
98727,8941220.462524414,1484444.5814819336,33,589,600057,33011004703,AM ANNAMALAI VID NUR&PRI,5,1,3,1,Primary,Co-education,33,603, ,Tiruvottiyur,5982,803332,TAMIL NADU,Chennai,Kattivakkam (M),Pvt. Unaided (Recognized),Rural
98750,8941232.596313477,1484498.3250732422,33,589,600057,33011004801,"MUN. MIDDLE SCHOOL, KATHIVAKKAM",3,2,3,1,Primary with Upper Primary,Co-education,33,603, ,Tiruvottiyur,5982,803332,TAMIL NADU,Chennai,Kattivakkam (M),Local Body,Rural
98908,8941111.926,1484907.6951293943,33,589,600057,33011004702,"ST. JOSEPH MAT. HSS, ENNORE",5,3,3,1,Pr. with Up.Pr. Sec. and H.Sec.,Co-education,33,603, ,Tiruvottiyur,5982,803332,TAMIL NADU,Chennai,Kattivakkam (M),Pvt. Unaided (Recognized),Rural
98912,8941865.893,1484911.1254882812,33,589,600007,33011004803,"KING'S PARK NUR& PRI, KATTHIVAKKAM",5,1,3,1,Primary,Co-education,33,603, ,Tiruvottiyur,5982,803332,TAMIL NADU,Chennai,Kattivakkam (M),Pvt. Unaided (Recognized),Rural
98917,8941467.814,1484922.5604858398,33,589,600057,33011004905,KUMARAN CWSN,5,2,3,1,Primary with Upper Primary,Co-education,33,603, ,Tiruvottiyur,5982,803332,TAMIL NADU,Chennai,Kattivakkam (M),Pvt. Unaided (Recognized),Rural
99000,8941223.245483398,1485163.8400878906,33,589,600057,33011004901,"MUN PS, KAMARAJ NAGAR",3,1,3,1,Primary,Co-education,33,603, ,Tiruvottiyur,5982,803332,TAMIL NADU,Chennai,Kattivakkam (M),Local Body,Rural
99001,8941722.179321289,1485171.8447265625,33,589,600057,33011004707,SRI SS MISSION NUR & PRI,5,1,3,1,Primary,Co-education,33,603, ,Tiruvottiyur,5982,803332,TAMIL NADU,Chennai,Kattivakkam (M),Pvt. Unaided (Recognized),Rural
99004,8941204.432495117,1485192.4279174805,33,589,600057,33011005002,"ST.MARY'S NUR & PRI SCHOOL, KATHIVAKKAM",5,1,3,1,Primary,Co-education,33,603, ,Tiruvottiyur,5982,803332,TAMIL NADU,Chennai,Kattivakkam (M),Pvt. Unaided (Recognized),Rural
99011,8941393.008,1485206.1500854492,33,589,600057,33011004902,CHILD PARK N & P,5,1,3,1,Primary,Co-education,33,603, ,Tiruvottiyur,5982,803332,TAMIL NADU,Chennai,Kattivakkam (M),Pvt. Unaided (Recognized),Rural
99058,8941164.691,1485361.6680908203,33,589,600057,33011005102,VOC MATRIC HIGHER SECONDARY SCHOOL ENNORE,5,3,3,1,Pr. with Up.Pr. Sec. and H.Sec.,Co-education,33,603, ,Tiruvottiyur,5982,803332,TAMIL NADU,Chennai,Kattivakkam (M),Pvt. Unaided (Recognized),Rural
99088,8941377.311523438,1485498.8906860352,33,589,600057,33011005101,"GOVT HSS, KATHIVAKKAM",1,5,3,1,Up. Pr. Secondary and Higher Sec,Co-education,33,603, ,Tiruvottiyur,5982,803332,TAMIL NADU,Chennai,Kattivakkam (M),Department of Education,Rural
99163,8941946.377,1485707.012878418,33,589,600057,33011005401,"MUN PS, THALANKUPPAM",3,1,3,1,Primary,Co-education,33,603, ,Tiruvottiyur,5982,803332,TAMIL NADU,Chennai,Kattivakkam (M),Local Body,Rural
99247,8941822.255493164,1485991.754,33,589,600057,33011005202,"MUN PS, MUGATHUVARA KUPPAM",3,1,3,1,Primary,Co-education,33,603, ,Tiruvottiyur,5982,803332,TAMIL NADU,Chennai,Kattivakkam (M),Local Body,Rural
99250,8942117.697509766,1486014.6246948242,33,589,600057,33011005301,KATHIVAKKAMMUNICIPAL MIDDLESCHOOL NETTUKUPPAM,3,2,3,1,Primary with Upper Primary,Co-education,33,603, ,Tiruvottiyur,5982,803332,TAMIL NADU,Chennai,Kattivakkam (M),Local Body,Rural
99263,8941898.287,1486038.6392822266,33,589,600057,33011005201,"MUN PS, ENNORE KUPPAM",3,1,3,1,Primary,Co-education,33,603, ,Tiruvottiyur,5982,803332,TAMIL NADU,Chennai,Kattivakkam (M),Local Body,Rural
97890,8940696.147705078,1482168.004,33,589,600057,33011005701,"MUN. PRIMARY SCHOOL, A.S.NAGAR",3,1,3,1,Primary,Co-education,33,603, ,Tiruvottiyur,5982,803333,TAMIL NADU,Chennai,Tiruvottiyur (M),Local Body,Rural
97898,8940642.714294434,1482193.1585083008,33,589,600057,33011005703,"GOVT HIGH SCHOOL, A.S.NAGAR",1,7,3,1,Upper Pr. and Secondary,Co-education,33,603, ,Tiruvottiyur,5982,803333,TAMIL NADU,Chennai,Tiruvottiyur (M),Department of Education,Rural
97963,8940698.374084473,1482354.3767089844,33,589,600057,33011005702,"SAGAYA MATHA PRIMARY SCHOOL, A.S.NAGAR",4,1,3,1,Primary,Co-education,33,603, ,Tiruvottiyur,5982,803333,TAMIL NADU,Chennai,Tiruvottiyur (M),Government Aided,Rural
97964,8940681.230895996,1482361.237121582,33,589,600057,33011005706,"SAKAYA MATHA HS, A.S.NAGAR",4,7,3,1,Upper Pr. and Secondary,Co-education,33,603, ,Tiruvottiyur,5982,803333,TAMIL NADU,Chennai,Tiruvottiyur (M),Government Aided,Rural
97980,8940644.940673828,1482388.678527832,33,589,600057,33011005707,VIVEKANANDA VIDYALAYA ANNAISIVAGAMI NAGAR,5,1,3,1,Primary,Co-education,33,603, ,Tiruvottiyur,5982,803333,TAMIL NADU,Chennai,Tiruvottiyur (M),Pvt. Unaided (Recognized),Rural
98237,8940625.682312012,1483017.5537109375,33,589,600057,33011005601,"MUN. ETPS PRI. SCHOOL, ENNORE",3,1,3,1,Primary,Co-education,33,603, ,Tiruvottiyur,5982,803333,TAMIL NADU,Chennai,Tiruvottiyur (M),Local Body,Rural
98267,8941063.057,1483114.7448730469,33,589,600057,33011008003,S.S.S.M ETPS MATRIC SCHOOL,5,6,3,1,Pr. Up Pr. and Secondary Only,Co-education,33,603, ,Tiruvottiyur,5982,803333,TAMIL NADU,Chennai,Tiruvottiyur (M),Pvt. Unaided (Recognized),Rural
98448,8940746.352722168,1483644.1563110352,33,589,600057,33011004904,V.O.C N & P,5,1,3,1,Primary,Co-education,33,603, ,Tiruvottiyur,5982,803332,TAMIL NADU,Chennai,Kattivakkam (M),Pvt. Unaided (Recognized),Rural
